final_node_in_dim,reservoir_units_max,reservoir_units_mean,spectral_radius_max,spectral_radius_mean,leak_rate_max,leak_rate_mean,nvar_order_max,nvar_outputs_max,num_reservoirs,num_nonnvar_reservoirs,has_nvar,has_rls,has_lms,has_ip,two_stage_readout,sr_subcritical,sr_bin,sr_supercritical,high_order_nvar,nrmse,r2,dataset
1985,1978,1978.0,0.979907181060571,0.979907181060571,0.811455372442291,0.811455372442291,2,0,2,1,1,1,1,0,1,1,near,0,0,0.9863721659914136,0.9994324513948271,laser
1985,1978,1978.0,0.979907181060571,0.979907181060571,0.811455372442291,0.811455372442291,2,0,2,1,1,0,1,0,1,1,near,0,0,1.0433912184885954,0.9993649384808067,laser
2174,2167,2167.0,0.8218650394364531,0.8218650394364531,0.9466257301998213,0.9466257301998213,2,0,2,1,1,1,1,0,1,1,near,0,0,1.0445674525457376,0.9993635058407447,laser
2174,2167,2167.0,0.8218650394364531,0.8218650394364531,0.9466257301998213,0.9466257301998213,2,0,2,1,1,1,1,0,1,1,near,0,0,1.0526931780528286,0.999353564705199,laser
1984,1976,1976.0,0.907967751433864,0.907967751433864,0.8247759033828834,0.8247759033828834,3,0,2,1,1,1,1,0,1,1,near,0,0,1.0539296589704523,0.9993520452228841,laser
1613,1589,1589.0,0.7126840420301267,0.7126840420301267,0.6594708408294996,0.6594708408294996,3,0,2,1,1,0,0,1,0,1,near,0,0,1.0617240223644848,0.9993424258519623,laser
1985,1978,1978.0,0.979907181060571,0.979907181060571,0.811455372442291,0.811455372442291,2,0,2,1,1,1,1,0,1,1,near,0,0,1.0684720957169287,0.999334040509055,laser
1613,1589,1589.0,0.7126840420301267,0.7126840420301267,0.6594708408294996,0.6594708408294996,3,0,2,1,1,0,0,1,0,1,near,0,0,1.0709813795665104,0.9993309088528306,laser
1985,1978,1978.0,0.979907181060571,0.979907181060571,0.811455372442291,0.811455372442291,2,0,2,1,1,1,1,0,1,1,near,0,0,1.1044768319755498,0.9992884020895134,laser
1426,1419,1419.0,1.113023034048581,1.113023034048581,0.7977999615615947,0.7977999615615947,2,0,2,1,1,1,1,0,1,0,super,1,0,1.1086462365643055,0.9992830193786916,laser
2174,2167,2167.0,0.8218650394364531,0.8218650394364531,0.9466257301998213,0.9466257301998213,2,0,2,1,1,1,1,0,1,1,near,0,0,1.1102799654271949,0.9992809047005133,laser
1426,1419,1419.0,1.113023034048581,1.113023034048581,0.7977999615615947,0.7977999615615947,2,0,2,1,1,1,1,0,1,0,super,1,0,1.1152069451160531,0.9992745084235655,laser
1985,1978,1978.0,0.979907181060571,0.979907181060571,0.811455372442291,0.811455372442291,2,0,2,1,1,1,1,0,1,1,near,0,0,1.116547972620917,0.999272762578783,laser
2174,2167,2167.0,0.8218650394364531,0.8218650394364531,0.9466257301998213,0.9466257301998213,2,0,2,1,1,1,1,0,1,1,near,0,0,1.1201013461093652,0.9992681263997532,laser
2174,2167,2167.0,0.8218650394364531,0.8218650394364531,0.9466257301998213,0.9466257301998213,2,0,2,1,1,1,1,0,1,1,near,0,0,1.1226398108458633,0.9992648053779171,laser
1985,1978,1978.0,0.979907181060571,0.979907181060571,0.811455372442291,0.811455372442291,2,0,2,1,1,0,1,0,1,1,near,0,0,1.128529343722209,0.9992570712665149,laser
2174,2167,2167.0,0.8218650394364531,0.8218650394364531,0.9466257301998213,0.9466257301998213,2,0,2,1,1,1,1,0,1,1,near,0,0,1.132965815680438,0.9992512185856062,laser
1985,1978,1978.0,0.979907181060571,0.979907181060571,0.811455372442291,0.811455372442291,2,0,2,1,1,1,1,0,1,1,near,0,0,1.1375796825393083,0.999245107523317,laser
1985,1978,1978.0,0.979907181060571,0.979907181060571,0.811455372442291,0.811455372442291,2,0,2,1,1,1,1,0,1,1,near,0,0,1.1397740988113894,0.9992421923058266,laser
2174,2167,2167.0,0.8218650394364531,0.8218650394364531,0.9466257301998213,0.9466257301998213,2,0,2,1,1,0,1,0,1,1,near,0,0,1.150916376378799,0.9992273034327892,laser
2174,2167,2167.0,0.8218650394364531,0.8218650394364531,0.9466257301998213,0.9466257301998213,2,0,2,1,1,1,1,0,1,1,near,0,0,1.1520554609297964,0.999225773169949,laser
2174,2167,2167.0,0.8218650394364531,0.8218650394364531,0.9466257301998213,0.9466257301998213,2,0,2,1,1,1,1,0,1,1,near,0,0,1.152969356569567,0.9992245443347173,laser
1613,1589,1589.0,0.7126840420301267,0.7126840420301267,0.6594708408294996,0.6594708408294996,3,0,2,1,1,0,0,1,0,1,near,0,0,1.1548220572580172,0.9992220501807495,laser
1985,1978,1978.0,0.979907181060571,0.979907181060571,0.811455372442291,0.811455372442291,2,0,2,1,1,1,1,0,1,1,near,0,0,1.1579112799011675,0.9992178824830182,laser
1985,1978,1978.0,0.979907181060571,0.979907181060571,0.811455372442291,0.811455372442291,2,0,2,1,1,1,1,0,1,1,near,0,0,1.1605378572465055,0.9992143301864996,laser
1985,1978,1978.0,0.979907181060571,0.979907181060571,0.811455372442291,0.811455372442291,2,0,2,1,1,0,1,0,1,1,near,0,0,1.1632423327687174,0.9992106641267096,laser
2174,2167,2167.0,0.8218650394364531,0.8218650394364531,0.9466257301998213,0.9466257301998213,2,0,2,1,1,1,1,0,1,1,near,0,0,1.1672649888211089,0.9992051954176893,laser
2174,2167,2167.0,0.8218650394364531,0.8218650394364531,0.9466257301998213,0.9466257301998213,2,0,2,1,1,1,1,0,1,1,near,0,0,1.1721413830280851,0.9991985407569657,laser
1985,1978,1978.0,0.979907181060571,0.979907181060571,0.811455372442291,0.811455372442291,2,0,2,1,1,1,1,0,1,1,near,0,0,1.1737991230420497,0.999196272173001,laser
1985,1978,1978.0,0.979907181060571,0.979907181060571,0.811455372442291,0.811455372442291,2,0,2,1,1,1,1,0,1,1,near,0,0,1.1808108531617985,0.9991866413009081,laser
1985,1978,1978.0,0.979907181060571,0.979907181060571,0.811455372442291,0.811455372442291,2,0,2,1,1,1,1,0,1,1,near,0,0,1.187976329737113,0.999176739992948,laser
2174,2167,2167.0,0.8218650394364531,0.8218650394364531,0.9466257301998213,0.9466257301998213,2,0,2,1,1,1,1,0,1,1,near,0,0,1.1897761342979933,0.9991742435972131,laser
2174,2167,2167.0,0.8218650394364531,0.8218650394364531,0.9466257301998213,0.9466257301998213,2,0,2,1,1,1,1,0,1,1,near,0,0,1.1918676136961728,0.9991713378901192,laser
1613,1589,1589.0,0.7126840420301267,0.7126840420301267,0.6594708408294996,0.6594708408294996,3,0,2,1,1,0,0,1,0,1,near,0,0,1.1926728993528888,0.9991702177403011,laser
1985,1978,1978.0,0.979907181060571,0.979907181060571,0.811455372442291,0.811455372442291,2,0,2,1,1,1,1,0,1,1,near,0,0,1.1946436157092217,0.9991674732887588,laser
2174,2167,2167.0,0.8218650394364531,0.8218650394364531,0.9466257301998213,0.9466257301998213,2,0,2,1,1,1,1,0,1,1,near,0,0,1.1948780443669869,0.999167146518053,laser
1985,1978,1978.0,0.979907181060571,0.979907181060571,0.811455372442291,0.811455372442291,2,0,2,1,1,1,1,0,1,1,near,0,0,1.2011593057539753,0.9991583671775439,laser
1985,1978,1978.0,0.979907181060571,0.979907181060571,0.811455372442291,0.811455372442291,2,0,2,1,1,1,1,0,1,1,near,0,0,1.2036211960087828,0.9991549136289227,laser
2174,2167,2167.0,0.8218650394364531,0.8218650394364531,0.9466257301998213,0.9466257301998213,2,0,2,1,1,1,1,0,1,1,near,0,0,1.204801049371539,0.9991532560198769,laser
1985,1978,1978.0,0.979907181060571,0.979907181060571,0.811455372442291,0.811455372442291,2,0,2,1,1,1,1,0,1,1,near,0,0,1.2054991204392886,0.9991522745155614,laser
1985,1978,1978.0,0.979907181060571,0.979907181060571,0.811455372442291,0.811455372442291,2,0,2,1,1,1,1,0,1,1,near,0,0,1.2068379654896144,0.9991503904771436,laser
1613,1589,1589.0,0.7126840420301267,0.7126840420301267,0.6594708408294996,0.6594708408294996,3,0,2,1,1,0,0,1,0,1,near,0,0,1.2183618802929819,0.9991340874213697,laser
1985,1978,1978.0,0.979907181060571,0.979907181060571,0.811455372442291,0.811455372442291,2,0,2,1,1,1,1,0,1,1,near,0,0,1.222243269342384,0.9991285614816504,laser
1613,1589,1589.0,0.7126840420301267,0.7126840420301267,0.6594708408294996,0.6594708408294996,3,0,2,1,1,0,0,1,0,1,near,0,0,1.2276507489438655,0.9991208335436238,laser
1985,1978,1978.0,0.979907181060571,0.979907181060571,0.811455372442291,0.811455372442291,2,0,2,1,1,1,1,0,1,1,near,0,0,1.228581569566452,0.9991194998475229,laser
938,934,934.0,1.0644727565140062,1.0644727565140062,0.8581598862094666,0.8581598862094666,4,0,2,1,1,1,1,0,1,0,super,1,1,1.2288534694253668,0.9991191100738764,laser
1985,1978,1978.0,0.979907181060571,0.979907181060571,0.811455372442291,0.811455372442291,2,0,2,1,1,1,1,0,1,1,near,0,0,1.229436489484057,0.9991182740127179,laser
1984,1976,1976.0,0.907967751433864,0.907967751433864,0.8247759033828834,0.8247759033828834,3,0,2,1,1,1,1,0,1,1,near,0,0,1.2295629305579854,0.9991180926416352,laser
1985,1978,1978.0,0.979907181060571,0.979907181060571,0.811455372442291,0.811455372442291,2,0,2,1,1,1,1,0,1,1,near,0,0,1.2302725948404818,0.9991170743305756,laser
1613,1589,1589.0,0.7126840420301267,0.7126840420301267,0.6594708408294996,0.6594708408294996,3,0,2,1,1,0,0,1,0,1,near,0,0,1.232657989697309,0.9991136471744146,laser
2064,2040,2040.0,0.7126840420301267,0.7126840420301267,0.6594708408294996,0.6594708408294996,3,0,2,1,1,0,0,1,0,1,near,0,0,1.2333479573294779,0.9991126546429563,laser
1984,1976,1976.0,0.907967751433864,0.907967751433864,0.8247759033828834,0.8247759033828834,3,0,2,1,1,1,1,0,1,1,near,0,0,1.2370575496910738,0.9991073088039084,laser
1985,1978,1978.0,0.979907181060571,0.979907181060571,0.811455372442291,0.811455372442291,2,0,2,1,1,1,1,0,1,1,near,0,0,1.2421316292947442,0.9990999706234529,laser
1426,1419,1419.0,1.113023034048581,1.113023034048581,0.7977999615615947,0.7977999615615947,2,0,2,1,1,1,1,0,1,0,super,1,0,1.2421386080485344,0.9990999605100304,laser
2174,2167,2167.0,0.8218650394364531,0.8218650394364531,0.9466257301998213,0.9466257301998213,2,0,2,1,1,1,1,0,1,1,near,0,0,1.2448348794150805,0.9990960488941676,laser
1613,1589,1589.0,0.7126840420301267,0.7126840420301267,0.6594708408294996,0.6594708408294996,3,0,2,1,1,0,0,1,0,1,near,0,0,1.245281058516195,0.9990954007819094,laser
2174,2167,2167.0,0.8218650394364531,0.8218650394364531,0.9466257301998213,0.9466257301998213,2,0,2,1,1,1,1,0,1,1,near,0,0,1.2482986332598518,0.9990910114064427,laser
2174,2167,2167.0,0.8218650394364531,0.8218650394364531,0.9466257301998213,0.9466257301998213,2,0,2,1,1,1,1,0,1,1,near,0,0,1.2534823370288244,0.9990834463721098,laser
1613,1589,1589.0,0.7126840420301267,0.7126840420301267,0.6594708408294996,0.6594708408294996,3,0,2,1,1,0,0,1,0,1,near,0,0,1.2543548022774886,0.9990821700246726,laser
1985,1978,1978.0,0.979907181060571,0.979907181060571,0.811455372442291,0.811455372442291,2,0,2,1,1,1,1,0,1,1,near,0,0,1.2557223475503798,0.9990801676274863,laser
1613,1589,1589.0,0.7126840420301267,0.7126840420301267,0.6594708408294996,0.6594708408294996,3,0,2,1,1,0,0,1,0,1,near,0,0,1.2560840438010434,0.9990796376570893,laser
1985,1978,1978.0,0.979907181060571,0.979907181060571,0.811455372442291,0.811455372442291,2,0,2,1,1,1,1,0,1,1,near,0,0,1.2579909009731045,0.9990768411377438,laser
1985,1978,1978.0,0.979907181060571,0.979907181060571,0.811455372442291,0.811455372442291,2,0,2,1,1,1,1,0,1,1,near,0,0,1.2594065897313442,0.9990747622022125,laser
1613,1589,1589.0,0.7126840420301267,0.7126840420301267,0.6594708408294996,0.6594708408294996,3,0,2,1,1,0,0,1,0,1,near,0,0,1.259522235223515,0.9990745922737811,laser
1984,1976,1976.0,0.907967751433864,0.907967751433864,0.8247759033828834,0.8247759033828834,3,0,2,1,1,1,1,0,1,1,near,0,0,1.2670953829000113,0.9990634303927495,laser
1613,1589,1589.0,0.7126840420301267,0.7126840420301267,0.6594708408294996,0.6594708408294996,3,0,2,1,1,0,0,1,0,1,near,0,0,1.268116076557814,0.9990619208999386,laser
1985,1978,1978.0,0.979907181060571,0.979907181060571,0.811455372442291,0.811455372442291,2,0,2,1,1,1,1,0,1,1,near,0,0,1.2684350938999358,0.9990614488593277,laser
1613,1589,1589.0,0.7126840420301267,0.7126840420301267,0.6594708408294996,0.6594708408294996,3,0,2,1,1,0,0,1,0,1,near,0,0,1.2694420317229196,0.9990599581440954,laser
2174,2167,2167.0,0.8218650394364531,0.8218650394364531,0.9466257301998213,0.9466257301998213,2,0,2,1,1,1,1,0,1,1,near,0,0,1.2710406555357028,0.9990575890409955,laser
2170,2167,2167.0,0.8218650394364531,0.8218650394364531,0.9466257301998213,0.9466257301998213,0,0,1,1,0,1,1,0,1,1,near,0,0,1.2856069055476966,0.9990358650273403,laser
939,935,935.0,1.2088149018025391,1.2088149018025391,0.7555029191893278,0.7555029191893278,3,0,2,1,1,1,1,0,1,0,super,1,0,1.2857333642720434,0.9990356753437368,laser
2174,2167,2167.0,0.8218650394364531,0.8218650394364531,0.9466257301998213,0.9466257301998213,2,0,2,1,1,1,1,0,1,1,near,0,0,1.2860379189328146,0.9990352184459691,laser
2174,2167,2167.0,0.8218650394364531,0.8218650394364531,0.9466257301998213,0.9466257301998213,2,0,2,1,1,1,1,0,1,1,near,0,0,1.2860711972454757,0.9990351685147546,laser
1985,1978,1978.0,0.979907181060571,0.979907181060571,0.811455372442291,0.811455372442291,2,0,2,1,1,1,1,0,1,1,near,0,0,1.28775654603947,0.9990326381057992,laser
2174,2167,2167.0,0.8218650394364531,0.8218650394364531,0.9466257301998213,0.9466257301998213,2,0,2,1,1,1,1,0,1,1,near,0,0,1.2887461084760508,0.9990311508172338,laser
2174,2167,2167.0,0.8218650394364531,0.8218650394364531,0.9466257301998213,0.9466257301998213,2,0,2,1,1,1,1,0,1,1,near,0,0,1.289819820730218,0.9990295357612053,laser
1985,1978,1978.0,0.979907181060571,0.979907181060571,0.811455372442291,0.811455372442291,2,0,2,1,1,1,1,0,1,1,near,0,0,1.2907780837109706,0.999028093225755,laser
2174,2167,2167.0,0.8218650394364531,0.8218650394364531,0.9466257301998213,0.9466257301998213,2,0,2,1,1,1,1,0,1,1,near,0,0,1.2911904970086017,0.9990274720635018,laser
2174,2167,2167.0,0.8218650394364531,0.8218650394364531,0.9466257301998213,0.9466257301998213,2,0,2,1,1,0,1,0,1,1,near,0,0,1.2915544078783252,0.9990269237890811,laser
2174,2167,2167.0,0.8218650394364531,0.8218650394364531,0.9466257301998213,0.9466257301998213,2,0,2,1,1,0,1,0,1,1,near,0,0,1.2926365819143688,0.9990252924540535,laser
1985,1978,1978.0,0.979907181060571,0.979907181060571,0.811455372442291,0.811455372442291,2,0,2,1,1,1,1,0,1,1,near,0,0,1.295793780713614,0.9990205252926311,laser
1426,1419,1419.0,1.113023034048581,1.113023034048581,0.7977999615615947,0.7977999615615947,2,0,2,1,1,1,1,0,1,0,super,1,0,1.2992319665920002,0.9990153206313983,laser
2181,2165,2165.0,0.7695058241584252,0.7695058241584252,0.6345676817049006,0.6345676817049006,3,0,3,1,1,1,0,0,1,1,near,0,0,1.3004517001559677,0.9990134709074313,laser
1985,1978,1978.0,0.979907181060571,0.979907181060571,0.811455372442291,0.811455372442291,2,0,2,1,1,1,1,0,1,1,near,0,0,1.3029264392247275,0.999009712636267,laser
1613,1589,1589.0,0.7126840420301267,0.7126840420301267,0.6594708408294996,0.6594708408294996,3,0,2,1,1,0,0,1,0,1,near,0,0,1.3089718051930128,0.9990005017738804,laser
1985,1978,1978.0,0.979907181060571,0.979907181060571,0.811455372442291,0.811455372442291,2,0,2,1,1,1,1,0,1,1,near,0,0,1.31016252520171,0.9989986825386066,laser
1985,1978,1978.0,0.979907181060571,0.979907181060571,0.811455372442291,0.811455372442291,2,0,2,1,1,1,1,0,1,1,near,0,0,1.3151675830339438,0.9989910174979504,laser
2174,2167,2167.0,0.8218650394364531,0.8218650394364531,0.9466257301998213,0.9466257301998213,2,0,2,1,1,1,1,0,1,1,near,0,0,1.3188146085143888,0.9989854138211938,laser
2174,2167,2167.0,0.8218650394364531,0.8218650394364531,0.9466257301998213,0.9466257301998213,2,0,2,1,1,1,1,0,1,1,near,0,0,1.3212890304867593,0.9989816030209645,laser
2174,2167,2167.0,0.8218650394364531,0.8218650394364531,0.9466257301998213,0.9466257301998213,2,0,2,1,1,1,1,0,1,1,near,0,0,1.3257387514481895,0.9989747321353185,laser
1613,1589,1589.0,0.7126840420301267,0.7126840420301267,0.6594708408294996,0.6594708408294996,3,0,2,1,1,0,0,1,0,1,near,0,0,1.3279679987796238,0.9989712812333037,laser
1985,1978,1978.0,0.979907181060571,0.979907181060571,0.811455372442291,0.811455372442291,2,0,2,1,1,1,1,0,1,1,near,0,0,1.331149076209716,0.9989663468470452,laser
1613,1589,1589.0,0.7126840420301267,0.7126840420301267,0.6594708408294996,0.6594708408294996,3,0,2,1,1,0,0,1,0,1,near,0,0,1.333416574444195,0.998962822368866,laser
1613,1589,1589.0,0.7126840420301267,0.7126840420301267,0.6594708408294996,0.6594708408294996,3,0,2,1,1,0,0,1,0,1,near,0,0,1.3336923277089314,0.9989623933436137,laser
1613,1589,1589.0,0.7126840420301267,0.7126840420301267,0.6594708408294996,0.6594708408294996,3,0,2,1,1,0,0,1,0,1,near,0,0,1.3340423205844925,0.9989618486863789,laser
1613,1589,1589.0,0.7126840420301267,0.7126840420301267,0.6594708408294996,0.6594708408294996,3,0,2,1,1,0,0,1,0,1,near,0,0,1.334073902716987,0.998961799531386,laser
2163,2159,2159.0,0.8388740471086942,0.8388740471086942,0.5819408830276231,0.5819408830276231,3,0,2,1,1,1,1,0,1,1,near,0,0,1.341436910373237,0.998950307854507,laser
1613,1589,1589.0,0.7126840420301267,0.7126840420301267,0.6594708408294996,0.6594708408294996,3,0,2,1,1,0,0,1,0,1,near,0,0,1.3417058874496637,0.998949886856055,laser
1613,1589,1589.0,0.7126840420301267,0.7126840420301267,0.6594708408294996,0.6594708408294996,3,0,2,1,1,0,0,1,0,1,near,0,0,1.3453777923683214,0.9989441312102304,laser
2174,2167,2167.0,0.8218650394364531,0.8218650394364531,0.9466257301998213,0.9466257301998213,2,0,2,1,1,1,1,0,1,1,near,0,0,1.3459909721863772,0.9989431685290019,laser
1,926,926.0,1.0782436833644589,1.0782436833644589,0.7783298233973159,0.7783298233973159,0,0,1,1,0,1,0,0,1,0,super,1,0,0.880532091058881,0.9995477153792615,laser
1792,1790,1790.0,1.1112558855135428,1.1112558855135428,0.49236798688513206,0.49236798688513206,1,0,2,1,1,0,0,0,0,0,super,1,0,0.9343164249679154,0.9994907753588308,laser
2000,1986,1986.0,1.0831959280481611,1.0831959280481611,0.7320624751555638,0.7320624751555638,2,0,2,1,1,0,0,0,0,0,super,1,0,0.9901916006883243,0.9994280475565454,laser
1965,1963,1963.0,1.0253202654648723,1.0253202654648723,0.9659031719507916,0.9659031719507916,4,0,2,1,1,0,0,0,0,0,super,1,1,0.9962066615603129,0.9994210776364894,laser
1796,1790,1790.0,0.7798586452094824,0.7798586452094824,0.9109400221242938,0.9109400221242938,3,0,2,1,1,0,0,0,0,1,near,0,0,1.0052847228814528,0.999410478553796,laser
1965,1963,1963.0,1.0253202654648723,1.0253202654648723,0.9659031719507916,0.9659031719507916,4,0,2,1,1,0,0,0,0,0,super,1,1,1.027054595223436,0.9993846694131056,laser
1985,1981,1981.0,0.8936774676264432,0.8936774676264432,0.6230335577359967,0.6230335577359967,1,0,2,1,1,0,0,0,0,1,near,0,0,1.036316657567492,0.999373521167731,laser
1965,1963,1963.0,1.0253202654648723,1.0253202654648723,0.9659031719507916,0.9659031719507916,1,0,2,1,1,0,0,0,0,0,super,1,0,1.0444386952017168,0.9993636627444398,laser
1792,1790,1790.0,1.1112558855135428,1.1112558855135428,0.49236798688513206,0.49236798688513206,1,0,2,1,1,0,0,0,0,0,super,1,0,1.0464398639802548,0.9993612219344549,laser
1792,1790,1790.0,1.1112558855135428,1.1112558855135428,0.49236798688513206,0.49236798688513206,1,0,2,1,1,0,0,0,0,0,super,1,0,1.047442990460262,0.9993599966708906,laser
1792,1790,1790.0,1.1112558855135428,1.1112558855135428,0.49236798688513206,0.49236798688513206,1,0,2,1,1,0,0,0,0,0,super,1,0,1.0508532180450798,0.9993558224867624,laser
1792,1790,1790.0,1.1112558855135428,1.1112558855135428,0.49236798688513206,0.49236798688513206,1,0,2,1,1,0,0,0,0,0,super,1,0,1.0522163182987174,0.999354150230332,laser
1794,1790,1790.0,1.1112558855135428,1.1112558855135428,0.49236798688513206,0.49236798688513206,1,0,2,1,1,0,0,0,0,0,super,1,0,1.072545092439694,0.9993289535802671,laser
1792,1790,1790.0,1.1112558855135428,1.1112558855135428,0.49236798688513206,0.49236798688513206,1,0,2,1,1,0,0,0,0,0,super,1,0,1.076182558827955,0.9993243942421002,laser
1086,1086,1086.0,0.8227824697913613,0.8227824697913613,0.899026527769043,0.899026527769043,1,0,2,1,1,0,0,1,0,1,near,0,0,1.0824818268466343,0.9993164619872874,laser
1796,1790,1790.0,0.7798586452094824,0.7798586452094824,0.9109400221242938,0.9109400221242938,3,0,2,1,1,0,0,0,0,1,near,0,0,1.0827893308350611,0.9993160735825776,laser
1965,1963,1963.0,1.0253202654648723,1.0253202654648723,0.9659031719507916,0.9659031719507916,1,0,2,1,1,0,0,0,0,0,super,1,0,1.0912532642869395,0.9993053395790836,laser
1965,1963,1963.0,1.0253202654648723,1.0253202654648723,0.9659031719507916,0.9659031719507916,4,0,2,1,1,0,0,0,0,0,super,1,1,1.0923551926010713,0.999303935959065,laser
1970,1963,1963.0,1.0253202654648723,1.0253202654648723,0.9659031719507916,0.9659031719507916,4,0,2,1,1,0,0,0,0,0,super,1,1,1.0933230996879328,0.9993027018846398,laser
1086,1086,1086.0,0.8227824697913613,0.8227824697913613,0.899026527769043,0.899026527769043,1,0,2,1,1,0,0,1,0,1,near,0,0,1.0944335790903985,0.9993012846852086,laser
1792,1790,1790.0,1.1112558855135428,1.1112558855135428,0.49236798688513206,0.49236798688513206,1,0,2,1,1,0,0,0,0,0,super,1,0,1.0967146568691637,0.9992983690492561,laser
1086,1086,1086.0,0.8227824697913613,0.8227824697913613,0.899026527769043,0.899026527769043,1,0,2,1,1,0,0,1,0,1,near,0,0,1.1071852657907444,0.9992849078035295,laser
1792,1790,1790.0,1.1112558855135428,1.1112558855135428,0.49236798688513206,0.49236798688513206,1,0,2,1,1,0,0,0,0,0,super,1,0,1.1082715482884715,0.9992835039315223,laser
1965,1963,1963.0,1.0253202654648723,1.0253202654648723,0.9659031719507916,0.9659031719507916,4,0,2,1,1,0,0,0,0,0,super,1,1,1.1087703241845275,0.9992828588705058,laser
1970,1963,1963.0,1.0253202654648723,1.0253202654648723,0.9659031719507916,0.9659031719507916,4,0,2,1,1,0,0,0,0,0,super,1,1,1.10985366325152,0.9992814568009718,laser
1965,1963,1963.0,1.0253202654648723,1.0253202654648723,0.9659031719507916,0.9659031719507916,4,0,2,1,1,0,0,0,0,0,super,1,1,1.1106160782378232,0.9992804692540782,laser
1967,1961,1961.0,0.9620821412452278,0.9620821412452278,0.5711477183440175,0.5711477183440175,1,0,2,1,1,0,0,0,0,1,near,0,0,1.1126193220044476,0.9992778712448309,laser
1965,1963,1963.0,1.0253202654648723,1.0253202654648723,0.9659031719507916,0.9659031719507916,4,0,2,1,1,0,0,0,0,0,super,1,1,1.1137569569566055,0.9992763937603214,laser
2117,2093,2093.0,1.1766001836151556,1.1766001836151556,0.6590969259448258,0.6590969259448258,3,0,2,1,1,0,0,0,0,0,super,1,0,1.1347207425172707,0.9992488971134204,laser
1202,1189,1189.0,1.048432401267641,1.048432401267641,0.8616941110439718,0.8616941110439718,3,0,2,1,1,0,0,0,0,0,super,1,0,1.1350091564254576,0.9992485152466909,laser
1965,1963,1963.0,1.0253202654648723,1.0253202654648723,0.9659031719507916,0.9659031719507916,4,0,2,1,1,0,0,0,0,0,super,1,1,1.135825338069117,0.9992474340772818,laser
1086,1086,1086.0,0.8227824697913613,0.8227824697913613,0.899026527769043,0.899026527769043,1,0,2,1,1,0,0,1,0,1,near,0,0,1.1369618114226383,0.9992459273332979,laser
1970,1963,1963.0,1.0253202654648723,1.0253202654648723,0.9659031719507916,0.9659031719507916,4,0,2,1,1,0,0,0,0,0,super,1,1,1.1390349512310507,0.9992431748691264,laser
1965,1963,1963.0,1.0253202654648723,1.0253202654648723,0.9659031719507916,0.9659031719507916,1,0,2,1,1,0,0,0,0,0,super,1,0,1.1391546696849582,0.9992430157683085,laser
1967,1961,1961.0,1.1766001836151556,1.1766001836151556,0.6590969259448258,0.6590969259448258,3,0,2,1,1,0,0,0,0,0,super,1,0,1.1467555710270085,0.9992328802558396,laser
1965,1963,1963.0,1.0253202654648723,1.0253202654648723,0.9659031719507916,0.9659031719507916,4,0,2,1,1,0,0,0,0,0,super,1,1,1.1472116203234115,0.9992322699880674,laser
1086,1086,1086.0,0.8227824697913613,0.8227824697913613,0.899026527769043,0.899026527769043,1,0,2,1,1,0,0,1,0,1,near,0,0,1.1498556527674142,0.9992287270632396,laser
1796,1790,1790.0,0.7798586452094824,0.7798586452094824,0.9109400221242938,0.9109400221242938,3,0,2,1,1,0,0,0,0,1,near,0,0,1.1529347365104738,0.9992245909030285,laser
1965,1963,1963.0,1.0253202654648723,1.0253202654648723,0.9659031719507916,0.9659031719507916,4,0,2,1,1,0,0,0,0,0,super,1,1,1.159259143042429,0.9992160605801602,laser
1970,1963,1963.0,1.0253202654648723,1.0253202654648723,0.9659031719507916,0.9659031719507916,4,0,2,1,1,0,0,0,0,0,super,1,1,1.1631916763155947,0.9992107328726345,laser
1965,1963,1963.0,1.0253202654648723,1.0253202654648723,0.9659031719507916,0.9659031719507916,1,0,2,1,1,0,0,0,0,0,super,1,0,1.1654902640610367,0.999207610442673,laser
1965,1963,1963.0,1.0253202654648723,1.0253202654648723,0.9659031719507916,0.9659031719507916,1,0,2,1,1,0,0,0,0,0,super,1,0,1.166925028989037,0.9992056583156388,laser
1796,1790,1790.0,0.7798586452094824,0.7798586452094824,0.9109400221242938,0.9109400221242938,3,0,2,1,1,0,0,0,0,1,near,0,0,1.1711542864313556,0.999199890055933,laser
1796,1790,1790.0,0.7798586452094824,0.7798586452094824,0.9109400221242938,0.9109400221242938,3,0,2,1,1,0,0,0,0,1,near,0,0,1.1734077971987202,0.9991968079836617,laser
1970,1963,1963.0,1.0253202654648723,1.0253202654648723,0.9659031719507916,0.9659031719507916,4,0,2,1,1,0,0,0,0,0,super,1,1,1.1941996824003331,0.9991680919128623,laser
1796,1790,1790.0,0.7798586452094824,0.7798586452094824,0.9109400221242938,0.9109400221242938,3,0,2,1,1,0,0,0,0,1,near,0,0,1.19856693143265,0.9991619961264557,laser
1965,1963,1963.0,1.0253202654648723,1.0253202654648723,0.9659031719507916,0.9659031719507916,1,0,2,1,1,0,0,0,0,0,super,1,0,1.1989201240222855,0.9991615021692815,laser
1967,1963,1963.0,1.0253202654648723,1.0253202654648723,0.9659031719507916,0.9659031719507916,1,0,2,1,1,0,0,0,0,0,super,1,0,1.1998920672865347,0.9991601421075991,laser
1794,1790,1790.0,0.7798586452094824,0.7798586452094824,0.9109400221242938,0.9109400221242938,1,0,2,1,1,0,0,0,0,1,near,0,0,1.2003624027039126,0.9991594835611475,laser
1965,1963,1963.0,1.0253202654648723,1.0253202654648723,0.9659031719507916,0.9659031719507916,1,0,2,1,1,0,0,0,0,0,super,1,0,1.2016133351904703,0.9991577307951844,laser
1792,1790,1790.0,1.1112558855135428,1.1112558855135428,0.49236798688513206,0.49236798688513206,1,0,2,1,1,0,0,0,0,0,super,1,0,1.201619192964566,0.9991577225831672,laser
1965,1963,1963.0,1.0253202654648723,1.0253202654648723,0.9659031719507916,0.9659031719507916,1,0,2,1,1,0,0,0,0,0,super,1,0,1.205648259644773,0.9991520647486297,laser
1965,1963,1963.0,1.0253202654648723,1.0253202654648723,0.9659031719507916,0.9659031719507916,4,0,2,1,1,0,0,0,0,0,super,1,1,1.2070844163930827,0.9991500434406397,laser
1970,1963,1963.0,1.0253202654648723,1.0253202654648723,0.9659031719507916,0.9659031719507916,4,0,2,1,1,0,0,0,0,0,super,1,1,1.2108956923898955,0.9991446676225164,laser
1965,1963,1963.0,1.0253202654648723,1.0253202654648723,0.9659031719507916,0.9659031719507916,1,0,2,1,1,0,0,0,0,0,super,1,0,1.2135527216652278,0.9991409098478788,laser
1801,1799,1799.0,0.709298379504578,0.709298379504578,0.5697583351178452,0.5697583351178452,3,0,2,1,1,0,0,0,0,1,near,0,0,1.214348983162093,0.9991397821097621,laser
1968,1963,1963.0,1.0253202654648723,1.0253202654648723,0.8279713272818945,0.8279713272818945,2,0,2,1,1,0,0,0,0,0,super,1,0,1.2148223990020524,0.9991391112644574,laser
1965,1963,1963.0,1.0253202654648723,1.0253202654648723,0.9659031719507916,0.9659031719507916,4,0,2,1,1,0,0,0,0,0,super,1,1,1.216734955274343,0.9991363984494239,laser
1965,1963,1963.0,1.0253202654648723,1.0253202654648723,0.9659031719507916,0.9659031719507916,1,0,2,1,1,0,0,0,0,0,super,1,0,1.217445651570417,0.9991353892934544,laser
1086,1086,1086.0,0.8227824697913613,0.8227824697913613,0.899026527769043,0.899026527769043,1,0,2,1,1,0,0,1,0,1,near,0,0,1.2199639126569166,0.9991318087354878,laser
1786,1784,1784.0,1.1057158621798664,1.1057158621798664,0.8634822113725271,0.8634822113725271,4,0,2,1,1,0,0,0,0,0,super,1,1,1.2216855783459921,0.9991293565484789,laser
1965,1963,1963.0,1.0253202654648723,1.0253202654648723,0.9659031719507916,0.9659031719507916,1,0,2,1,1,0,0,0,0,0,super,1,0,1.2236424814752804,0.9991265651110169,laser
1786,1784,1784.0,1.1057158621798664,1.1057158621798664,0.8634822113725271,0.8634822113725271,4,0,2,1,1,0,0,0,0,0,super,1,1,1.2237614976841709,0.9991263951954309,laser
1965,1963,1963.0,1.0253202654648723,1.0253202654648723,0.9659031719507916,0.9659031719507916,1,0,2,1,1,0,0,0,0,0,super,1,0,1.2244764935985475,0.9991253740710716,laser
1970,1963,1963.0,1.0253202654648723,1.0253202654648723,0.9659031719507916,0.9659031719507916,4,0,2,1,1,0,0,0,0,0,super,1,1,1.2254375568580422,0.9991240005849772,laser
1970,1963,1963.0,1.0253202654648723,1.0253202654648723,0.9659031719507916,0.9659031719507916,4,0,2,1,1,0,0,0,0,0,super,1,1,1.2258512945390752,0.9991234089674805,laser
1965,1963,1963.0,1.0253202654648723,1.0253202654648723,0.9659031719507916,0.9659031719507916,1,0,2,1,1,0,0,0,0,0,super,1,0,1.2265943356597815,0.999122345966463,laser
1969,1961,1961.0,1.1059176630283205,1.1059176630283205,0.9757977136656899,0.9757977136656899,1,0,2,1,1,0,0,0,0,0,super,1,0,1.2304834332773402,0.9991167716811954,laser
1803,1799,1799.0,0.8910958618732812,0.8910958618732812,0.940409982896504,0.940409982896504,1,0,2,1,1,0,0,0,0,1,near,0,0,1.234894943822635,0.9991104272550261,laser
1965,1963,1963.0,1.0253202654648723,1.0253202654648723,0.9659031719507916,0.9659031719507916,1,0,2,1,1,0,0,0,0,0,super,1,0,1.2374397253651066,0.9991067571439485,laser
1786,1784,1784.0,1.1057158621798664,1.1057158621798664,0.8634822113725271,0.8634822113725271,4,0,2,1,1,0,0,0,0,0,super,1,1,1.2374577237527842,0.9991067311595747,laser
1835,1833,1833.0,0.8913000743959663,0.8913000743959663,0.6179249958698549,0.6179249958698549,1,0,2,1,1,0,0,0,0,1,near,0,0,1.241091977446959,0.9991014766242492,laser
1967,1963,1963.0,1.0253202654648723,1.0253202654648723,0.9659031719507916,0.9659031719507916,1,0,2,1,1,0,0,0,0,0,super,1,0,1.2415335279315816,0.9991008371647812,laser
1970,1963,1963.0,1.0253202654648723,1.0253202654648723,0.9659031719507916,0.9659031719507916,4,0,2,1,1,0,0,0,0,0,super,1,1,1.2420189923022869,0.9991001338460991,laser
1970,1963,1963.0,1.0253202654648723,1.0253202654648723,0.9659031719507916,0.9659031719507916,4,0,2,1,1,0,0,0,0,0,super,1,1,1.2444201882083097,0.9990966510593906,laser
1965,1963,1963.0,1.0253202654648723,1.0253202654648723,0.9659031719507916,0.9659031719507916,4,0,2,1,1,0,0,0,0,0,super,1,1,1.2457631023720122,0.9990947003120997,laser
1799,1790,1790.0,0.7798586452094824,0.7798586452094824,0.9109400221242938,0.9109400221242938,2,0,2,1,1,0,0,0,0,1,near,0,0,1.2489674745692827,0.9990900370690837,laser
1965,1963,1963.0,1.0253202654648723,1.0253202654648723,0.9659031719507916,0.9659031719507916,1,0,2,1,1,0,0,0,0,0,super,1,0,1.2506433513772386,0.9990875934363654,laser
1792,1790,1790.0,1.1112558855135428,1.1112558855135428,0.49236798688513206,0.49236798688513206,4,0,2,1,1,0,0,0,0,0,super,1,1,1.251282725656513,0.9990866602871856,laser
1792,1790,1790.0,1.1112558855135428,1.1112558855135428,0.49236798688513206,0.49236798688513206,1,0,2,1,1,0,0,0,0,0,super,1,0,1.2513278709536464,0.999086594380839,laser
1983,1981,1981.0,0.8936774676264432,0.8936774676264432,0.6230335577359967,0.6230335577359967,1,0,2,1,1,0,0,0,0,1,near,0,0,1.2542422353953502,0.9990823347509885,laser
1965,1963,1963.0,1.0253202654648723,1.0253202654648723,0.9659031719507916,0.9659031719507916,1,0,2,1,1,0,0,0,0,0,super,1,0,1.255407003798221,0.9990806295559869,laser
1965,1963,1963.0,1.0253202654648723,1.0253202654648723,0.9659031719507916,0.9659031719507916,1,0,2,1,1,0,0,0,0,0,super,1,0,1.2572551168389154,0.9990779207115343,laser
1965,1963,1963.0,1.0253202654648723,1.0253202654648723,0.9659031719507916,0.9659031719507916,4,0,2,1,1,0,0,0,0,0,super,1,1,1.2590056003284367,0.9990753512915361,laser
1964,1963,1963.0,1.0253202654648723,1.0253202654648723,0.9659031719507916,0.9659031719507916,0,0,1,1,0,1,0,0,1,0,super,1,0,1.2606352747906209,0.9990729559858326,laser
1086,1086,1086.0,0.8227824697913613,0.8227824697913613,0.899026527769043,0.899026527769043,1,0,2,1,1,0,0,1,0,1,near,0,0,1.2615332801081274,0.999071634767903,laser
1965,1963,1963.0,1.0253202654648723,1.0253202654648723,0.9659031719507916,0.9659031719507916,4,0,2,1,1,0,0,0,0,0,super,1,1,1.2627025830821819,0.9990699129848436,laser
1086,1086,1086.0,0.8227824697913613,0.8227824697913613,0.899026527769043,0.899026527769043,1,0,2,1,1,0,0,1,0,1,near,0,0,1.2637053140479328,0.9990684352063549,laser
1965,1963,1963.0,1.0253202654648723,1.0253202654648723,0.9659031719507916,0.9659031719507916,4,0,2,1,1,0,0,0,0,0,super,1,1,1.2639253733918372,0.9990681107361099,laser
1965,1963,1963.0,1.0253202654648723,1.0253202654648723,0.9659031719507916,0.9659031719507916,1,0,2,1,1,0,0,0,0,0,super,1,0,1.264438596495456,0.9990673537860373,laser
1792,1790,1790.0,1.1112558855135428,1.1112558855135428,0.49236798688513206,0.49236798688513206,1,0,2,1,1,0,0,0,0,0,super,1,0,1.2648751654975496,0.9990667096508167,laser
1796,1790,1790.0,0.7798586452094824,0.7798586452094824,0.9109400221242938,0.9109400221242938,3,0,2,1,1,0,0,0,0,1,near,0,0,1.266581267575192,0.9990641902520476,laser
1965,1963,1963.0,1.0253202654648723,1.0253202654648723,0.9659031719507916,0.9659031719507916,4,0,2,1,1,0,0,0,0,0,super,1,1,1.2670985705565332,0.9990634256804508,laser
1970,1963,1963.0,1.0993839666698548,1.0993839666698548,0.852414173764787,0.852414173764787,4,0,2,1,1,0,0,0,0,0,super,1,1,1.2672913074684593,0.9990631407362877,laser
1792,1790,1790.0,1.1112558855135428,1.1112558855135428,0.49236798688513206,0.49236798688513206,1,0,2,1,1,0,0,0,0,0,super,1,0,1.26771930745776,0.9990625078218773,laser
1965,1963,1963.0,1.0253202654648723,1.0253202654648723,0.9659031719507916,0.9659031719507916,1,0,2,1,1,0,0,0,0,0,super,1,0,1.2691095458850314,0.9990604505016281,laser
1792,1790,1790.0,1.1112558855135428,1.1112558855135428,0.49236798688513206,0.49236798688513206,1,0,2,1,1,0,0,0,0,0,super,1,0,1.2694815030229536,0.9990598996849455,laser
1965,1963,1963.0,1.0253202654648723,1.0253202654648723,0.9659031719507916,0.9659031719507916,4,0,2,1,1,0,0,0,0,0,super,1,1,1.2716344211907122,0.9990567083422397,laser
1985,1961,1961.0,1.1766001836151556,1.1766001836151556,0.6590969259448258,0.6590969259448258,3,0,2,1,1,0,0,0,0,0,super,1,0,1.2716704886494328,0.9990566548321823,laser
1970,1963,1963.0,1.0253202654648723,1.0253202654648723,0.9659031719507916,0.9659031719507916,4,0,2,1,1,0,0,0,0,0,super,1,1,1.2731098384468944,0.9990545181590291,laser
1880,1879,1879.0,1.0,1.0,1.0,1.0,0,0,1,1,0,0,0,1,1,0,sub,0,0,0.9353906803092545,0.9994896036962945,laser
1822,1821,1821.0,1.0,1.0,1.0,1.0,0,0,1,1,0,0,0,1,1,0,sub,0,0,0.9390485551507126,0.9994856040494041,laser
1988,1857,1857.0,1.0,1.0,1.0,1.0,5,0,2,1,1,0,0,1,0,0,sub,0,1,0.9712707672230896,0.9994496967482921,laser
1372,1371,1371.0,1.0,1.0,1.0,1.0,0,0,1,1,0,0,0,1,1,0,sub,0,0,0.9935579172730244,0.9994241520563144,laser
2014,2013,2013.0,1.0,1.0,1.0,1.0,0,0,1,1,0,0,0,1,1,0,sub,0,0,1.0055676465417882,0.9994101466815772,laser
1988,1857,1857.0,1.0,1.0,1.0,1.0,5,0,2,1,1,0,0,1,0,0,sub,0,1,1.02690683871557,0.9993848464485994,laser
1784,1783,1783.0,1.0,1.0,1.0,1.0,0,0,1,1,0,0,0,1,1,0,sub,0,0,1.0366762374894742,0.9993730863425454,laser
2028,2027,2027.0,1.0,1.0,1.0,1.0,0,0,1,1,0,0,0,1,1,0,sub,0,0,1.0411118889437203,0.9993677100843653,laser
1492,1491,1491.0,1.0,1.0,1.0,1.0,0,0,1,1,0,0,0,1,1,0,sub,0,0,1.0447991779049004,0.999363223411502,laser
2102,2101,2101.0,1.0,1.0,1.0,1.0,0,0,1,1,0,0,0,1,1,0,sub,0,0,1.0525747724498002,0.9993537101174765,laser
1611,1610,1610.0,1.0,1.0,1.0,1.0,0,0,1,1,0,0,0,1,1,0,sub,0,0,1.0576256967467055,0.999347492614267,laser
2140,2139,2139.0,1.0,1.0,1.0,1.0,0,0,1,1,0,0,0,1,1,0,sub,0,0,1.0611113340781535,0.9993431845646263,laser
1988,1857,1857.0,1.0,1.0,1.0,1.0,5,0,2,1,1,0,0,1,0,0,sub,0,1,1.062336754046416,0.9993416666475573,laser
1927,1926,1926.0,1.0,1.0,1.0,1.0,0,0,1,1,0,0,0,1,1,0,sub,0,0,1.0647006282501907,0.9993387335876907,laser
1880,1879,1879.0,1.0,1.0,1.0,1.0,0,0,1,1,0,0,0,1,1,0,sub,0,0,1.0683821420961173,0.9993341526372913,laser
1879,1878,1878.0,1.0,1.0,1.0,1.0,0,0,1,1,0,0,0,1,1,0,sub,0,0,1.0687201230256158,0.9993337312912246,laser
2046,2045,2045.0,1.0,1.0,1.0,1.0,0,0,1,1,0,0,0,1,1,0,sub,0,0,1.0712089329205239,0.9993306244966086,laser
1536,1535,1535.0,0.9244987008291304,0.9244987008291304,1.0,1.0,0,0,1,1,0,0,0,1,1,1,near,0,0,1.0733979003033691,0.9993278860238868,laser
1988,1857,1857.0,1.0,1.0,1.0,1.0,5,0,2,1,1,0,0,1,0,0,sub,0,1,1.0738968192749738,0.9993272610769868,laser
1942,1941,1941.0,1.0,1.0,1.0,1.0,0,0,1,1,0,0,0,1,1,0,sub,0,0,1.0797264574192298,0.9993199373393453,laser
1893,1892,1892.0,1.0,1.0,1.0,1.0,0,0,1,1,0,0,0,1,1,0,sub,0,0,1.0861807590382972,0.9993117825912768,laser
1778,1777,1777.0,1.0,1.0,1.0,1.0,0,0,1,1,0,0,0,1,1,0,sub,0,0,1.0873446937706888,0.9993103068344473,laser
2028,2027,2027.0,1.0,1.0,1.0,1.0,0,0,1,1,0,0,0,1,1,0,sub,0,0,1.0876017557797584,0.9993099806915616,laser
1942,1941,1941.0,1.0,1.0,1.0,1.0,0,0,1,1,0,0,0,1,1,0,sub,0,0,1.0997406777369327,0.999294491871269,laser
2028,2027,2027.0,1.0,1.0,1.0,1.0,0,0,1,1,0,0,0,1,1,0,sub,0,0,1.100013926823097,0.9992941412369694,laser
2030,2029,2029.0,1.0,1.0,1.0,1.0,0,0,1,1,0,0,0,1,1,0,sub,0,0,1.1003727013202669,0.9992936807238523,laser
1729,1728,1728.0,1.0,1.0,1.0,1.0,0,0,1,1,0,0,0,1,1,0,sub,0,0,1.1035454102981153,0.9992896017855626,laser
1554,1553,1553.0,1.0,1.0,1.0,1.0,0,0,1,1,0,0,0,1,1,0,sub,0,0,1.107183582785718,0.999284909977516,laser
1568,1567,1567.0,1.0,1.0,1.0,1.0,0,0,1,1,0,0,0,1,1,0,sub,0,0,1.1078193932430185,0.9992840884475219,laser
1622,1621,1621.0,0.5410600546458428,0.5410600546458428,0.9805442161107019,0.9805442161107019,0,0,1,1,0,0,0,1,1,1,near,0,0,1.1086124662619625,0.999283063057699,laser
1536,1535,1535.0,0.9244987008291304,0.9244987008291304,1.0,1.0,0,0,1,1,0,0,0,1,1,1,near,0,0,1.1166828330492025,0.9992725868917987,laser
1536,1535,1535.0,0.9244987008291304,0.9244987008291304,1.0,1.0,0,0,1,1,0,0,0,1,1,1,near,0,0,1.1179349802288352,0.9992709546665953,laser
1734,1733,1733.0,1.0,1.0,1.0,1.0,0,0,1,1,0,0,0,1,1,0,sub,0,0,1.1183477621123679,0.9992704161875791,laser
1618,1617,1617.0,1.0,1.0,1.0,1.0,0,0,1,1,0,0,0,1,1,0,sub,0,0,1.1196789544026644,0.9992686782766921,laser
1782,1781,1781.0,1.0,1.0,1.0,1.0,0,0,1,1,0,0,0,1,1,0,sub,0,0,1.1206786887632776,0.9992673717345701,laser
1752,1751,1751.0,1.0,1.0,1.0,1.0,0,0,1,1,0,0,0,1,1,0,sub,0,0,1.1208894592630458,0.9992670961320302,laser
1822,1821,1821.0,1.0,1.0,1.0,1.0,0,0,1,1,0,0,0,1,1,0,sub,0,0,1.1268069445260345,0.9992593373012639,laser
1535,1534,1534.0,0.6955091750072047,0.6955091750072047,0.7422247553884469,0.7422247553884469,0,0,1,1,0,0,0,1,1,1,near,0,0,1.1300916081862389,0.9992550129159155,laser
2200,2199,2199.0,1.0,1.0,1.0,1.0,0,0,1,1,0,0,0,1,1,0,sub,0,0,1.1322127398516235,0.9992522136761367,laser
1752,1751,1751.0,1.0,1.0,1.0,1.0,0,0,1,1,0,0,0,1,1,0,sub,0,0,1.1506359992854052,0.9992276798633157,laser
1372,1371,1371.0,1.0,1.0,1.0,1.0,0,0,1,1,0,0,0,1,1,0,sub,0,0,1.1539858161083858,0.9992231764462282,laser
2028,2027,2027.0,1.0,1.0,1.0,1.0,0,0,1,1,0,0,0,1,1,0,sub,0,0,1.1576440847011498,0.9992182433982948,laser
2028,2027,2027.0,1.0,1.0,1.0,1.0,0,0,1,1,0,0,0,1,1,0,sub,0,0,1.1633657915474704,0.9992104965681338,laser
1976,1975,1975.0,1.0,1.0,1.0,1.0,0,0,1,1,0,0,0,1,1,0,sub,0,0,1.1639348795353712,0.9992097239705297,laser
1880,1879,1879.0,1.0,1.0,1.0,1.0,0,0,1,1,0,0,0,1,1,0,sub,0,0,1.1642505213628875,0.9992092952902016,laser
1179,1178,1178.0,1.0,1.0,1.0,1.0,0,0,1,1,0,0,0,1,1,0,sub,0,0,1.1665068663443743,0.9992062275115965,laser
1734,1733,1733.0,1.0,1.0,1.0,1.0,0,0,1,1,0,0,0,1,1,0,sub,0,0,1.166796948766438,0.9992058326779565,laser
2046,2045,2045.0,1.0,1.0,1.0,1.0,0,0,1,1,0,0,0,1,1,0,sub,0,0,1.1733781662994514,0.9991968485475667,laser
1822,1821,1821.0,1.0,1.0,1.0,1.0,0,0,1,1,0,0,0,1,1,0,sub,0,0,1.173482475445227,0.9991967057466045,laser
1880,1879,1879.0,1.0,1.0,1.0,1.0,0,0,1,1,0,0,0,1,1,0,sub,0,0,1.17461057389166,0.9991951605499912,laser
2065,2064,2064.0,1.0,1.0,1.0,1.0,0,0,1,1,0,0,0,1,1,0,sub,0,0,1.1767669029475334,0.9991922028179075,laser
2102,2101,2101.0,1.0,1.0,1.0,1.0,0,0,1,1,0,0,0,1,1,0,sub,0,0,1.1768920422063083,0.9991920310039056,laser
1492,1491,1491.0,1.0,1.0,1.0,1.0,0,0,1,1,0,0,0,1,1,0,sub,0,0,1.177866182044269,0.9991906929023663,laser
1858,1857,1857.0,1.0,1.0,1.0,1.0,0,0,1,1,0,0,0,1,1,0,sub,0,0,1.1820956570948773,0.9991848703568615,laser
2102,2101,2101.0,1.0,1.0,1.0,1.0,0,0,1,1,0,0,0,1,1,0,sub,0,0,1.183029238290895,0.999183582321997,laser
1858,1857,1857.0,1.0,1.0,1.0,1.0,0,0,1,1,0,0,0,1,1,0,sub,0,0,1.1834086603359972,0.9991830585538104,laser
2126,2125,2125.0,1.0,1.0,1.0,1.0,0,0,1,1,0,0,0,1,1,0,sub,0,0,1.184615778934067,0.999181391085593,laser
1858,1857,1857.0,1.0,1.0,1.0,1.0,0,0,1,1,0,0,0,1,1,0,sub,0,0,1.1882422718656733,0.9991763713592989,laser
1622,1621,1621.0,0.5410600546458428,0.5410600546458428,0.9805442161107019,0.9805442161107019,0,0,1,1,0,0,0,1,1,1,near,0,0,1.1897950809956184,0.9991742172973387,laser
1914,1913,1913.0,1.0,1.0,1.0,1.0,0,0,1,1,0,0,0,1,1,0,sub,0,0,1.190610134064155,0.9991730855272201,laser
2140,2139,2139.0,1.0,1.0,1.0,1.0,0,0,1,1,0,0,0,1,1,0,sub,0,0,1.1906377394167924,0.9991730471812836,laser
1466,1465,1465.0,1.0,1.0,1.0,1.0,0,0,1,1,0,0,0,1,1,0,sub,0,0,1.1907580817733066,0.9991728800062026,laser
1782,1781,1781.0,1.0,1.0,1.0,1.0,0,0,1,1,0,0,0,1,1,0,sub,0,0,1.1916096910676055,0.9991716964997185,laser
818,817,817.0,1.0,1.0,1.0,1.0,0,0,1,1,0,0,0,1,1,0,sub,0,0,1.1925520631993487,0.9991703858712568,laser
2102,2101,2101.0,1.0,1.0,1.0,1.0,0,0,1,1,0,0,0,1,1,0,sub,0,0,1.1930199614678658,0.9991697347446911,laser
2144,2143,2143.0,1.0,1.0,1.0,1.0,0,0,1,1,0,0,0,1,1,0,sub,0,0,1.1946702742649153,0.9991674361325608,laser
1273,1272,1272.0,1.0,1.0,1.0,1.0,0,0,1,1,0,0,0,1,1,0,sub,0,0,1.1953325819493923,0.9991665127542749,laser
1457,1456,1456.0,1.0,1.0,1.0,1.0,0,0,1,1,0,0,0,1,1,0,sub,0,0,1.19749792560211,0.9991634902967119,laser
2028,2027,2027.0,1.0,1.0,1.0,1.0,0,0,1,1,0,0,0,1,1,0,sub,0,0,1.198075964468126,0.9991626825260886,laser
1734,1733,1733.0,1.0,1.0,1.0,1.0,0,0,1,1,0,0,0,1,1,0,sub,0,0,1.1985280042558553,0.9991620505591191,laser
1677,1676,1676.0,1.0,1.0,1.0,1.0,0,0,1,1,0,0,0,1,1,0,sub,0,0,1.2035182942143765,0.9991550581215372,laser
1702,1701,1701.0,1.0,1.0,1.0,1.0,0,0,1,1,0,0,0,1,1,0,sub,0,0,1.2037780469162442,0.9991546933582903,laser
2144,2143,2143.0,1.0,1.0,1.0,1.0,0,0,1,1,0,0,0,1,1,0,sub,0,0,1.2059619622440887,0.9991516234356745,laser
1873,1872,1872.0,1.0,1.0,1.0,1.0,0,0,1,1,0,0,0,1,1,0,sub,0,0,1.2144255642306452,0.9991396736096796,laser
1765,1764,1764.0,1.0,1.0,1.0,1.0,0,0,1,1,0,0,0,1,1,0,sub,0,0,1.2148250051520306,0.9991391075707363,laser
1094,1093,1093.0,1.0,1.0,1.0,1.0,0,0,1,1,0,0,0,1,1,0,sub,0,0,1.2164007512083166,0.9991368728000792,laser
1879,1878,1878.0,1.0,1.0,1.0,1.0,0,0,1,1,0,0,0,1,1,0,sub,0,0,1.2213457150041516,0.9991298408934524,laser
1880,1879,1879.0,1.0,1.0,1.0,1.0,0,0,1,1,0,0,0,1,1,0,sub,0,0,1.2213682124574945,0.9991298088361176,laser
1702,1701,1701.0,1.0,1.0,1.0,1.0,0,0,1,1,0,0,0,1,1,0,sub,0,0,1.2213808533724144,0.9991297908234179,laser
1873,1872,1872.0,1.0,1.0,1.0,1.0,0,0,1,1,0,0,0,1,1,0,sub,0,0,1.2226470403747154,0.9991279856228862,laser
2102,2101,2101.0,1.0,1.0,1.0,1.0,0,0,1,1,0,0,0,1,1,0,sub,0,0,1.2232509889066547,0.9991271239156885,laser
1880,1879,1879.0,1.0,1.0,1.0,1.0,0,0,1,1,0,0,0,1,1,0,sub,0,0,1.2245361260375573,0.999125288879812,laser
1752,1751,1751.0,1.0,1.0,1.0,1.0,0,0,1,1,0,0,0,1,1,0,sub,0,0,1.2253675089427034,0.9991241007290911,laser
1554,1553,1553.0,1.0,1.0,1.0,1.0,0,0,1,1,0,0,0,1,1,0,sub,0,0,1.2274543757744578,0.99912111478142,laser
1729,1728,1728.0,1.0,1.0,1.0,1.0,0,0,1,1,0,0,0,1,1,0,sub,0,0,1.2294571650887154,0.9991182443562511,laser
1283,1282,1282.0,1.0,1.0,1.0,1.0,0,0,1,1,0,0,0,1,1,0,sub,0,0,1.2299654142787706,0.9991175151820498,laser
2028,2027,2027.0,1.0,1.0,1.0,1.0,0,0,1,1,0,0,0,1,1,0,sub,0,0,1.2304753473757333,0.9991167832891108,laser
1988,1857,1857.0,1.0,1.0,1.0,1.0,5,0,2,1,1,0,0,1,0,0,sub,0,1,1.2308646433125896,0.9991162243391598,laser
1729,1728,1728.0,1.0,1.0,1.0,1.0,0,0,1,1,0,0,0,1,1,0,sub,0,0,1.2328969008596868,0.9991133035590615,laser
2090,2089,2089.0,1.0,1.0,1.0,1.0,0,0,1,1,0,0,0,1,1,0,sub,0,0,1.233626857120659,0.9991122532827157,laser
1927,1926,1926.0,1.0,1.0,1.0,1.0,0,0,1,1,0,0,0,1,1,0,sub,0,0,1.2386957115992054,0.9991049429625128,laser
1622,1621,1621.0,0.5410600546458428,0.5410600546458428,0.9805442161107019,0.9805442161107019,0,0,1,1,0,0,0,1,1,1,near,0,0,1.2416040754115674,0.9991007349758786,laser
1585,1584,1584.0,1.0,1.0,1.0,1.0,0,0,1,1,0,0,0,1,1,0,sub,0,0,1.241991991369086,0.9991001729710431,laser
1765,1764,1764.0,1.0,1.0,1.0,1.0,0,0,1,1,0,0,0,1,1,0,sub,0,0,1.2425506220411657,0.999099363329711,laser
1611,1610,1610.0,1.0,1.0,1.0,1.0,0,0,1,1,0,0,0,1,1,0,sub,0,0,1.2458310258383525,0.9990946015890454,laser
1478,1477,1477.0,1.0,1.0,1.0,1.0,0,0,1,1,0,0,0,1,1,0,sub,0,0,1.2463009784401902,0.9990939183911114,laser
1879,1878,1878.0,1.0,1.0,1.0,1.0,0,0,1,1,0,0,0,1,1,0,sub,0,0,1.2478833720005982,0.9990916160773979,laser
1535,1534,1534.0,0.6955091750072047,0.6955091750072047,0.7422247553884469,0.7422247553884469,0,0,1,1,0,0,0,1,1,1,near,0,0,1.2499467978443959,0.9990886094942698,laser
1765,1764,1764.0,1.0,1.0,1.0,1.0,0,0,1,1,0,0,0,1,1,0,sub,0,0,1.2502832697107813,0.999088118755721,laser
1980,1979,1979.0,1.0,1.0,1.0,1.0,0,0,1,1,0,0,0,1,1,0,sub,0,0,1.2519499451464193,0.9990856859901399,laser
704,647,352.0,0.562588421018536,0.5621452195165497,1.0,0.9794415618880318,1,0,3,2,1,0,0,1,0,1,near,0,0,0.9210683165804365,0.9995051140429301,laser
1807,1160,903.5,1.4352138821748204,0.9984579500946918,0.9588831237760636,0.9499777618977167,1,0,3,2,1,0,0,1,0,0,super,1,0,0.9671141712063451,0.9994543967637596,laser
692,685,685.0,0.744625963374475,0.744625963374475,0.6337750483486635,0.6337750483486635,4,0,3,1,1,0,0,1,0,1,near,0,1,0.967520422805597,0.9994539382889526,laser
2078,2076,2076.0,0.5,0.5,1.0,1.0,4,0,3,1,1,0,0,1,0,1,near,0,1,0.9912374801199874,0.9994268386809827,laser
1236,647,618.0,0.6173752767915879,0.5895386474030756,0.9588831237760636,0.8342925604201019,1,0,3,2,1,0,0,1,0,1,near,0,0,1.0020083937032187,0.999414314917455,laser
1236,647,618.0,0.6173752767915879,0.5895386474030756,0.9588831237760636,0.8342925604201019,1,0,3,2,1,0,0,1,0,1,near,0,0,1.0107468208058623,0.9994040549573615,laser
2064,1475,1032.0,0.8251736992831495,0.7212744880373687,0.9018117822274638,0.805756889645802,1,0,3,2,1,0,0,1,0,1,near,0,0,1.0117805335760375,0.9994028353620981,laser
1236,647,618.0,0.6173752767915879,0.5895386474030756,0.9588831237760636,0.8342925604201019,1,0,3,2,1,0,0,1,0,1,near,0,0,1.0203170105766195,0.9993927161972936,laser
2064,1475,1032.0,0.8251736992831495,0.7212744880373687,0.9018117822274638,0.805756889645802,1,0,3,2,1,0,0,1,0,1,near,0,0,1.0249010249195922,0.9993872472086046,laser
704,647,352.0,0.562588421018536,0.5621452195165497,1.0,0.9794415618880318,1,0,3,2,1,0,0,1,0,1,near,0,0,1.0310298289445696,0.9993798968981594,laser
651,647,647.0,0.5617020180145633,0.5617020180145633,0.9588831237760636,0.9588831237760636,1,0,3,1,1,0,0,1,0,1,near,0,0,1.032930980920103,0.9993776079301375,laser
704,647,352.0,0.562588421018536,0.5621452195165497,1.0,0.9794415618880318,1,0,3,2,1,0,0,1,0,1,near,0,0,1.036413928641036,0.9993734035567131,laser
2133,2076,1066.5,0.562588421018536,0.531294210509268,1.0,1.0,1,0,3,2,1,0,0,1,0,1,near,0,0,1.0409542451820422,0.9993679015508452,laser
1236,647,618.0,0.6173752767915879,0.5895386474030756,0.9588831237760636,0.8342925604201019,1,0,3,2,1,0,0,1,0,1,near,0,0,1.0440053793950155,0.9993641906409916,laser
2078,2076,2076.0,0.5,0.5,1.0,1.0,4,0,3,1,1,0,0,1,0,1,near,0,1,1.0495416409625205,0.9993574294879942,laser
2064,1475,1032.0,0.8251736992831495,0.7212744880373687,0.9018117822274638,0.805756889645802,1,0,3,2,1,0,0,1,0,1,near,0,0,1.0517231503450144,0.9993547555008667,laser
1236,647,618.0,0.6173752767915879,0.5895386474030756,0.9588831237760636,0.8342925604201019,1,0,3,2,1,0,0,1,0,1,near,0,0,1.056418762991476,0.9993489810119791,laser
1236,647,618.0,0.6173752767915879,0.5895386474030756,0.9588831237760636,0.8342925604201019,1,0,3,2,1,0,0,1,0,1,near,0,0,1.057174886954893,0.9993480487543607,laser
2078,2076,2076.0,0.5,0.5,1.0,1.0,4,0,3,1,1,0,0,1,0,1,near,0,1,1.0582859309095287,0.999346677690543,laser
2078,2076,2076.0,0.5,0.5,1.0,1.0,4,0,3,1,1,0,0,1,0,1,near,0,1,1.059143057489736,0.9993456189848192,laser
1236,647,618.0,0.6173752767915879,0.5895386474030756,0.9588831237760636,0.8342925604201019,1,0,3,2,1,0,0,1,0,1,near,0,0,1.0602107779111185,0.9993442989588879,laser
704,647,352.0,0.562588421018536,0.5621452195165497,1.0,0.9794415618880318,1,0,3,2,1,0,0,1,0,1,near,0,0,1.0680614571013451,0.999334552298056,laser
692,685,685.0,0.744625963374475,0.744625963374475,0.6337750483486635,0.6337750483486635,4,0,3,1,1,0,0,1,0,1,near,0,1,1.0740649365749353,0.9993270504275054,laser
704,647,352.0,0.562588421018536,0.5621452195165497,1.0,0.9794415618880318,1,0,3,2,1,0,0,1,0,1,near,0,0,1.0751389218541176,0.9993257039553284,laser
1236,647,618.0,0.6173752767915879,0.5895386474030756,0.9588831237760636,0.8342925604201019,1,0,3,2,1,0,0,1,0,1,near,0,0,1.076353304921333,0.9993241798431692,laser
1236,647,618.0,0.6173752767915879,0.5895386474030756,0.9588831237760636,0.8342925604201019,1,0,3,2,1,0,0,1,0,1,near,0,0,1.0824366523582756,0.9993165190373642,laser
2078,2076,2076.0,0.5,0.5,1.0,1.0,4,0,3,1,1,0,0,1,0,1,near,0,1,1.0841716697862605,0.9993143262036889,laser
2064,1475,1032.0,0.8251736992831495,0.7212744880373687,0.9018117822274638,0.805756889645802,1,0,3,2,1,0,0,1,0,1,near,0,0,1.0890007711111747,0.999308204364033,laser
1236,647,618.0,0.6173752767915879,0.5895386474030756,0.9588831237760636,0.8342925604201019,1,0,3,2,1,0,0,1,0,1,near,0,0,1.1025489683167131,0.9992908841089057,laser
2078,2076,2076.0,0.5,0.5,1.0,1.0,4,0,3,1,1,0,0,1,0,1,near,0,1,1.1031785924244992,0.9992900739790048,laser
2064,1475,1032.0,0.8251736992831495,0.7212744880373687,0.9018117822274638,0.805756889645802,1,0,3,2,1,0,0,1,0,1,near,0,0,1.1036595736402914,0.9992894547945484,laser
1236,647,618.0,0.6173752767915879,0.5895386474030756,0.9588831237760636,0.8342925604201019,1,0,3,2,1,0,0,1,0,1,near,0,0,1.104847034253745,0.9992879249779805,laser
1236,647,618.0,0.6173752767915879,0.5895386474030756,0.9588831237760636,0.8342925604201019,1,0,3,2,1,0,0,1,0,1,near,0,0,1.1081796047757542,0.999283622809306,laser
1236,647,618.0,0.6173752767915879,0.5895386474030756,0.9588831237760636,0.8342925604201019,1,0,3,2,1,0,0,1,0,1,near,0,0,1.10935097687807,0.9992821075535661,laser
2078,2076,2076.0,0.5,0.5,1.0,1.0,4,0,3,1,1,0,0,1,0,1,near,0,1,1.1110326845684804,0.9992799293424169,laser
2133,2076,1066.5,0.562588421018536,0.531294210509268,1.0,1.0,1,0,3,2,1,0,0,1,0,1,near,0,0,1.1138913875605363,0.9992762190710524,laser
1236,647,618.0,0.6173752767915879,0.5895386474030756,0.9588831237760636,0.8342925604201019,1,0,3,2,1,0,0,1,0,1,near,0,0,1.1178715272517377,0.9992710374241525,laser
1807,1160,903.5,1.4352138821748204,0.9984579500946918,0.9588831237760636,0.9499777618977167,1,0,3,2,1,0,0,1,0,0,super,1,0,1.1183144512897039,0.9992704596493284,laser
651,647,647.0,0.5617020180145633,0.5617020180145633,0.9588831237760636,0.9588831237760636,1,0,3,1,1,0,0,1,0,1,near,0,0,1.121296478025773,0.999266563769479,laser
1236,647,618.0,0.6173752767915879,0.5895386474030756,0.9588831237760636,0.8342925604201019,1,0,3,2,1,0,0,1,0,1,near,0,0,1.1227446426448702,0.9992646680669602,laser
2078,2076,2076.0,0.5,0.5,1.0,1.0,4,0,3,1,1,0,0,1,0,1,near,0,1,1.1236666000038211,0.9992634599150564,laser
2037,1390,1018.5,0.5617020180145633,0.5308510090072817,1.0,0.9794415618880318,1,0,3,2,1,0,0,1,0,1,near,0,0,1.1301327418019536,0.999254958682135,laser
2078,2076,2076.0,0.5,0.5,1.0,1.0,4,0,3,1,1,0,0,1,0,1,near,0,1,1.1323219246478642,0.9992520694438183,laser
649,647,647.0,0.5617020180145633,0.5617020180145633,0.9588831237760636,0.9588831237760636,1,0,3,1,1,0,0,1,0,1,near,0,0,1.1337100963167863,0.9992502344666594,laser
1807,1160,903.5,1.4352138821748204,0.9984579500946918,0.9588831237760636,0.9499777618977167,1,0,3,2,1,0,0,1,0,0,super,1,0,1.133893945529658,0.9992499912740118,laser
2064,1475,1032.0,0.8251736992831495,0.7212744880373687,0.9018117822274638,0.805756889645802,1,0,3,2,1,0,0,1,0,1,near,0,0,1.136520165766571,0.9992465130490747,laser
2064,1475,1032.0,0.8251736992831495,0.7212744880373687,0.9018117822274638,0.805756889645802,1,0,3,2,1,0,0,1,0,1,near,0,0,1.1399749158569845,0.9992419252456981,laser
1236,647,618.0,0.6173752767915879,0.5895386474030756,0.9588831237760636,0.8342925604201019,1,0,3,2,1,0,0,1,0,1,near,0,0,1.1443455241848215,0.9992361012592164,laser
1236,647,618.0,0.6173752767915879,0.5895386474030756,0.9588831237760636,0.8342925604201019,1,0,3,2,1,0,0,1,0,1,near,0,0,1.1495391755212085,0.9992291515630344,laser
1672,1025,836.0,0.7555189998530525,0.6586105089338079,0.9588831237760636,0.7350192244887085,1,0,3,2,1,0,0,1,0,1,near,0,0,1.1546756638796096,0.9992222474050457,laser
1236,647,618.0,0.6173752767915879,0.5895386474030756,0.9588831237760636,0.8342925604201019,1,0,3,2,1,0,0,1,0,1,near,0,0,1.154998765946167,0.9992218120817128,laser
1236,647,618.0,0.6173752767915879,0.5895386474030756,0.9588831237760636,0.8342925604201019,1,0,3,2,1,0,0,1,0,1,near,0,0,1.1568562871892323,0.9992193070349686,laser
704,647,352.0,0.562588421018536,0.5621452195165497,1.0,0.9794415618880318,1,0,3,2,1,0,0,1,0,1,near,0,0,1.1575098544624012,0.9992184246790408,laser
1807,1160,903.5,1.4352138821748204,0.9984579500946918,0.9588831237760636,0.9499777618977167,1,0,3,2,1,0,0,1,0,0,super,1,0,1.1578354526709902,0.9992179849155002,laser
1236,647,618.0,0.6173752767915879,0.5895386474030756,0.9588831237760636,0.8342925604201019,1,0,3,2,1,0,0,1,0,1,near,0,0,1.1581442551599141,0.9992175677225266,laser
651,647,647.0,0.5617020180145633,0.5617020180145633,0.9588831237760636,0.9588831237760636,1,0,3,1,1,0,0,1,0,1,near,0,0,1.1602142179176809,0.9992147683250658,laser
1807,1160,903.5,1.4352138821748204,0.9984579500946918,0.9410724000193698,0.8604523940451243,1,0,3,2,1,0,0,1,0,0,super,1,0,1.1654080052090239,0.999207722290463,laser
1236,647,618.0,0.6173752767915879,0.5895386474030756,0.9588831237760636,0.8342925604201019,1,0,3,2,1,0,0,1,0,1,near,0,0,1.1682944148901346,0.9992037929026615,laser
1236,647,618.0,0.6173752767915879,0.5895386474030756,0.9588831237760636,0.751151000486315,1,0,3,2,1,0,0,1,0,1,near,0,0,1.1722336594815874,0.9991984145627562,laser
1807,1160,903.5,1.4352138821748204,0.9984579500946918,0.9588831237760636,0.9499777618977167,1,0,3,2,1,0,0,1,0,0,super,1,0,1.1736124727067196,0.9991965277604148,laser
1236,647,618.0,0.6173752767915879,0.5895386474030756,0.9588831237760636,0.8342925604201019,1,0,3,2,1,0,0,1,0,1,near,0,0,1.1754874648243758,0.9991939584156523,laser
692,685,685.0,0.744625963374475,0.744625963374475,0.6337750483486635,0.6337750483486635,4,0,3,1,1,0,0,1,0,1,near,0,1,1.1800547402389323,0.999187682609297,laser
1236,647,618.0,0.6173752767915879,0.5895386474030756,0.9588831237760636,0.8342925604201019,1,0,3,2,1,0,0,1,0,1,near,0,0,1.1829066763345195,0.9991837514751529,laser
2078,2076,2076.0,0.5,0.5,1.0,1.0,1,0,3,1,1,0,0,1,0,1,near,0,0,1.183222576549873,0.9991833154517197,laser
704,647,352.0,0.562588421018536,0.5621452195165497,1.0,0.9794415618880318,1,0,3,2,1,0,0,1,0,1,near,0,0,1.1846740922584853,0.999181310490715,laser
1807,1160,903.5,1.4352138821748204,0.9984579500946918,0.9588831237760636,0.9499777618977167,1,0,3,2,1,0,0,1,0,0,super,1,0,1.1897076666914659,0.9991743386334743,laser
1236,647,618.0,0.6173752767915879,0.5895386474030756,0.9588831237760636,0.751151000486315,1,0,3,2,1,0,0,1,0,1,near,0,0,1.1906841020998233,0.9991729827779868,laser
704,647,352.0,0.562588421018536,0.5621452195165497,1.0,0.9794415618880318,1,0,3,2,1,0,0,1,0,1,near,0,0,1.1918256882837541,0.9991713961875162,laser
2115,2072,1057.5,0.6712455684944186,0.5856227842472093,1.0,1.0,1,0,3,2,1,0,0,1,0,1,near,0,0,1.1961466292410114,0.9991653771220984,laser
1807,1160,903.5,1.4352138821748204,0.9984579500946918,0.9588831237760636,0.9499777618977167,1,0,3,2,1,0,0,1,0,0,super,1,0,1.1982288481813468,0.999162468816147,laser
1236,647,618.0,0.6173752767915879,0.5895386474030756,0.9588831237760636,0.8342925604201019,1,0,3,2,1,0,0,1,0,1,near,0,0,1.199919715158819,0.999160103403199,laser
704,647,352.0,0.562588421018536,0.5621452195165497,1.0,0.9794415618880318,1,0,3,2,1,0,0,1,0,1,near,0,0,1.2010857893653988,0.9991584701978707,laser
1236,647,618.0,0.6173752767915879,0.5895386474030756,0.9588831237760636,0.8342925604201019,1,0,3,2,1,0,0,1,0,1,near,0,0,1.2051173287654888,0.9991528113940611,laser
1236,647,618.0,0.6173752767915879,0.5895386474030756,0.9588831237760636,0.8342925604201019,1,0,3,2,1,0,0,1,0,1,near,0,0,1.207522603448713,0.9991494262384667,laser
1236,647,618.0,0.6173752767915879,0.5895386474030756,0.9588831237760636,0.8342925604201019,1,0,3,2,1,0,0,1,0,1,near,0,0,1.2094662420954123,0.9991466858532534,laser
1236,647,618.0,0.6173752767915879,0.5895386474030756,0.9588831237760636,0.8342925604201019,1,0,3,2,1,0,0,1,0,1,near,0,0,1.216065344209447,0.999137348727097,laser
1236,647,618.0,0.6173752767915879,0.5895386474030756,0.9588831237760636,0.8342925604201019,1,0,3,2,1,0,0,1,0,1,near,0,0,1.219381362170404,0.9991326376853988,laser
2078,2076,2076.0,0.5,0.5,1.0,1.0,4,0,3,1,1,0,0,1,0,1,near,0,1,1.221763763047693,0.999129245107077,laser
1807,1160,903.5,1.4352138821748204,0.9984579500946918,0.9588831237760636,0.9499777618977167,1,0,3,2,1,0,0,1,0,0,super,1,0,1.2233187293868562,0.9991270272377657,laser
1391,831,695.5,1.0,0.75,1.0,1.0,1,0,3,2,1,0,0,1,0,0,sub,0,0,1.234774187372199,0.9991106012235007,laser
1236,647,618.0,0.6173752767915879,0.5895386474030756,0.9588831237760636,0.8342925604201019,1,0,3,2,1,0,0,1,0,1,near,0,0,1.2350912468116793,0.9991101444136893,laser
1236,647,618.0,0.6173752767915879,0.5895386474030756,0.9588831237760636,0.8342925604201019,1,0,3,2,1,0,0,1,0,1,near,0,0,1.2378500362186333,0.999106164681957,laser
1236,647,618.0,0.6173752767915879,0.5895386474030756,0.9588831237760636,0.8342925604201019,1,0,3,2,1,0,0,1,0,1,near,0,0,1.238903059888993,0.9991046432858816,laser
2106,1478,1053.0,0.8073996686781405,0.6876290829448894,0.713252088661376,0.6593560306372415,1,0,3,2,1,0,0,1,0,1,near,0,0,1.241968701707103,0.9991002067175906,laser
2133,2076,1066.5,0.562588421018536,0.531294210509268,1.0,1.0,1,0,3,2,1,0,0,1,0,1,near,0,0,1.2419912059118885,0.9991001741091751,laser
704,647,352.0,0.562588421018536,0.5621452195165497,1.0,0.9794415618880318,1,0,3,2,1,0,0,1,0,1,near,0,0,1.2478558051690802,0.9990916562109401,laser
1807,1160,903.5,1.4352138821748204,0.9984579500946918,0.9588831237760636,0.9499777618977167,1,0,3,2,1,0,0,1,0,0,super,1,0,1.2481422946907588,0.9990912390780483,laser
1236,647,618.0,0.6173752767915879,0.5895386474030756,0.9588831237760636,0.8342925604201019,1,0,3,2,1,0,0,1,0,1,near,0,0,1.2531072315086713,0.9990839948487389,laser
2106,1478,1053.0,0.8073996686781405,0.6876290829448894,0.713252088661376,0.6593560306372415,1,0,3,2,1,0,0,1,0,1,near,0,0,1.2533948949832248,0.9990835742439215,laser
1236,647,618.0,0.6173752767915879,0.5895386474030756,0.9588831237760636,0.8342925604201019,1,0,3,2,1,0,0,1,0,1,near,0,0,1.257779946170736,0.9990771507241909,laser
2106,1478,1053.0,0.8073996686781405,0.6876290829448894,0.713252088661376,0.6593560306372415,1,0,3,2,1,0,0,1,0,1,near,0,0,1.258441518540103,0.9990761796606137,laser
1807,1160,903.5,1.4352138821748204,0.9984579500946918,0.9588831237760636,0.9499777618977167,1,0,3,2,1,0,0,1,0,0,super,1,0,1.2597938792687495,0.9990741930611285,laser
1236,647,618.0,0.6173752767915879,0.5895386474030756,0.9588831237760636,0.8342925604201019,1,0,3,2,1,0,0,1,0,1,near,0,0,1.2599839613813173,0.9990739136620651,laser
2106,1478,1053.0,0.8073996686781405,0.6876290829448894,0.713252088661376,0.6593560306372415,1,0,3,2,1,0,0,1,0,1,near,0,0,1.2615150090216758,0.999071661659177,laser
1807,1160,903.5,1.4352138821748204,0.9984579500946918,0.9588831237760636,0.9499777618977167,1,0,3,2,1,0,0,1,0,0,super,1,0,1.2619975524590807,0.9990709513239906,laser
1807,1160,903.5,1.4352138821748204,0.9984579500946918,0.9588831237760636,0.9499777618977167,1,0,3,2,1,0,0,1,0,0,super,1,0,1.2621671468254345,0.9990707016055848,laser
1258,675,629.0,1.2050710871556776,0.8675648015411139,0.738279173707465,0.5842902884507795,4,0,3,2,1,0,0,1,0,0,super,1,1,1.269184324679559,0.9990603397776184,laser
1807,1160,903.5,1.4352138821748204,0.9984579500946918,0.9588831237760636,0.9499777618977167,1,0,3,2,1,0,0,1,0,0,super,1,0,1.2692699894946977,0.9990602129267989,laser
1807,1160,903.5,1.4352138821748204,0.9984579500946918,0.9588831237760636,0.9499777618977167,1,0,3,2,1,0,0,1,0,0,super,1,0,1.2705926207324063,0.9990582533132034,laser
1236,647,618.0,0.6173752767915879,0.5895386474030756,0.9588831237760636,0.8342925604201019,1,0,3,2,1,0,0,1,0,1,near,0,0,1.2711101767995177,0.9990574859453276,laser
2176,2166,1088.0,2.0,1.5,1.0,0.8588028964837758,1,0,3,2,1,0,0,1,0,0,super,1,0,0.8987655823928717,0.9995287902049039,laser
1432,1408,900.5,1.0358484383129594,0.8200876657717884,0.9129970249383235,0.8317732750002458,3,0,3,2,1,0,0,0,0,0,super,1,0,0.924482165747947,0.9995014387521793,laser
1505,1466,738.5,0.9218153540858913,0.8794751406662586,0.9823443560605094,0.6798407947750643,4,0,3,2,1,0,0,0,0,1,near,0,1,0.9513081254606539,0.9994720851776348,laser
1490,1466,738.5,0.9218153540858913,0.8794751406662586,0.9823443560605094,0.6798407947750643,3,0,3,2,1,0,0,0,0,1,near,0,0,0.9558585432905117,0.9994670227203953,laser
1432,1408,900.5,1.0358484383129594,0.8200876657717884,0.9129970249383235,0.8317732750002458,3,0,3,2,1,0,0,0,0,0,super,1,0,1.0041613775459335,0.9994117953273371,laser
1505,1466,738.5,0.9218153540858913,0.8794751406662586,0.9823443560605094,0.6798407947750643,4,0,3,2,1,0,0,0,0,1,near,0,1,1.0139676906047612,0.9994002508005724,laser
1505,1466,738.5,0.9218153540858913,0.8794751406662586,0.9823443560605094,0.6798407947750643,4,0,3,2,1,0,0,0,0,1,near,0,1,1.0160405290636714,0.9993977961781462,laser
1917,1878,944.5,0.8371349272466261,0.8058328515352617,0.5002731712448982,0.43880520236725873,4,0,3,2,1,0,0,0,0,1,near,0,1,1.0228997249929146,0.9993896378879018,laser
1505,1466,738.5,0.9218153540858913,0.8794751406662586,0.9823443560605094,0.6798407947750643,4,0,3,2,1,0,0,0,0,1,near,0,1,1.02432126533085,0.9993879402488497,laser
1578,1577,801.5,1.4933057185055956,1.3285269322315787,0.7751709136486538,0.6738052865361714,0,0,2,2,0,0,1,0,0,0,super,1,0,1.0345731413512935,0.999375627391082,laser
1432,1408,900.5,1.0358484383129594,0.8200876657717884,0.9129970249383235,0.8317732750002458,3,0,3,2,1,0,0,0,0,0,super,1,0,1.0367899661706352,0.9993729487837363,laser
1505,1466,738.5,0.9218153540858913,0.8794751406662586,0.9823443560605094,0.6798407947750643,4,0,3,2,1,0,0,0,0,1,near,0,1,1.0459804847591463,0.9993617826488753,laser
1505,1466,738.5,0.9218153540858913,0.8794751406662586,0.9823443560605094,0.6798407947750643,4,0,3,2,1,0,0,0,0,1,near,0,1,1.0537726452025529,0.9993522382722811,laser
1505,1466,738.5,0.9218153540858913,0.8794751406662586,0.9823443560605094,0.6798407947750643,4,0,3,2,1,0,0,0,0,1,near,0,1,1.0623529716688338,0.9993416465471829,laser
1505,1466,738.5,0.9218153540858913,0.8794751406662586,0.9823443560605094,0.6798407947750643,4,0,3,2,1,0,0,0,0,1,near,0,1,1.0688204961097065,0.9993336061348173,laser
1505,1466,738.5,0.9218153540858913,0.8794751406662586,0.9823443560605094,0.6798407947750643,4,0,3,2,1,0,0,0,0,1,near,0,1,1.0732097134689407,0.9993281216716631,laser
1505,1466,738.5,0.9218153540858913,0.8794751406662586,0.9823443560605094,0.6798407947750643,4,0,3,2,1,0,0,0,0,1,near,0,1,1.0777106460165902,0.9993224742751883,laser
1505,1466,738.5,0.9218153540858913,0.8794751406662586,0.9823443560605094,0.6798407947750643,4,0,3,2,1,0,0,0,0,1,near,0,1,1.087157370947924,0.9993105444484123,laser
1482,1481,1481.0,0.8864942494888153,0.8864942494888153,0.5164457438145182,0.5164457438145182,0,0,1,1,0,1,0,0,1,1,near,0,0,1.0910974188687963,0.9993055379783312,laser
1505,1466,738.5,0.9218153540858913,0.8794751406662586,0.9823443560605094,0.6798407947750643,4,0,3,2,1,0,0,0,0,1,near,0,1,1.093274212554172,0.9993027642415846,laser
1541,1466,738.5,0.9218153540858913,0.8794751406662586,0.9823443560605094,0.6798407947750643,4,0,3,2,1,0,0,0,0,1,near,0,1,1.095525716425915,0.9992998894907578,laser
2176,2166,1088.0,2.0,1.5,1.0,0.8588028964837758,1,0,3,2,1,0,0,1,0,0,super,1,0,1.0955911502485836,0.9992998058555234,laser
1505,1466,738.5,0.9218153540858913,0.8794751406662586,0.9823443560605094,0.6798407947750643,4,0,3,2,1,0,0,0,0,1,near,0,1,1.1030984481839696,0.9992901771253412,laser
1505,1466,738.5,0.9218153540858913,0.8794751406662586,0.9823443560605094,0.6798407947750643,4,0,3,2,1,0,0,0,0,1,near,0,1,1.1045416274558015,0.9992883185935458,laser
1917,1878,944.5,0.8371349272466261,0.8058328515352617,0.5002731712448982,0.43880520236725873,4,0,3,2,1,0,0,0,0,1,near,0,1,1.1050388571949834,0.9992876776963597,laser
1505,1466,738.5,0.9218153540858913,0.8794751406662586,0.9823443560605094,0.6798407947750643,4,0,3,2,1,0,0,0,0,1,near,0,1,1.1075037425027168,0.9992844963584485,laser
1505,1466,738.5,0.9218153540858913,0.8794751406662586,0.9823443560605094,0.6798407947750643,4,0,3,2,1,0,0,0,0,1,near,0,1,1.1180955739934069,0.9992707451936902,laser
2176,2166,1088.0,2.0,1.5,1.0,0.8588028964837758,1,0,3,2,1,0,0,1,0,0,super,1,0,1.1186969135270342,0.9992699605601018,laser
1505,1466,738.5,0.9218153540858913,0.8794751406662586,0.9823443560605094,0.6798407947750643,4,0,3,2,1,0,0,0,0,1,near,0,1,1.1190973394568824,0.999269437846513,laser
1505,1466,738.5,0.9218153540858913,0.8794751406662586,0.9823443560605094,0.6798407947750643,4,0,3,2,1,0,0,0,0,1,near,0,1,1.1230306296331145,0.9992642934098205,laser
1505,1466,738.5,0.9218153540858913,0.8794751406662586,0.9823443560605094,0.6798407947750643,4,0,3,2,1,0,0,0,0,1,near,0,1,1.1245991211832842,0.9992622369113119,laser
1482,1481,1481.0,0.8864942494888153,0.8864942494888153,0.5164457438145182,0.5164457438145182,0,0,1,1,0,1,0,0,1,1,near,0,0,1.125208317676223,0.9992614374007849,laser
1505,1466,738.5,0.9218153540858913,0.8794751406662586,0.9823443560605094,0.6798407947750643,4,0,3,2,1,0,0,0,0,1,near,0,1,1.1256471517978914,0.9992608612058428,laser
1505,1466,738.5,0.9218153540858913,0.8794751406662586,0.9823443560605094,0.6798407947750643,4,0,3,2,1,0,0,0,0,1,near,0,1,1.1295992470947007,0.9992556619301131,laser
1505,1466,738.5,0.9218153540858913,0.8794751406662586,0.9823443560605094,0.6798407947750643,4,0,3,2,1,0,0,0,0,1,near,0,1,1.1387486550048573,0.9992435552770285,laser
1505,1466,738.5,0.9218153540858913,0.8794751406662586,0.9823443560605094,0.6798407947750643,4,0,3,2,1,0,0,0,0,1,near,0,1,1.1388448092583756,0.9992434275254861,laser
1505,1466,738.5,0.9218153540858913,0.8794751406662586,0.9823443560605094,0.6798407947750643,4,0,3,2,1,0,0,0,0,1,near,0,1,1.1390281963875657,0.9992431838455325,laser
1578,1577,793.5,2.0,1.5818740729787808,1.0,0.8875854568243269,0,0,2,2,0,0,1,0,0,0,super,1,0,1.141554681700379,0.9992398227250469,laser
1505,1466,738.5,0.9218153540858913,0.8794751406662586,0.9823443560605094,0.6798407947750643,4,0,3,2,1,0,0,0,0,1,near,0,1,1.1417981158459767,0.9992394984780537,laser
1505,1466,738.5,0.9218153540858913,0.8794751406662586,0.9823443560605094,0.6798407947750643,4,0,3,2,1,0,0,0,0,1,near,0,1,1.1422428932059447,0.9992389058693668,laser
1472,1464,1464.0,0.8291237368539878,0.8291237368539878,0.5122975480256415,0.5122975480256415,1,0,2,1,1,0,0,0,0,1,near,0,0,1.1431869694367292,0.9992376472442194,laser
1505,1466,738.5,0.9218153540858913,0.8794751406662586,0.9823443560605094,0.6798407947750643,4,0,3,2,1,0,0,0,0,1,near,0,1,1.1454686014696631,0.9992346011208546,laser
1505,1466,738.5,0.9218153540858913,0.8794751406662586,0.9823443560605094,0.6798407947750643,4,0,3,2,1,0,0,0,0,1,near,0,1,1.1471802163372533,0.9992323120194629,laser
1505,1466,738.5,0.9218153540858913,0.8794751406662586,0.9823443560605094,0.6798407947750643,4,0,3,2,1,0,0,0,0,1,near,0,1,1.1491625284209694,0.9992296566180513,laser
1472,1464,1464.0,0.8291237368539878,0.8291237368539878,0.5122975480256415,0.5122975480256415,1,0,2,1,1,0,0,0,0,1,near,0,0,1.149586396542228,0.9992290882315732,laser
1491,1481,1481.0,0.8864942494888153,0.8864942494888153,0.5164457438145182,0.5164457438145182,1,0,2,1,1,0,0,0,0,1,near,0,0,1.1506247466852713,0.9992276949689914,laser
1578,1577,1577.0,1.1637481459575618,1.1637481459575618,0.7751709136486538,0.7751709136486538,0,0,1,1,0,0,1,0,1,0,super,1,0,1.1513122790840375,0.9992267717429413,laser
1505,1466,738.5,0.9218153540858913,0.8794751406662586,0.9823443560605094,0.6798407947750643,4,0,3,2,1,0,0,0,0,1,near,0,1,1.1552548249895422,0.9992214670005791,laser
1505,1466,738.5,0.9218153540858913,0.8794751406662586,0.9823443560605094,0.6798407947750643,4,0,3,2,1,0,0,0,0,1,near,0,1,1.1556847531426644,0.9992208874305498,laser
1505,1466,738.5,0.9218153540858913,0.8794751406662586,0.9823443560605094,0.6798407947750643,4,0,3,2,1,0,0,0,0,1,near,0,1,1.1557811550155006,0.9992207574452001,laser
1505,1466,738.5,0.9218153540858913,0.8794751406662586,0.9823443560605094,0.6798407947750643,4,0,3,2,1,0,0,0,0,1,near,0,1,1.1567667321946007,0.9992194279008859,laser
1505,1466,738.5,0.9218153540858913,0.8794751406662586,0.9823443560605094,0.6798407947750643,4,0,3,2,1,0,0,0,0,1,near,0,1,1.157750053161181,0.9992181002708244,laser
1505,1466,738.5,0.9218153540858913,0.8794751406662586,0.9823443560605094,0.6798407947750643,4,0,3,2,1,0,0,0,0,1,near,0,1,1.157938276455085,0.9992178460126527,laser
1505,1466,738.5,0.9218153540858913,0.8794751406662586,0.9823443560605094,0.6798407947750643,4,0,3,2,1,0,0,0,0,1,near,0,1,1.1598066871763844,0.9992153198608767,laser
1505,1466,738.5,0.9218153540858913,0.8794751406662586,0.9823443560605094,0.6798407947750643,4,0,3,2,1,0,0,0,0,1,near,0,1,1.1605600459696646,0.9992143001432287,laser
1505,1466,738.5,0.9218153540858913,0.8794751406662586,0.9823443560605094,0.6798407947750643,4,0,3,2,1,0,0,0,0,1,near,0,1,1.160658225316849,0.9992141672026502,laser
1505,1466,738.5,0.9218153540858913,0.8794751406662586,0.9823443560605094,0.6798407947750643,4,0,3,2,1,0,0,0,0,1,near,0,1,1.166829616483457,0.9992057882075,laser
515,509,423.0,1.6477793946788166,1.2274406322243083,0.6892173865091689,0.5876872439588927,3,0,3,2,1,0,0,0,0,0,super,1,0,1.1676792182099716,0.9992046312101837,laser
1505,1466,738.5,0.9218153540858913,0.8794751406662586,0.9823443560605094,0.6798407947750643,4,0,3,2,1,0,0,0,0,1,near,0,1,1.1680313608787622,0.9992041514114222,laser
2176,2166,1088.0,2.0,1.5,1.0,0.8588028964837758,1,0,3,2,1,0,0,1,0,0,super,1,0,1.1683351313342059,0.9992037374041737,laser
1505,1466,738.5,0.9218153540858913,0.8794751406662586,0.9823443560605094,0.6798407947750643,4,0,3,2,1,0,0,0,0,1,near,0,1,1.169741125956763,0.9992018197787677,laser
1505,1466,738.5,0.9218153540858913,0.8794751406662586,0.9823443560605094,0.6798407947750643,4,0,3,2,1,0,0,0,0,1,near,0,1,1.1706821368882696,0.9992005350527534,laser
1505,1466,738.5,0.9218153540858913,0.8794751406662586,0.9823443560605094,0.6798407947750643,4,0,3,2,1,0,0,0,0,1,near,0,1,1.1732740891681839,0.9991969910182457,laser
1505,1466,738.5,0.9218153540858913,0.8794751406662586,0.9823443560605094,0.6798407947750643,4,0,3,2,1,0,0,0,0,1,near,0,1,1.1743549938669,0.999195510757136,laser
1505,1466,738.5,0.9218153540858913,0.8794751406662586,0.9823443560605094,0.6798407947750643,4,0,3,2,1,0,0,0,0,1,near,0,1,1.1752432753170576,0.9991942932664429,laser
1505,1466,738.5,0.9218153540858913,0.8794751406662586,0.9823443560605094,0.6798407947750643,4,0,3,2,1,0,0,0,0,1,near,0,1,1.1756548794880752,0.9991937288040329,laser
1505,1466,738.5,0.9218153540858913,0.8794751406662586,0.9823443560605094,0.6798407947750643,4,0,3,2,1,0,0,0,0,1,near,0,1,1.1761528663107639,0.9991930456146464,laser
1432,1408,900.5,1.0358484383129594,0.8200876657717884,0.9129970249383235,0.8317732750002458,3,0,3,2,1,0,0,0,0,0,super,1,0,1.1770346133911718,0.9991918352339109,laser
1505,1466,738.5,0.9218153540858913,0.8794751406662586,0.9823443560605094,0.6798407947750643,4,0,3,2,1,0,0,0,0,1,near,0,1,1.177360980535656,0.9991913869973147,laser
2176,2166,1088.0,2.0,1.5,1.0,0.8588028964837758,1,0,3,2,1,0,0,1,0,0,super,1,0,1.1780038162624766,0.9991905037554848,laser
1505,1466,738.5,0.9218153540858913,0.8794751406662586,0.9823443560605094,0.6798407947750643,4,0,3,2,1,0,0,0,0,1,near,0,1,1.178131222203881,0.999190328645342,laser
1505,1466,738.5,0.9218153540858913,0.8794751406662586,0.9823443560605094,0.6798407947750643,4,0,3,2,1,0,0,0,0,1,near,0,1,1.1784576630706953,0.9991898798898352,laser
1505,1466,738.5,0.9218153540858913,0.8794751406662586,0.9823443560605094,0.6798407947750643,4,0,3,2,1,0,0,0,0,1,near,0,1,1.1793630625483773,0.9991886345942054,laser
1432,1408,900.5,1.0358484383129594,0.8200876657717884,0.9129970249383235,0.8317732750002458,3,0,3,2,1,0,0,0,0,0,super,1,0,1.1832406382074088,0.9991832905184747,laser
1505,1466,738.5,0.9218153540858913,0.8794751406662586,0.9823443560605094,0.6798407947750643,4,0,3,2,1,0,0,0,0,1,near,0,1,1.1843235350942336,0.9991817949362041,laser
1505,1466,738.5,0.9218153540858913,0.8794751406662586,0.9823443560605094,0.6798407947750643,4,0,3,2,1,0,0,0,0,1,near,0,1,1.1865605478383998,0.9991787010793017,laser
1505,1466,738.5,0.9218153540858913,0.8794751406662586,0.9823443560605094,0.6798407947750643,4,0,3,2,1,0,0,0,0,1,near,0,1,1.1875165555148877,0.9991773771108319,laser
1472,1464,1464.0,0.8291237368539878,0.8291237368539878,0.5122975480256415,0.5122975480256415,1,0,2,1,1,0,0,0,0,1,near,0,0,1.1916175756742766,0.9991716855382956,laser
1505,1466,738.5,0.9218153540858913,0.8794751406662586,0.9823443560605094,0.6798407947750643,4,0,3,2,1,0,0,0,0,1,near,0,1,1.194822905429047,0.9991672233821265,laser
1505,1466,738.5,0.9218153540858913,0.8794751406662586,0.9823443560605094,0.6798407947750643,4,0,3,2,1,0,0,0,0,1,near,0,1,1.1952037213337967,0.9991666924496869,laser
1505,1466,738.5,0.9218153540858913,0.8794751406662586,0.9823443560605094,0.6798407947750643,4,0,3,2,1,0,0,0,0,1,near,0,1,1.1958373324591796,0.9991658086959346,laser
1505,1466,738.5,0.9218153540858913,0.8794751406662586,0.9823443560605094,0.6798407947750643,4,0,3,2,1,0,0,0,0,1,near,0,1,1.1983866525356843,0.9991622481992408,laser
1505,1466,738.5,0.9218153540858913,0.8794751406662586,0.9823443560605094,0.6798407947750643,4,0,3,2,1,0,0,0,0,1,near,0,1,1.1989462816342547,0.9991614655807887,laser
1505,1466,738.5,0.9218153540858913,0.8794751406662586,0.9823443560605094,0.6798407947750643,4,0,3,2,1,0,0,0,0,1,near,0,1,1.2000073218394118,0.9991599807562619,laser
1505,1466,738.5,0.9218153540858913,0.8794751406662586,0.9823443560605094,0.6798407947750643,4,0,3,2,1,0,0,0,0,1,near,0,1,1.201484037919808,0.9991579120469183,laser
1505,1466,738.5,0.9218153540858913,0.8794751406662586,0.9823443560605094,0.6798407947750643,4,0,3,2,1,0,0,0,0,1,near,0,1,1.201576792784296,0.9991577820231036,laser
1505,1466,738.5,0.9218153540858913,0.8794751406662586,0.9823443560605094,0.6798407947750643,4,0,3,2,1,0,0,0,0,1,near,0,1,1.2022452391941925,0.9991568446977811,laser
1578,1577,793.5,2.0,1.5818740729787808,1.0,0.8875854568243269,0,0,2,2,0,0,1,0,0,0,super,1,0,1.2026043278862941,0.9991563409523881,laser
1491,1481,1481.0,0.8864942494888153,0.8864942494888153,0.5164457438145182,0.5164457438145182,1,0,2,1,1,0,0,0,0,1,near,0,0,1.2033174093355612,0.9991553401644142,laser
1505,1466,738.5,0.9218153540858913,0.8794751406662586,0.9823443560605094,0.6798407947750643,4,0,3,2,1,0,0,0,0,1,near,0,1,1.2047156001181984,0.9991533761244786,laser
1505,1466,738.5,0.9218153540858913,0.8794751406662586,0.9823443560605094,0.6798407947750643,4,0,3,2,1,0,0,0,0,1,near,0,1,1.2056315908822057,0.9991520881948273,laser
1505,1466,738.5,0.9218153540858913,0.8794751406662586,0.9823443560605094,0.6798407947750643,4,0,3,2,1,0,0,0,0,1,near,0,1,1.2056364721228217,0.9991520813289324,laser
1505,1466,738.5,0.9218153540858913,0.8794751406662586,0.9823443560605094,0.6798407947750643,4,0,3,2,1,0,0,0,0,1,near,0,1,1.2062903590943201,0.9991511613280232,laser
1505,1466,738.5,0.9218153540858913,0.8794751406662586,0.9823443560605094,0.6798407947750643,4,0,3,2,1,0,0,0,0,1,near,0,1,1.2089518329796207,0.9991474115605331,laser
515,509,423.0,1.6477793946788166,1.2274406322243083,0.6892173865091689,0.5876872439588927,3,0,3,2,1,0,0,0,0,0,super,1,0,1.2103272795289082,0.999145470446106,laser
1505,1466,738.5,0.9218153540858913,0.8794751406662586,0.9823443560605094,0.6798407947750643,4,0,3,2,1,0,0,0,0,1,near,0,1,1.2152306062150362,0.9991385326119164,laser
1505,1466,738.5,0.9218153540858913,0.8794751406662586,0.9823443560605094,0.6798407947750643,4,0,3,2,1,0,0,0,0,1,near,0,1,1.2156803886377576,0.9991378947994833,laser
1505,1466,738.5,0.9218153540858913,0.8794751406662586,0.9823443560605094,0.6798407947750643,4,0,3,2,1,0,0,0,0,1,near,0,1,1.2157380028639966,0.999137813082773,laser
1505,1466,738.5,0.9218153540858913,0.8794751406662586,0.9823443560605094,0.6798407947750643,4,0,3,2,1,0,0,0,0,1,near,0,1,1.21704187666323,0.9991359627074957,laser
1505,1466,738.5,0.9218153540858913,0.8794751406662586,0.9823443560605094,0.6798407947750643,4,0,3,2,1,0,0,0,0,1,near,0,1,1.217928142426989,0.9991347038428563,laser
2044,2031,2031.0,1.40317528601882,1.40317528601882,0.40991191969186613,0.40991191969186613,3,0,2,1,1,0,0,0,0,0,super,1,0,0.007873597399023418,0.9999997727337152,mgs
2044,2031,2031.0,1.40317528601882,1.40317528601882,0.40991191969186613,0.40991191969186613,3,0,2,1,1,0,0,0,0,0,super,1,0,0.00800242005120204,0.9999997652361128,mgs
2044,2031,2031.0,1.40317528601882,1.40317528601882,0.40991191969186613,0.40991191969186613,3,0,2,1,1,0,0,0,0,0,super,1,0,0.00858014650775832,0.9999997301154576,mgs
2044,2031,2031.0,1.40317528601882,1.40317528601882,0.40991191969186613,0.40991191969186613,3,0,2,1,1,0,0,0,0,0,super,1,0,0.008590726160743727,0.9999997294494911,mgs
2044,2031,2031.0,1.40317528601882,1.40317528601882,0.40991191969186613,0.40991191969186613,3,0,2,1,1,0,0,0,0,0,super,1,0,0.008618947277114798,0.9999997276690179,mgs
2044,2031,2031.0,1.40317528601882,1.40317528601882,0.40991191969186613,0.40991191969186613,3,0,2,1,1,0,0,0,0,0,super,1,0,0.008685094347964483,0.9999997234729089,mgs
2044,2031,2031.0,1.40317528601882,1.40317528601882,0.40991191969186613,0.40991191969186613,3,0,2,1,1,0,0,0,0,0,super,1,0,0.008710383398387834,0.9999997218601944,mgs
2044,2031,2031.0,1.40317528601882,1.40317528601882,0.40991191969186613,0.40991191969186613,3,0,2,1,1,0,0,0,0,0,super,1,0,0.008897092888971236,0.9999997098083889,mgs
2044,2031,2031.0,1.40317528601882,1.40317528601882,0.40991191969186613,0.40991191969186613,3,0,2,1,1,0,0,0,0,0,super,1,0,0.009286141545179375,0.999999683874738,mgs
2044,2031,2031.0,1.40317528601882,1.40317528601882,0.40991191969186613,0.40991191969186613,3,0,2,1,1,0,0,0,0,0,super,1,0,0.009484157223404786,0.9999996702490209,mgs
2044,2031,2031.0,1.40317528601882,1.40317528601882,0.40991191969186613,0.40991191969186613,3,0,2,1,1,0,0,0,0,0,super,1,0,0.009505807247776103,0.99999966874182,mgs
2044,2031,2031.0,1.40317528601882,1.40317528601882,0.40991191969186613,0.40991191969186613,3,0,2,1,1,0,0,0,0,0,super,1,0,0.009657397554985915,0.9999996580923455,mgs
2044,2031,2031.0,1.40317528601882,1.40317528601882,0.40991191969186613,0.40991191969186613,3,0,2,1,1,0,0,0,0,0,super,1,0,0.009697365357488125,0.9999996552564728,mgs
2044,2031,2031.0,1.40317528601882,1.40317528601882,0.40991191969186613,0.40991191969186613,3,0,2,1,1,0,0,0,0,0,super,1,0,0.010123965584713132,0.999999624257843,mgs
2044,2031,2031.0,1.40317528601882,1.40317528601882,0.40991191969186613,0.40991191969186613,3,0,2,1,1,0,0,0,0,0,super,1,0,0.010391622374858212,0.9999996041275155,mgs
2044,2031,2031.0,1.40317528601882,1.40317528601882,0.40991191969186613,0.40991191969186613,3,0,2,1,1,0,0,0,0,0,super,1,0,0.010401058847546954,0.9999996034082177,mgs
2044,2031,2031.0,1.40317528601882,1.40317528601882,0.40991191969186613,0.40991191969186613,3,0,2,1,1,0,0,0,0,0,super,1,0,0.010505721947304848,0.9999995953864632,mgs
2044,2031,2031.0,1.40317528601882,1.40317528601882,0.40991191969186613,0.40991191969186613,3,0,2,1,1,0,0,0,0,0,super,1,0,0.010621366221767119,0.9999995864296733,mgs
2044,2031,2031.0,1.40317528601882,1.40317528601882,0.40991191969186613,0.40991191969186613,3,0,2,1,1,0,0,0,0,0,super,1,0,0.010754840571004521,0.9999995759700256,mgs
2044,2031,2031.0,1.40317528601882,1.40317528601882,0.40991191969186613,0.40991191969186613,3,0,2,1,1,0,0,0,0,0,super,1,0,0.010879212869559441,0.9999995661060915,mgs
2044,2031,2031.0,1.40317528601882,1.40317528601882,0.40991191969186613,0.40991191969186613,3,0,2,1,1,0,0,0,0,0,super,1,0,0.010990130812801445,0.9999995572135447,mgs
2044,2031,2031.0,1.40317528601882,1.40317528601882,0.40991191969186613,0.40991191969186613,3,0,2,1,1,0,0,0,0,0,super,1,0,0.011014338321240666,0.9999995552607814,mgs
2089,2083,2083.0,1.40317528601882,1.40317528601882,0.40991191969186613,0.40991191969186613,3,0,2,1,1,0,0,0,0,0,super,1,0,0.011183937798731175,0.9999995414590884,mgs
2044,2031,2031.0,1.40317528601882,1.40317528601882,0.40991191969186613,0.40991191969186613,3,0,2,1,1,0,0,0,0,0,super,1,0,0.011204770479744873,0.9999995397492196,mgs
2044,2031,2031.0,1.40317528601882,1.40317528601882,0.40991191969186613,0.40991191969186613,3,0,2,1,1,0,0,0,0,0,super,1,0,0.01142792729619368,0.9999995212337349,mgs
2083,2075,2075.0,1.3919437937554833,1.3919437937554833,0.5054914520190068,0.5054914520190068,1,0,2,1,1,0,0,0,0,0,super,1,0,0.01154097230358437,0.9999995117149793,mgs
2044,2031,2031.0,1.40317528601882,1.40317528601882,0.40991191969186613,0.40991191969186613,3,0,2,1,1,0,0,0,0,0,super,1,0,0.011599204376962569,0.9999995067750864,mgs
2044,2031,2031.0,1.40317528601882,1.40317528601882,0.40991191969186613,0.40991191969186613,3,0,2,1,1,0,0,0,0,0,super,1,0,0.011628059417646849,0.9999995043180683,mgs
2044,2031,2031.0,1.40317528601882,1.40317528601882,0.40991191969186613,0.40991191969186613,3,0,2,1,1,0,0,0,0,0,super,1,0,0.011724787286981538,0.9999994960371204,mgs
2033,2032,2032.0,1.2259954837123994,1.2259954837123994,0.6116690181551889,0.6116690181551889,0,0,1,1,0,0,1,0,1,0,super,1,0,0.011817892735878037,0.9999994880014965,mgs
2044,2031,2031.0,1.40317528601882,1.40317528601882,0.40991191969186613,0.40991191969186613,3,0,2,1,1,0,0,0,0,0,super,1,0,0.01193283252621118,0.9999994779937595,mgs
2044,2031,2031.0,1.40317528601882,1.40317528601882,0.40991191969186613,0.40991191969186613,3,0,2,1,1,0,0,0,0,0,super,1,0,0.011984085966177874,0.9999994734999275,mgs
2044,2031,2031.0,1.40317528601882,1.40317528601882,0.40991191969186613,0.40991191969186613,3,0,2,1,1,0,0,0,0,0,super,1,0,0.012281648747792546,0.9999994470295179,mgs
2044,2031,2031.0,1.40317528601882,1.40317528601882,0.40991191969186613,0.40991191969186613,3,0,2,1,1,0,0,0,0,0,super,1,0,0.012347593009898123,0.9999994410754106,mgs
2044,2031,2031.0,1.40317528601882,1.40317528601882,0.40991191969186613,0.40991191969186613,3,0,2,1,1,0,0,0,0,0,super,1,0,0.012416048943960365,0.9999994348607958,mgs
2044,2031,2031.0,1.40317528601882,1.40317528601882,0.40991191969186613,0.40991191969186613,3,0,2,1,1,0,0,0,0,0,super,1,0,0.012506583000975898,0.9999994265891011,mgs
2044,2031,2031.0,1.40317528601882,1.40317528601882,0.40991191969186613,0.40991191969186613,3,0,2,1,1,0,0,0,0,0,super,1,0,0.012522659882112038,0.9999994251139446,mgs
2044,2031,2031.0,1.40317528601882,1.40317528601882,0.40991191969186613,0.40991191969186613,3,0,2,1,1,0,0,0,0,0,super,1,0,0.01271362734011078,0.9999994074465124,mgs
2033,2032,2032.0,1.2259954837123994,1.2259954837123994,0.6116690181551889,0.6116690181551889,0,0,1,1,0,1,0,0,1,0,super,1,0,0.012735894201923963,0.9999994053690784,mgs
2044,2031,2031.0,1.40317528601882,1.40317528601882,0.40991191969186613,0.40991191969186613,3,0,2,1,1,0,0,0,0,0,super,1,0,0.012896317484181638,0.9999993902946074,mgs
2071,2031,2031.0,1.40317528601882,1.40317528601882,0.40991191969186613,0.40991191969186613,3,0,2,1,1,0,0,0,0,0,super,1,0,0.012930068499752341,0.9999993870991054,mgs
2044,2031,2031.0,1.40317528601882,1.40317528601882,0.40991191969186613,0.40991191969186613,3,0,2,1,1,0,0,0,0,0,super,1,0,0.012937169013220323,0.9999993864257747,mgs
2044,2031,2031.0,1.40317528601882,1.40317528601882,0.40991191969186613,0.40991191969186613,3,0,2,1,1,0,0,0,0,0,super,1,0,0.01301859863303127,0.9999993786775021,mgs
2044,2031,2031.0,1.40317528601882,1.40317528601882,0.40991191969186613,0.40991191969186613,3,0,2,1,1,0,0,0,0,0,super,1,0,0.013030836952478923,0.9999993775087869,mgs
2044,2031,2031.0,1.40317528601882,1.40317528601882,0.40991191969186613,0.40991191969186613,3,0,2,1,1,0,0,0,0,0,super,1,0,0.013141335651735003,0.999999366906842,mgs
2044,2031,2031.0,1.40317528601882,1.40317528601882,0.40991191969186613,0.40991191969186613,3,0,2,1,1,0,0,0,0,0,super,1,0,0.013169282195179174,0.9999993642112898,mgs
1209,1200,1200.0,1.3981773627378473,1.3981773627378473,0.3868622394970941,0.3868622394970941,2,0,2,1,1,0,0,0,0,0,super,1,0,0.013185832796278772,0.9999993626122204,mgs
2044,2031,2031.0,1.40317528601882,1.40317528601882,0.40991191969186613,0.40991191969186613,3,0,2,1,1,0,0,0,0,0,super,1,0,0.01347550871748207,0.9999993342994088,mgs
2044,2031,2031.0,1.40317528601882,1.40317528601882,0.40991191969186613,0.40991191969186613,3,0,2,1,1,0,0,0,0,0,super,1,0,0.01357104826727709,0.9999993248264908,mgs
2000,1993,1993.0,0.5143813585469961,0.5143813585469961,0.3208218464035616,0.3208218464035616,4,0,3,1,1,0,0,1,0,1,near,0,1,0.013600099140417021,0.9999993219327756,mgs
2044,2031,2031.0,1.40317528601882,1.40317528601882,0.40991191969186613,0.40991191969186613,3,0,2,1,1,0,0,0,0,0,super,1,0,0.013630193525361108,0.9999993189285926,mgs
2044,2031,2031.0,1.40317528601882,1.40317528601882,0.40991191969186613,0.40991191969186613,3,0,2,1,1,0,0,0,0,0,super,1,0,0.013630733769749857,0.9999993188746018,mgs
2044,2031,2031.0,1.40317528601882,1.40317528601882,0.40991191969186613,0.40991191969186613,3,0,2,1,1,0,0,0,0,0,super,1,0,0.01363471255553971,0.9999993184769054,mgs
2044,2031,2031.0,1.40317528601882,1.40317528601882,0.40991191969186613,0.40991191969186613,3,0,2,1,1,0,0,0,0,0,super,1,0,0.013680473787871943,0.9999993138945319,mgs
2038,2029,2029.0,1.5126450424889517,1.5126450424889517,0.36125095601884205,0.36125095601884205,2,0,2,1,1,0,0,0,0,0,super,1,0,0.013736261679057138,0.9999993082873545,mgs
2044,2031,2031.0,1.40317528601882,1.40317528601882,0.40991191969186613,0.40991191969186613,3,0,2,1,1,0,0,0,0,0,super,1,0,0.013856517316322254,0.9999992961229882,mgs
2044,2031,2031.0,1.40317528601882,1.40317528601882,0.40991191969186613,0.40991191969186613,3,0,2,1,1,0,0,0,0,0,super,1,0,0.013864046824043226,0.9999992953578194,mgs
2071,2031,2031.0,1.40317528601882,1.40317528601882,0.40991191969186613,0.40991191969186613,3,0,2,1,1,0,0,0,0,0,super,1,0,0.013943235063958979,0.9999992872853235,mgs
2044,2031,2031.0,1.40317528601882,1.40317528601882,0.40991191969186613,0.40991191969186613,3,0,2,1,1,0,0,0,0,0,super,1,0,0.014037476868261746,0.9999992776183405,mgs
2044,2031,2031.0,1.40317528601882,1.40317528601882,0.40991191969186613,0.40991191969186613,3,0,2,1,1,0,0,0,0,0,super,1,0,0.014078250138614672,0.9999992734157849,mgs
2044,2031,2031.0,1.40317528601882,1.40317528601882,0.40991191969186613,0.40991191969186613,3,0,2,1,1,0,0,0,0,0,super,1,0,0.014376318517368288,0.9999992423232223,mgs
2044,2031,2031.0,1.40317528601882,1.40317528601882,0.40991191969186613,0.40991191969186613,3,0,2,1,1,0,0,0,0,0,super,1,0,0.014456897606799229,0.9999992338058812,mgs
2044,2031,2031.0,1.40317528601882,1.40317528601882,0.40991191969186613,0.40991191969186613,3,0,2,1,1,0,0,0,0,0,super,1,0,0.014472316629674714,0.9999992321706389,mgs
2044,2031,2031.0,1.40317528601882,1.40317528601882,0.40991191969186613,0.40991191969186613,3,0,2,1,1,0,0,0,0,0,super,1,0,0.014496611281510825,0.9999992295905676,mgs
2044,2031,2031.0,1.40317528601882,1.40317528601882,0.40991191969186613,0.40991191969186613,3,0,2,1,1,0,0,0,0,0,super,1,0,0.014503918505034151,0.9999992288137002,mgs
2000,1993,1993.0,0.5143813585469961,0.5143813585469961,0.3208218464035616,0.3208218464035616,4,0,3,1,1,0,0,1,0,1,near,0,1,0.014636891913184484,0.999999214608249,mgs
2044,2031,2031.0,1.40317528601882,1.40317528601882,0.40991191969186613,0.40991191969186613,3,0,2,1,1,0,0,0,0,0,super,1,0,0.014704751157159319,0.999999207308935,mgs
2044,2031,2031.0,1.40317528601882,1.40317528601882,0.40991191969186613,0.40991191969186613,3,0,2,1,1,0,0,0,0,0,super,1,0,0.014800370323322746,0.9999991969663056,mgs
2044,2031,2031.0,1.40317528601882,1.40317528601882,0.40991191969186613,0.40991191969186613,3,0,2,1,1,0,0,0,0,0,super,1,0,0.014808309935716687,0.9999991961045047,mgs
2044,2031,2031.0,1.40317528601882,1.40317528601882,0.40991191969186613,0.40991191969186613,3,0,2,1,1,0,0,0,0,0,super,1,0,0.014813745800788715,0.9999991955142051,mgs
2000,1993,1993.0,0.5143813585469961,0.5143813585469961,0.3208218464035616,0.3208218464035616,4,0,3,1,1,0,0,1,0,1,near,0,1,0.014832154382713682,0.9999991935135437,mgs
2041,2032,2032.0,1.2357446183142622,1.2357446183142622,0.5961873548880638,0.5961873548880638,2,0,2,1,1,0,0,0,0,0,super,1,0,0.01486150393351209,0.9999991903186695,mgs
2044,2031,2031.0,1.40317528601882,1.40317528601882,0.40991191969186613,0.40991191969186613,3,0,2,1,1,0,0,0,0,0,super,1,0,0.01486796385731267,0.9999991896146201,mgs
2041,2032,2032.0,1.2357446183142622,1.2357446183142622,0.5961873548880638,0.5961873548880638,2,0,2,1,1,0,0,0,0,0,super,1,0,0.015015517331839019,0.9999991734498612,mgs
2033,2031,2031.0,1.319292157369413,1.319292157369413,0.611308884037538,0.611308884037538,4,0,2,1,1,0,0,0,0,0,super,1,1,0.015018050887008062,0.9999991731709115,mgs
2044,2031,2031.0,1.40317528601882,1.40317528601882,0.40991191969186613,0.40991191969186613,3,0,2,1,1,0,0,0,0,0,super,1,0,0.015343979118837165,0.9999991368930741,mgs
1223,1199,1199.0,1.250254463369715,1.250254463369715,0.4378876495028557,0.4378876495028557,3,0,2,1,1,0,0,0,0,0,super,1,0,0.015402250239204322,0.9999991303250636,mgs
2044,2031,2031.0,1.40317528601882,1.40317528601882,0.40991191969186613,0.40991191969186613,3,0,2,1,1,0,0,0,0,0,super,1,0,0.015479072321898733,0.9999991216280416,mgs
2033,2032,2032.0,1.2259954837123994,1.2259954837123994,0.6116690181551889,0.6116690181551889,0,0,1,1,0,0,1,0,1,0,super,1,0,0.015709931232831577,0.999999095232125,mgs
1201,1200,1200.0,1.3981773627378473,1.3981773627378473,0.3868622394970941,0.3868622394970941,0,0,1,1,0,0,1,0,1,0,super,1,0,0.015749553565779142,0.9999990906625033,mgs
2044,2031,2031.0,1.40317528601882,1.40317528601882,0.40991191969186613,0.40991191969186613,3,0,2,1,1,0,0,0,0,0,super,1,0,0.01577235414672208,0.9999990880277072,mgs
2044,2031,2031.0,1.40317528601882,1.40317528601882,0.40991191969186613,0.40991191969186613,3,0,2,1,1,0,0,0,0,0,super,1,0,0.015822843827050837,0.9999990821796406,mgs
2044,2031,2031.0,1.40317528601882,1.40317528601882,0.40991191969186613,0.40991191969186613,3,0,2,1,1,0,0,0,0,0,super,1,0,0.015850095855746066,0.999999079015354,mgs
2129,2115,2115.0,1.4943911428889733,1.4943911428889733,0.46626611498210124,0.46626611498210124,2,0,2,1,1,0,0,0,0,0,super,1,0,0.015863819629869314,0.9999990774197981,mgs
2044,2031,2031.0,1.40317528601882,1.40317528601882,0.40991191969186613,0.40991191969186613,3,0,2,1,1,0,0,0,0,0,super,1,0,0.015879533281148894,0.9999990755911989,mgs
2055,2031,2031.0,1.3183202714112743,1.3183202714112743,0.3246958314874344,0.3246958314874344,3,0,2,1,1,0,0,0,0,0,super,1,0,0.01608398968127413,0.9999990516335634,mgs
2044,2031,2031.0,1.40317528601882,1.40317528601882,0.40991191969186613,0.40991191969186613,3,0,2,1,1,0,0,0,0,0,super,1,0,0.01612739791177251,0.9999990465076635,mgs
2044,2031,2031.0,1.40317528601882,1.40317528601882,0.40991191969186613,0.40991191969186613,3,0,2,1,1,0,0,0,0,0,super,1,0,0.016159279109689985,0.9999990427341441,mgs
2044,2031,2031.0,1.40317528601882,1.40317528601882,0.40991191969186613,0.40991191969186613,3,0,2,1,1,0,0,0,0,0,super,1,0,0.016224207047889284,0.9999990350261067,mgs
1209,1200,1200.0,1.3981773627378473,1.3981773627378473,0.3868622394970941,0.3868622394970941,2,0,2,1,1,0,0,0,0,0,super,1,0,0.016248345626911038,0.99999903215257,mgs
2038,2029,2029.0,1.5126450424889517,1.5126450424889517,0.36125095601884205,0.36125095601884205,2,0,2,1,1,0,0,0,0,0,super,1,0,0.016405488207762286,0.999999013341363,mgs
2032,2031,2031.0,1.40317528601882,1.40317528601882,0.40991191969186613,0.40991191969186613,0,0,1,1,0,0,1,0,1,0,super,1,0,0.016566532295660966,0.9999989938752629,mgs
2044,2031,2031.0,1.40317528601882,1.40317528601882,0.40991191969186613,0.40991191969186613,3,0,2,1,1,0,0,0,0,0,super,1,0,0.016571189333591387,0.9999989933095176,mgs
1209,1200,1200.0,1.3981773627378473,1.3981773627378473,0.3868622394970941,0.3868622394970941,2,0,2,1,1,0,0,0,0,0,super,1,0,0.01659701302804393,0.9999989901695229,mgs
2055,2031,2031.0,1.3183202714112743,1.3183202714112743,0.3246958314874344,0.3246958314874344,3,0,2,1,1,0,0,0,0,0,super,1,0,0.016602901399836403,0.9999989894528503,mgs
2055,2031,2031.0,1.3183202714112743,1.3183202714112743,0.3246958314874344,0.3246958314874344,3,0,2,1,1,0,0,0,0,0,super,1,0,0.016612223877221503,0.9999989883176935,mgs
2044,2031,2031.0,1.40317528601882,1.40317528601882,0.40991191969186613,0.40991191969186613,3,0,2,1,1,0,0,0,0,0,super,1,0,0.016613471977283148,0.9999989881656696,mgs
2044,2031,2031.0,1.40317528601882,1.40317528601882,0.40991191969186613,0.40991191969186613,3,0,2,1,1,0,0,0,0,0,super,1,0,0.0166160408917011,0.9999989878527288,mgs
2044,2031,2031.0,1.40317528601882,1.40317528601882,0.40991191969186613,0.40991191969186613,3,0,2,1,1,0,0,0,0,0,super,1,0,0.0169577431695183,0.9999989457958759,mgs
2044,2031,2031.0,1.40317528601882,1.40317528601882,0.40991191969186613,0.40991191969186613,3,0,2,1,1,0,0,0,0,0,super,1,0,0.01697825836444735,0.9999989432436158,mgs
1732,1730,1730.0,1.0,1.0,1.0,1.0,5,0,3,1,1,0,0,1,0,0,sub,0,1,0.00416102861247709,0.9999999365268564,mgs
1783,1764,1764.0,1.1139823575300258,1.1139823575300258,0.6890122623042554,0.6890122623042554,2,0,3,1,1,0,0,0,0,0,super,1,0,0.004380708607242876,0.9999999296478562,mgs
1783,1764,1764.0,1.1139823575300258,1.1139823575300258,0.6890122623042554,0.6890122623042554,2,0,3,1,1,0,0,0,0,0,super,1,0,0.004675387958592496,0.9999999198646917,mgs
1300,1298,1298.0,1.0,1.0,1.0,1.0,5,0,3,1,1,0,0,1,0,0,sub,0,1,0.004842345161625836,0.9999999140392711,mgs
1779,1764,1764.0,1.1139823575300258,1.1139823575300258,0.6890122623042554,0.6890122623042554,2,0,2,1,1,1,0,0,1,0,super,1,0,0.005415793372851428,0.9999998924741766,mgs
1783,1764,1764.0,1.1139823575300258,1.1139823575300258,0.6890122623042554,0.6890122623042554,2,0,3,1,1,0,0,0,0,0,super,1,0,0.0056833439767107,0.9999998815877897,mgs
1779,1764,1764.0,1.1139823575300258,1.1139823575300258,0.6890122623042554,0.6890122623042554,2,0,2,1,1,1,0,0,1,0,super,1,0,0.005781445518892297,0.9999998774646265,mgs
1732,1730,1730.0,1.0,1.0,1.0,1.0,5,0,3,1,1,0,0,1,0,0,sub,0,1,0.005824226186884904,0.9999998756444796,mgs
1783,1764,1764.0,1.1139823575300258,1.1139823575300258,0.6890122623042554,0.6890122623042554,2,0,3,1,1,0,0,0,0,0,super,1,0,0.00588027192877803,0.9999998732396516,mgs
1732,1730,1730.0,1.0,1.0,1.0,1.0,5,0,3,1,1,0,0,1,0,0,sub,0,1,0.005926953436207315,0.999999871219047,mgs
1770,1751,1751.0,1.297046797448261,1.297046797448261,0.4946007553300212,0.4946007553300212,2,0,3,1,1,0,0,0,0,0,super,1,0,0.006094575670915649,0.9999998638318456,mgs
1780,1751,1751.0,1.297046797448261,1.297046797448261,0.4946007553300212,0.4946007553300212,3,0,3,1,1,0,0,0,0,0,super,1,0,0.006235010942704073,0.9999998574841905,mgs
1783,1764,1764.0,1.1139823575300258,1.1139823575300258,0.6890122623042554,0.6890122623042554,2,0,3,1,1,0,0,0,0,0,super,1,0,0.006267818150089069,0.9999998559804734,mgs
1770,1751,1751.0,1.297046797448261,1.297046797448261,0.4946007553300212,0.4946007553300212,2,0,3,1,1,0,0,0,0,0,super,1,0,0.006359057552987182,0.9999998517570273,mgs
1783,1764,1764.0,1.1139823575300258,1.1139823575300258,0.6890122623042554,0.6890122623042554,2,0,3,1,1,0,0,0,0,0,super,1,0,0.0063977494456078626,0.9999998499475607,mgs
1732,1730,1730.0,1.0,1.0,1.0,1.0,5,0,3,1,1,0,0,1,0,0,sub,0,1,0.0064706718807323845,0.9999998465074293,mgs
1783,1764,1764.0,1.1139823575300258,1.1139823575300258,0.6890122623042554,0.6890122623042554,2,0,3,1,1,0,0,0,0,0,super,1,0,0.006839684873722453,0.9999998285013169,mgs
1779,1764,1764.0,1.1139823575300258,1.1139823575300258,0.6890122623042554,0.6890122623042554,2,0,2,1,1,1,0,0,1,0,super,1,0,0.006863759134154102,0.9999998272919132,mgs
1732,1730,1730.0,1.0,1.0,1.0,1.0,5,0,3,1,1,0,0,1,0,0,sub,0,1,0.00702839898240065,0.9999998189071022,mgs
1783,1764,1764.0,1.1139823575300258,1.1139823575300258,0.6890122623042554,0.6890122623042554,2,0,3,1,1,0,0,0,0,0,super,1,0,0.007145492310458519,0.9999998128228129,mgs
1783,1764,1764.0,1.1139823575300258,1.1139823575300258,0.6890122623042554,0.6890122623042554,2,0,3,1,1,0,0,0,0,0,super,1,0,0.00715566810087064,0.9999998122893208,mgs
1732,1730,1730.0,1.0,1.0,1.0,1.0,5,0,3,1,1,0,0,1,0,0,sub,0,1,0.007456848201357826,0.9999997961554012,mgs
1770,1751,1751.0,1.297046797448261,1.297046797448261,0.4946007553300212,0.4946007553300212,2,0,3,1,1,0,0,0,0,0,super,1,0,0.007521684019268545,0.9999997925952139,mgs
1770,1751,1751.0,1.297046797448261,1.297046797448261,0.4946007553300212,0.4946007553300212,2,0,3,1,1,0,0,0,0,0,super,1,0,0.007538748776226001,0.9999997916530506,mgs
1783,1764,1764.0,1.1139823575300258,1.1139823575300258,0.6890122623042554,0.6890122623042554,2,0,3,1,1,0,0,0,0,0,super,1,0,0.007590626664116032,0.9999997887757059,mgs
1783,1764,1764.0,1.1139823575300258,1.1139823575300258,0.6890122623042554,0.6890122623042554,2,0,3,1,1,0,0,0,0,0,super,1,0,0.007609263408725088,0.9999997877372236,mgs
1783,1764,1764.0,1.1139823575300258,1.1139823575300258,0.6890122623042554,0.6890122623042554,2,0,3,1,1,0,0,0,0,0,super,1,0,0.007723429609252214,0.9999997813200381,mgs
1779,1764,1764.0,1.1139823575300258,1.1139823575300258,0.6890122623042554,0.6890122623042554,2,0,2,1,1,1,0,0,1,0,super,1,0,0.007982276397764028,0.9999997664165183,mgs
1770,1751,1751.0,1.297046797448261,1.297046797448261,0.4946007553300212,0.4946007553300212,2,0,3,1,1,0,0,0,0,0,super,1,0,0.00801560958800418,0.9999997644616024,mgs
1773,1751,1751.0,1.297046797448261,1.297046797448261,0.4946007553300212,0.4946007553300212,5,0,3,1,1,0,0,0,0,0,super,1,1,0.00806390066868937,0.9999997616149899,mgs
1783,1764,1764.0,1.1139823575300258,1.1139823575300258,0.6890122623042554,0.6890122623042554,2,0,3,1,1,0,0,0,0,0,super,1,0,0.00808618058805056,0.9999997602958923,mgs
1770,1751,1751.0,1.297046797448261,1.297046797448261,0.4946007553300212,0.4946007553300212,2,0,3,1,1,0,0,0,0,0,super,1,0,0.008358664844430848,0.9999997438688335,mgs
1300,1298,1298.0,1.0,1.0,1.0,1.0,5,0,3,1,1,0,0,1,0,0,sub,0,1,0.008396742047631424,0.9999997415299497,mgs
1776,1751,1751.0,1.297046797448261,1.297046797448261,0.4946007553300212,0.4946007553300212,3,0,2,1,1,1,0,0,1,0,super,1,0,0.008424939492196361,0.9999997397910771,mgs
1783,1764,1764.0,1.1139823575300258,1.1139823575300258,0.6890122623042554,0.6890122623042554,2,0,3,1,1,0,0,0,0,0,super,1,0,0.008434223962030312,0.9999997392172492,mgs
1779,1764,1764.0,1.1139823575300258,1.1139823575300258,0.6890122623042554,0.6890122623042554,2,0,2,1,1,1,0,0,1,0,super,1,0,0.008437062578387567,0.9999997390416819,mgs
1773,1751,1751.0,1.297046797448261,1.297046797448261,0.4946007553300212,0.4946007553300212,5,0,3,1,1,0,0,0,0,0,super,1,1,0.00846396637379598,0.9999997373747599,mgs
1783,1764,1764.0,1.1139823575300258,1.1139823575300258,0.6890122623042554,0.6890122623042554,2,0,3,1,1,0,0,0,0,0,super,1,0,0.008471757817721805,0.9999997368910217,mgs
1783,1764,1764.0,1.1139823575300258,1.1139823575300258,0.6890122623042554,0.6890122623042554,2,0,3,1,1,0,0,0,0,0,super,1,0,0.008488281315641862,0.9999997358636741,mgs
1783,1764,1764.0,1.1139823575300258,1.1139823575300258,0.6890122623042554,0.6890122623042554,2,0,3,1,1,0,0,0,0,0,super,1,0,0.008545686173594002,0.999999732278972,mgs
1779,1764,1764.0,1.1139823575300258,1.1139823575300258,0.6890122623042554,0.6890122623042554,2,0,2,1,1,1,0,0,1,0,super,1,0,0.008644898980552538,0.9999997260265684,mgs
1783,1764,1764.0,1.1139823575300258,1.1139823575300258,0.6890122623042554,0.6890122623042554,2,0,3,1,1,0,0,0,0,0,super,1,0,0.008692199194409549,0.9999997230202975,mgs
1783,1764,1764.0,1.1139823575300258,1.1139823575300258,0.6890122623042554,0.6890122623042554,2,0,3,1,1,0,0,0,0,0,super,1,0,0.008695115618645336,0.9999997228344008,mgs
1770,1751,1751.0,1.297046797448261,1.297046797448261,0.4946007553300212,0.4946007553300212,2,0,3,1,1,0,0,0,0,0,super,1,0,0.008779187284212701,0.9999997174487508,mgs
1783,1764,1764.0,1.1139823575300258,1.1139823575300258,0.6890122623042554,0.6890122623042554,2,0,3,1,1,0,0,0,0,0,super,1,0,0.00880115183737426,0.9999997160331585,mgs
1780,1751,1751.0,1.297046797448261,1.297046797448261,0.4946007553300212,0.4946007553300212,3,0,3,1,1,0,0,0,0,0,super,1,0,0.0089688414559611,0.9999997051091496,mgs
1779,1764,1764.0,1.1139823575300258,1.1139823575300258,0.6890122623042554,0.6890122623042554,2,0,2,1,1,1,0,0,1,0,super,1,0,0.00900175046266335,0.9999997029411172,mgs
1770,1751,1751.0,1.297046797448261,1.297046797448261,0.4946007553300212,0.4946007553300212,2,0,3,1,1,0,0,0,0,0,super,1,0,0.009030354376075727,0.9999997010502524,mgs
1783,1764,1764.0,1.1139823575300258,1.1139823575300258,0.6890122623042554,0.6890122623042554,2,0,3,1,1,0,0,0,0,0,super,1,0,0.009039056055198454,0.9999997004738369,mgs
1783,1764,1764.0,1.1139823575300258,1.1139823575300258,0.6890122623042554,0.6890122623042554,2,0,3,1,1,0,0,0,0,0,super,1,0,0.009073647058599706,0.9999996981769742,mgs
1300,1298,1298.0,1.0,1.0,1.0,1.0,5,0,3,1,1,0,0,1,0,0,sub,0,1,0.00917014059292204,0.9999996917233774,mgs
1770,1751,1751.0,1.297046797448261,1.297046797448261,0.4946007553300212,0.4946007553300212,2,0,3,1,1,0,0,0,0,0,super,1,0,0.009266737058353035,0.9999996851945195,mgs
1770,1751,1751.0,1.297046797448261,1.297046797448261,0.4946007553300212,0.4946007553300212,2,0,3,1,1,0,0,0,0,0,super,1,0,0.009354108013625012,0.9999996792302801,mgs
1783,1764,1764.0,1.1139823575300258,1.1139823575300258,0.6890122623042554,0.6890122623042554,2,0,3,1,1,0,0,0,0,0,super,1,0,0.009401315122132188,0.9999996759844718,mgs
1779,1764,1764.0,1.1139823575300258,1.1139823575300258,0.6890122623042554,0.6890122623042554,2,0,2,1,1,1,0,0,1,0,super,1,0,0.009464294166685632,0.9999996716287963,mgs
1783,1764,1764.0,1.1139823575300258,1.1139823575300258,0.6890122623042554,0.6890122623042554,2,0,3,1,1,0,0,0,0,0,super,1,0,0.009490047465347259,0.9999996698393027,mgs
1781,1751,1751.0,1.297046797448261,1.297046797448261,0.4946007553300212,0.4946007553300212,3,0,3,1,1,0,0,0,0,0,super,1,0,0.009618406837239541,0.9999996608476039,mgs
1773,1751,1751.0,1.297046797448261,1.297046797448261,0.4946007553300212,0.4946007553300212,5,0,3,1,1,0,0,0,0,0,super,1,1,0.009643280571585476,0.9999996590912019,mgs
1770,1751,1751.0,1.297046797448261,1.297046797448261,0.4946007553300212,0.4946007553300212,2,0,3,1,1,0,0,0,0,0,super,1,0,0.009773028105053894,0.9999996498558302,mgs
1779,1764,1764.0,1.1139823575300258,1.1139823575300258,0.6890122623042554,0.6890122623042554,2,0,2,1,1,1,0,0,1,0,super,1,0,0.009781339142834102,0.9999996492600478,mgs
1783,1764,1764.0,1.1139823575300258,1.1139823575300258,0.6890122623042554,0.6890122623042554,2,0,3,1,1,0,0,0,0,0,super,1,0,0.009855301742505268,0.999999643935681,mgs
1783,1764,1764.0,1.1139823575300258,1.1139823575300258,0.6890122623042554,0.6890122623042554,2,0,3,1,1,0,0,0,0,0,super,1,0,0.009982315823617019,0.9999996346987013,mgs
1779,1764,1764.0,1.1139823575300258,1.1139823575300258,0.6890122623042554,0.6890122623042554,2,0,2,1,1,1,0,0,1,0,super,1,0,0.0101591050479496,0.9999996216449751,mgs
1773,1751,1751.0,1.297046797448261,1.297046797448261,0.4946007553300212,0.4946007553300212,5,0,3,1,1,0,0,0,0,0,super,1,1,0.010209055635191469,0.9999996179152141,mgs
1698,1696,1696.0,1.0,1.0,1.0,1.0,5,0,3,1,1,0,0,1,0,0,sub,0,1,0.010210633667648187,0.9999996177970858,mgs
1783,1764,1764.0,1.1139823575300258,1.1139823575300258,0.6890122623042554,0.6890122623042554,2,0,3,1,1,0,0,0,0,0,super,1,0,0.010213737290187493,0.9999996175647019,mgs
1776,1751,1751.0,1.297046797448261,1.297046797448261,0.4946007553300212,0.4946007553300212,3,0,2,1,1,1,0,0,1,0,super,1,0,0.010214753209636397,0.9999996174886194,mgs
1770,1751,1751.0,1.297046797448261,1.297046797448261,0.4946007553300212,0.4946007553300212,2,0,3,1,1,0,0,0,0,0,super,1,0,0.010485257192524378,0.999999596961272,mgs
1779,1764,1764.0,1.1139823575300258,1.1139823575300258,0.6890122623042554,0.6890122623042554,2,0,2,1,1,1,0,0,1,0,super,1,0,0.010573946017552703,0.9999995901142861,mgs
1300,1298,1298.0,1.0,1.0,1.0,1.0,5,0,3,1,1,0,0,1,0,0,sub,0,1,0.010651330379342403,0.9999995840929182,mgs
1732,1730,1730.0,1.0,1.0,1.0,1.0,5,0,3,1,1,0,0,1,0,0,sub,0,1,0.010666321621020533,0.9999995829213554,mgs
1762,1751,1751.0,1.297046797448261,1.297046797448261,0.4946007553300212,0.4946007553300212,3,0,3,1,1,0,0,0,0,0,super,1,0,0.01068832292037926,0.9999995811989741,mgs
1779,1764,1764.0,1.1139823575300258,1.1139823575300258,0.6890122623042554,0.6890122623042554,2,0,2,1,1,1,0,0,1,0,super,1,0,0.010705638963248712,0.9999995798408844,mgs
1770,1751,1751.0,1.297046797448261,1.297046797448261,0.4946007553300212,0.4946007553300212,2,0,3,1,1,0,0,0,0,0,super,1,0,0.010778845476724495,0.9999995740750354,mgs
1783,1764,1764.0,1.1139823575300258,1.1139823575300258,0.6890122623042554,0.6890122623042554,2,0,3,1,1,0,0,0,0,0,super,1,0,0.01077938995339323,0.9999995740320045,mgs
1698,1696,1696.0,1.0,1.0,1.0,1.0,5,0,3,1,1,0,0,1,0,0,sub,0,1,0.01081621781945864,0.9999995711163866,mgs
1779,1764,1764.0,1.1139823575300258,1.1139823575300258,0.6890122623042554,0.6890122623042554,2,0,2,1,1,1,0,0,1,0,super,1,0,0.010970750913157837,0.9999995587737793,mgs
1783,1764,1764.0,1.1139823575300258,1.1139823575300258,0.6890122623042554,0.6890122623042554,2,0,3,1,1,0,0,0,0,0,super,1,0,0.011122569507624476,0.9999995464774761,mgs
1767,1764,1764.0,1.1139823575300258,1.1139823575300258,0.6890122623042554,0.6890122623042554,2,0,2,1,1,1,0,0,1,0,super,1,0,0.011181828302459621,0.9999995416320506,mgs
1781,1762,1762.0,1.6015802624546278,1.6015802624546278,0.3333261014036153,0.3333261014036153,2,0,3,1,1,0,0,0,0,0,super,1,0,0.011182521953174523,0.9999995415751803,mgs
1764,1750,1750.0,1.3902786513231495,1.3902786513231495,0.6039387567440386,0.6039387567440386,3,0,2,1,1,1,0,0,1,0,super,1,0,0.01121960046713301,0.9999995385300906,mgs
1780,1751,1751.0,1.297046797448261,1.297046797448261,0.4946007553300212,0.4946007553300212,3,0,3,1,1,0,0,0,0,0,super,1,0,0.011276653916282851,0.9999995338248621,mgs
1733,1705,1705.0,1.041643630635022,1.041643630635022,0.41046654109618386,0.41046654109618386,3,0,3,1,1,0,0,0,0,0,super,1,0,0.01127697212235025,0.9999995337985526,mgs
868,849,849.0,1.1139823575300258,1.1139823575300258,0.6890122623042554,0.6890122623042554,2,0,3,1,1,0,0,0,0,0,super,1,0,0.01128861978239927,0.9999995328350031,mgs
1776,1751,1751.0,1.297046797448261,1.297046797448261,0.4946007553300212,0.4946007553300212,3,0,2,1,1,1,0,0,1,0,super,1,0,0.011295341815364929,0.999999532278472,mgs
1783,1764,1764.0,1.1139823575300258,1.1139823575300258,0.6890122623042554,0.6890122623042554,2,0,3,1,1,0,0,0,0,0,super,1,0,0.011355794289222553,0.9999995272585998,mgs
1698,1696,1696.0,1.0,1.0,1.0,1.0,5,0,3,1,1,0,0,1,0,0,sub,0,1,0.011460855465964526,0.9999995184707475,mgs
1170,1168,1168.0,0.9878772572004668,0.9878772572004668,0.6886742787443119,0.6886742787443119,5,0,3,1,1,0,0,1,0,1,near,0,1,0.01149620649911608,0.9999995154956102,mgs
1783,1764,1764.0,1.1139823575300258,1.1139823575300258,0.6890122623042554,0.6890122623042554,2,0,3,1,1,0,0,0,0,0,super,1,0,0.011576347338351134,0.9999995087170391,mgs
1768,1762,1762.0,1.6015802624546278,1.6015802624546278,0.3333261014036153,0.3333261014036153,2,0,2,1,1,0,1,0,1,0,super,1,0,0.011628117255121318,0.9999995043131373,mgs
1783,1764,1764.0,1.1139823575300258,1.1139823575300258,0.6890122623042554,0.6890122623042554,2,0,3,1,1,0,0,0,0,0,super,1,0,0.011633974496064212,0.9999995038136431,mgs
1793,1764,1764.0,1.1139823575300258,1.1139823575300258,0.6890122623042554,0.6890122623042554,3,0,3,1,1,0,0,0,0,0,super,1,0,0.01165389373863143,0.9999995021130862,mgs
1732,1730,1730.0,1.0,1.0,1.0,1.0,5,0,3,1,1,0,0,1,0,0,sub,0,1,0.011767806914881974,0.9999994923321373,mgs
1770,1751,1751.0,1.297046797448261,1.297046797448261,0.4946007553300212,0.4946007553300212,2,0,3,1,1,0,0,0,0,0,super,1,0,0.011883824900278528,0.9999994822726689,mgs
1779,1764,1764.0,1.1139823575300258,1.1139823575300258,0.6890122623042554,0.6890122623042554,2,0,2,1,1,1,0,0,1,0,super,1,0,0.0119670393060091,0.9999994749966932,mgs
1770,1751,1751.0,1.297046797448261,1.297046797448261,0.4946007553300212,0.4946007553300212,2,0,3,1,1,0,0,0,0,0,super,1,0,0.011972905346436977,0.9999994744818715,mgs
1773,1751,1751.0,1.297046797448261,1.297046797448261,0.4946007553300212,0.4946007553300212,5,0,3,1,1,0,0,0,0,0,super,1,1,0.011985075569871422,0.9999994734129708,mgs
1766,1764,1764.0,1.1139823575300258,1.1139823575300258,0.6890122623042554,0.6890122623042554,0,0,1,1,0,1,0,0,1,0,super,1,0,0.012020789686055482,0.99999947026996,mgs
868,849,849.0,1.1139823575300258,1.1139823575300258,0.6890122623042554,0.6890122623042554,2,0,3,1,1,0,0,0,0,0,super,1,0,0.012035234697327337,0.9999994689960746,mgs
1796,1764,1764.0,1.1139823575300258,1.1139823575300258,0.6890122623042554,0.6890122623042554,3,0,3,1,1,0,0,0,0,0,super,1,0,0.012043240913170513,0.9999994682893587,mgs
1817,1804,1804.0,1.3069171853669435,1.3069171853669435,0.30689504980310667,0.30689504980310667,3,0,2,1,1,0,0,0,0,0,super,1,0,0.0077355996193084935,0.9999997806303357,mgs
1817,1804,1804.0,1.3069171853669435,1.3069171853669435,0.30689504980310667,0.30689504980310667,3,0,2,1,1,0,0,0,0,0,super,1,0,0.007861524245592593,0.9999997734301483,mgs
2097,1804,1048.5,1.3069171853669435,0.925633100339977,0.7570405583958815,0.5319678040994941,0,0,2,2,0,0,0,1,0,0,super,1,0,0.008176550617021832,0.9999997549081538,mgs
1817,1804,1804.0,1.3069171853669435,1.3069171853669435,0.30689504980310667,0.30689504980310667,3,0,2,1,1,0,0,0,0,0,super,1,0,0.00845682749885311,0.999999737817592,mgs
1817,1804,1804.0,1.3069171853669435,1.3069171853669435,0.30689504980310667,0.30689504980310667,3,0,2,1,1,0,0,0,0,0,super,1,0,0.008573922955658154,0.9999997305068336,mgs
1817,1804,1804.0,1.3069171853669435,1.3069171853669435,0.30689504980310667,0.30689504980310667,3,0,2,1,1,0,0,0,0,0,super,1,0,0.008763005320684641,0.9999997184893985,mgs
1817,1804,1804.0,1.3069171853669435,1.3069171853669435,0.30689504980310667,0.30689504980310667,3,0,2,1,1,0,0,0,0,0,super,1,0,0.009003182890024606,0.9999997028465691,mgs
1817,1804,1804.0,1.3069171853669435,1.3069171853669435,0.30689504980310667,0.30689504980310667,3,0,2,1,1,0,0,0,0,0,super,1,0,0.009115903614415336,0.9999996953592099,mgs
1817,1804,1804.0,1.3069171853669435,1.3069171853669435,0.30689504980310667,0.30689504980310667,3,0,2,1,1,0,0,0,0,0,super,1,0,0.009224354150197948,0.9999996880675611,mgs
1817,1804,1804.0,1.3069171853669435,1.3069171853669435,0.30689504980310667,0.30689504980310667,3,0,2,1,1,0,0,0,0,0,super,1,0,0.009493648283338605,0.9999996695887088,mgs
1844,1804,1804.0,1.3069171853669435,1.3069171853669435,0.30689504980310667,0.30689504980310667,3,0,2,1,1,0,0,0,0,0,super,1,0,0.009620884688103638,0.9999996606728396,mgs
1817,1804,1804.0,1.3069171853669435,1.3069171853669435,0.30689504980310667,0.30689504980310667,3,0,2,1,1,0,0,0,0,0,super,1,0,0.009661783707535806,0.9999996577817029,mgs
2097,1804,1048.5,1.3069171853669435,0.925633100339977,0.7570405583958815,0.5319678040994941,0,0,2,2,0,0,0,1,0,0,super,1,0,0.009670145798006569,0.9999996571890797,mgs
2097,1804,1048.5,1.3069171853669435,0.925633100339977,0.7570405583958815,0.5319678040994941,0,0,2,2,0,0,0,1,0,0,super,1,0,0.009686541963231241,0.9999996560255916,mgs
1817,1804,1804.0,1.3069171853669435,1.3069171853669435,0.30689504980310667,0.30689504980310667,3,0,2,1,1,0,0,0,0,0,super,1,0,0.009773946573233001,0.9999996497900141,mgs
1817,1804,1804.0,1.3069171853669435,1.3069171853669435,0.30689504980310667,0.30689504980310667,3,0,2,1,1,0,0,0,0,0,super,1,0,0.010132450289196111,0.9999996236277742,mgs
2097,1804,1048.5,1.3069171853669435,0.925633100339977,0.7570405583958815,0.5319678040994941,0,0,2,2,0,0,0,1,0,0,super,1,0,0.010134712478450833,0.9999996234596963,mgs
1817,1804,1804.0,1.3069171853669435,1.3069171853669435,0.30689504980310667,0.30689504980310667,3,0,2,1,1,0,0,0,0,0,super,1,0,0.010311939659200355,0.9999996101753209,mgs
2097,1804,1048.5,1.3069171853669435,0.9375803911907324,0.30689504980310667,0.26652803515273443,0,0,2,2,0,0,0,1,0,0,super,1,0,0.010357640511766686,0.9999996067123841,mgs
1817,1804,1804.0,1.3069171853669435,1.3069171853669435,0.30689504980310667,0.30689504980310667,3,0,2,1,1,0,0,0,0,0,super,1,0,0.010452287095216214,0.9999995994919366,mgs
1817,1804,1804.0,1.3069171853669435,1.3069171853669435,0.30689504980310667,0.30689504980310667,3,0,2,1,1,0,0,0,0,0,super,1,0,0.010688393928682314,0.9999995811934095,mgs
2097,1804,1048.5,1.3069171853669435,0.925633100339977,0.7570405583958815,0.5319678040994941,0,0,2,2,0,0,0,1,0,0,super,1,0,0.010750127854129434,0.9999995763415599,mgs
1817,1804,1804.0,1.3069171853669435,1.3069171853669435,0.30689504980310667,0.30689504980310667,3,0,2,1,1,0,0,0,0,0,super,1,0,0.010777464223762627,0.9999995741841885,mgs
1817,1804,1804.0,1.3069171853669435,1.3069171853669435,0.30689504980310667,0.30689504980310667,3,0,2,1,1,0,0,0,0,0,super,1,0,0.01080079958087274,0.9999995723382401,mgs
1817,1804,1804.0,1.3069171853669435,1.3069171853669435,0.30689504980310667,0.30689504980310667,3,0,2,1,1,0,0,0,0,0,super,1,0,0.010875228431952112,0.9999995664238547,mgs
2097,1804,1048.5,1.3069171853669435,0.925633100339977,0.7570405583958815,0.5319678040994941,0,0,2,2,0,0,0,1,0,0,super,1,0,0.010890437332371133,0.9999995652103028,mgs
1817,1804,1804.0,1.3069171853669435,1.3069171853669435,0.30689504980310667,0.30689504980310667,3,0,2,1,1,0,0,0,0,0,super,1,0,0.01091293268455661,0.9999995634122393,mgs
1817,1804,1804.0,1.3069171853669435,1.3069171853669435,0.30689504980310667,0.30689504980310667,3,0,2,1,1,0,0,0,0,0,super,1,0,0.010919614519367956,0.9999995628774425,mgs
1817,1804,1804.0,1.3069171853669435,1.3069171853669435,0.30689504980310667,0.30689504980310667,3,0,2,1,1,0,0,0,0,0,super,1,0,0.010982364025157638,0.999999557839163,mgs
2097,1804,1048.5,1.3069171853669435,0.9375803911907324,0.30689504980310667,0.26652803515273443,0,0,2,2,0,0,0,1,0,0,super,1,0,0.011009493998714644,0.9999995556519056,mgs
1817,1804,1804.0,1.3069171853669435,1.3069171853669435,0.30689504980310667,0.30689504980310667,3,0,2,1,1,0,0,0,0,0,super,1,0,0.01104014779769332,0.9999995531740588,mgs
1817,1804,1804.0,1.3069171853669435,1.3069171853669435,0.30689504980310667,0.30689504980310667,3,0,2,1,1,0,0,0,0,0,super,1,0,0.011142108590404806,0.9999995448826653,mgs
1817,1804,1804.0,1.3069171853669435,1.3069171853669435,0.30689504980310667,0.30689504980310667,3,0,2,1,1,0,0,0,0,0,super,1,0,0.01114527399909151,0.9999995446240361,mgs
1817,1804,1804.0,1.3069171853669435,1.3069171853669435,0.30689504980310667,0.30689504980310667,3,0,2,1,1,0,0,0,0,0,super,1,0,0.011149483354766789,0.9999995442799976,mgs
1810,1804,1804.0,1.3069171853669435,1.3069171853669435,0.30689504980310667,0.30689504980310667,3,0,2,1,1,0,0,0,0,0,super,1,0,0.011203809450897953,0.9999995398281672,mgs
2097,1804,1048.5,1.3069171853669435,0.925633100339977,0.7570405583958815,0.5319678040994941,0,0,2,2,0,0,0,1,0,0,super,1,0,0.011280072964885363,0.9999995335421333,mgs
1817,1804,1804.0,1.3069171853669435,1.3069171853669435,0.30689504980310667,0.30689504980310667,3,0,2,1,1,0,0,0,0,0,super,1,0,0.011315024304598596,0.9999995306470129,mgs
1817,1804,1804.0,1.3069171853669435,1.3069171853669435,0.30689504980310667,0.30689504980310667,3,0,2,1,1,0,0,0,0,0,super,1,0,0.01137822859687092,0.9999995253888754,mgs
1817,1804,1804.0,1.3069171853669435,1.3069171853669435,0.30689504980310667,0.30689504980310667,3,0,2,1,1,0,0,0,0,0,super,1,0,0.011396261941689708,0.9999995238832617,mgs
1817,1804,1804.0,1.3069171853669435,1.3069171853669435,0.30689504980310667,0.30689504980310667,3,0,2,1,1,0,0,0,0,0,super,1,0,0.01159107605940605,0.9999995074661138,mgs
1817,1804,1804.0,1.3069171853669435,1.3069171853669435,0.30689504980310667,0.30689504980310667,3,0,2,1,1,0,0,0,0,0,super,1,0,0.011622997556720034,0.9999995047495293,mgs
2097,1804,1048.5,1.3069171853669435,0.925633100339977,0.7570405583958815,0.5319678040994941,0,0,2,2,0,0,0,1,0,0,super,1,0,0.011623820853627335,0.9999995046793663,mgs
1817,1804,1804.0,1.3069171853669435,1.3069171853669435,0.30689504980310667,0.30689504980310667,3,0,2,1,1,0,0,0,0,0,super,1,0,0.011640246113563919,0.9999995032785328,mgs
1810,1804,1804.0,1.3069171853669435,1.3069171853669435,0.30689504980310667,0.30689504980310667,3,0,2,1,1,0,0,0,0,0,super,1,0,0.011656082612775363,0.999999501926039,mgs
1817,1804,1804.0,1.3069171853669435,1.3069171853669435,0.30689504980310667,0.30689504980310667,3,0,2,1,1,0,0,0,0,0,super,1,0,0.011726805232315984,0.999999495863632,mgs
1817,1804,1804.0,1.3069171853669435,1.3069171853669435,0.30689504980310667,0.30689504980310667,3,0,2,1,1,0,0,0,0,0,super,1,0,0.011959546480301012,0.9999994756539194,mgs
1817,1804,1804.0,1.3069171853669435,1.3069171853669435,0.30689504980310667,0.30689504980310667,3,0,2,1,1,0,0,0,0,0,super,1,0,0.012078131290262058,0.9999994652040667,mgs
2097,1804,1048.5,1.3069171853669435,0.925633100339977,0.7570405583958815,0.5319678040994941,0,0,2,2,0,0,0,1,0,0,super,1,0,0.012130763871919447,0.9999994605329765,mgs
1097,1389,876.3333333333334,1.312019371974395,0.9521269437472495,0.9605931826738774,0.7330544317619863,0,0,3,3,0,0,0,1,1,0,super,1,0,0.01215861126970781,0.9999994580533312,mgs
1817,1804,1804.0,1.3069171853669435,1.3069171853669435,0.30689504980310667,0.30689504980310667,3,0,2,1,1,0,0,0,0,0,super,1,0,0.012241016144588536,0.9999994506823602,mgs
1817,1804,1804.0,1.3069171853669435,1.3069171853669435,0.30689504980310667,0.30689504980310667,3,0,2,1,1,0,0,0,0,0,super,1,0,0.012254855882518923,0.9999994494395369,mgs
2097,1804,1048.5,1.3069171853669435,0.925633100339977,0.7570405583958815,0.5319678040994941,0,0,2,2,0,0,0,1,0,0,super,1,0,0.012338785047420904,0.9999994418725264,mgs
2097,1804,1048.5,1.3069171853669435,0.925633100339977,0.30689504980310667,0.26652803515273443,0,0,2,2,0,0,0,1,0,0,super,1,0,0.012383034743541684,0.9999994378622037,mgs
2097,1804,1048.5,1.3069171853669435,0.925633100339977,0.7570405583958815,0.5319678040994941,0,0,2,2,0,0,0,1,0,0,super,1,0,0.0123912685945709,0.9999994371143905,mgs
2097,1804,1048.5,1.3069171853669435,0.925633100339977,0.7570405583958815,0.5319678040994941,0,0,2,2,0,0,0,1,0,0,super,1,0,0.012456329582274571,0.9999994311879535,mgs
1817,1804,1804.0,1.3069171853669435,1.3069171853669435,0.30689504980310667,0.30689504980310667,3,0,2,1,1,0,0,0,0,0,super,1,0,0.012525585562898001,0.9999994248452909,mgs
1817,1804,1804.0,1.3069171853669435,1.3069171853669435,0.30689504980310667,0.30689504980310667,3,0,2,1,1,0,0,0,0,0,super,1,0,0.012534439527931067,0.9999994240318839,mgs
1817,1804,1804.0,1.3069171853669435,1.3069171853669435,0.30689504980310667,0.30689504980310667,3,0,2,1,1,0,0,0,0,0,super,1,0,0.012641419984339314,0.9999994141582423,mgs
1817,1804,1804.0,1.3069171853669435,1.3069171853669435,0.30689504980310667,0.30689504980310667,3,0,2,1,1,0,0,0,0,0,super,1,0,0.012655651952676475,0.9999994128383947,mgs
1817,1804,1804.0,1.3069171853669435,1.3069171853669435,0.30689504980310667,0.30689504980310667,3,0,2,1,1,0,0,0,0,0,super,1,0,0.012659355315411718,0.9999994124947078,mgs
2097,1804,1048.5,1.3069171853669435,0.925633100339977,0.7570405583958815,0.5319678040994941,0,0,2,2,0,0,0,1,0,0,super,1,0,0.01268071549794881,0.999999410510435,mgs
2097,1804,1048.5,1.3069171853669435,0.925633100339977,0.30689504980310667,0.26652803515273443,0,0,2,2,0,0,0,1,0,0,super,1,0,0.012800766758198513,0.9999993992959324,mgs
1097,1389,876.3333333333334,1.312019371974395,0.9521269437472495,0.9605931826738774,0.7330544317619863,0,0,3,3,0,0,0,1,1,0,super,1,0,0.012956583568819919,0.9999993845828353,mgs
2097,1804,1048.5,1.3069171853669435,0.925633100339977,0.30689504980310667,0.26652803515273443,0,0,2,2,0,0,0,1,0,0,super,1,0,0.013005320754989044,0.9999993799442495,mgs
1097,1389,876.6666666666666,1.312019371974395,0.9521269437472495,0.9605931826738774,0.7330544317619863,0,0,3,3,0,0,0,1,1,0,super,1,0,0.013054453255495195,0.9999993752504113,mgs
1817,1804,1804.0,1.3069171853669435,1.3069171853669435,0.30689504980310667,0.30689504980310667,3,0,2,1,1,0,0,0,0,0,super,1,0,0.01306349088833862,0.9999993743850801,mgs
1817,1804,1804.0,1.3069171853669435,1.3069171853669435,0.30689504980310667,0.30689504980310667,3,0,2,1,1,0,0,0,0,0,super,1,0,0.013208088973481592,0.9999993604587292,mgs
1805,1804,1804.0,1.3069171853669435,1.3069171853669435,0.30689504980310667,0.30689504980310667,0,0,1,1,0,0,1,0,1,0,super,1,0,0.013319310072959369,0.999999349642635,mgs
1817,1804,1804.0,1.3069171853669435,1.3069171853669435,0.30689504980310667,0.30689504980310667,3,0,2,1,1,0,0,0,0,0,super,1,0,0.013375154826461155,0.9999993441776095,mgs
2097,1804,1048.5,1.3069171853669435,0.925633100339977,0.7570405583958815,0.5319678040994941,0,0,2,2,0,0,0,1,0,0,super,1,0,0.013393190880746787,0.9999993424076975,mgs
1097,1389,876.6666666666666,1.312019371974395,0.9521269437472495,0.9605931826738774,0.7330544317619863,0,0,3,3,0,0,0,1,1,0,super,1,0,0.013559654946597959,0.9999993259596736,mgs
1817,1804,1804.0,1.3069171853669435,1.3069171853669435,0.30689504980310667,0.30689504980310667,3,0,2,1,1,0,0,0,0,0,super,1,0,0.013574697076830672,0.9999993244633779,mgs
2097,1804,1048.5,1.3069171853669435,0.925633100339977,0.7570405583958815,0.5319678040994941,0,0,2,2,0,0,0,1,0,0,super,1,0,0.013754620642674829,0.9999993064371258,mgs
2097,1804,1048.5,1.3069171853669435,0.925633100339977,0.7570405583958815,0.5319678040994941,0,0,2,2,0,0,0,1,0,0,super,1,0,0.013755515537900746,0.9999993063468744,mgs
1817,1804,1804.0,1.3069171853669435,1.3069171853669435,0.30689504980310667,0.30689504980310667,3,0,2,1,1,0,0,0,0,0,super,1,0,0.013773409614453207,0.9999993045410016,mgs
1097,1389,876.3333333333334,1.312019371974395,0.9521269437472495,0.9605931826738774,0.7330544317619863,0,0,3,3,0,0,0,1,1,0,super,1,0,0.013901424288621334,0.9999992915532677,mgs
2097,1804,1048.5,1.3069171853669435,0.925633100339977,0.7570405583958815,0.5319678040994941,0,0,2,2,0,0,0,1,0,0,super,1,0,0.013905861000848252,0.9999992911009866,mgs
2097,1804,1048.5,1.3069171853669435,0.925633100339977,0.7570405583958815,0.5319678040994941,0,0,2,2,0,0,0,1,0,0,super,1,0,0.01390833555677984,0.9999992908486662,mgs
1817,1804,1804.0,1.3069171853669435,1.3069171853669435,0.30689504980310667,0.30689504980310667,3,0,2,1,1,0,0,0,0,0,super,1,0,0.013943934600912514,0.9999992872138074,mgs
1817,1804,1804.0,1.3069171853669435,1.3069171853669435,0.30689504980310667,0.30689504980310667,3,0,2,1,1,0,0,0,0,0,super,1,0,0.01405695254617965,0.9999992756124768,mgs
1810,1804,1804.0,1.3069171853669435,1.3069171853669435,0.30689504980310667,0.30689504980310667,3,0,2,1,1,0,0,0,0,0,super,1,0,0.014060418406345684,0.9999992752552251,mgs
2097,1804,1048.5,1.3069171853669435,0.925633100339977,0.30689504980310667,0.26652803515273443,0,0,2,2,0,0,0,1,0,0,super,1,0,0.014064863338578848,0.9999992747969243,mgs
1817,1804,1804.0,1.3069171853669435,1.3069171853669435,0.30689504980310667,0.30689504980310667,3,0,2,1,1,0,0,0,0,0,super,1,0,0.014107154139866802,0.9999992704292276,mgs
1097,1389,876.3333333333334,1.312019371974395,0.9521269437472495,0.9605931826738774,0.7330544317619863,0,0,3,3,0,0,0,1,1,0,super,1,0,0.014146825768635464,0.9999992663201129,mgs
1817,1804,1804.0,1.3069171853669435,1.3069171853669435,0.30689504980310667,0.30689504980310667,3,0,2,1,1,0,0,0,0,0,super,1,0,0.014152558386479061,0.9999992657253847,mgs
2097,1804,1048.5,1.3069171853669435,0.925633100339977,0.7570405583958815,0.5319678040994941,0,0,2,2,0,0,0,1,0,0,super,1,0,0.01415754720819673,0.9999992652076252,mgs
2097,1804,1048.5,1.3069171853669435,0.925633100339977,0.7570405583958815,0.5319678040994941,0,0,2,2,0,0,0,1,0,0,super,1,0,0.014174026986867936,0.999999263495992,mgs
1844,1804,1804.0,1.3069171853669435,1.3069171853669435,0.30689504980310667,0.30689504980310667,3,0,2,1,1,0,0,0,0,0,super,1,0,0.014196529931816524,0.9999992611555611,mgs
1865,1826,1826.0,1.1159906136731295,1.1159906136731295,0.43590674212467007,0.43590674212467007,4,0,2,1,1,0,0,0,0,0,super,1,1,0.01420734593722472,0.9999992600293155,mgs
1805,1803,1803.0,1.2849068262746655,1.2849068262746655,0.6530031977926118,0.6530031977926118,4,0,2,1,1,0,0,0,0,0,super,1,1,0.01422879958504268,0.9999992577928589,mgs
1805,1804,1804.0,1.3069171853669435,1.3069171853669435,0.30689504980310667,0.30689504980310667,0,0,1,1,0,0,1,0,1,0,super,1,0,0.014346071690177598,0.9999992455080725,mgs
2097,1804,1048.5,1.3069171853669435,0.925633100339977,0.7570405583958815,0.5319678040994941,0,0,2,2,0,0,0,1,0,0,super,1,0,0.014359967831607937,0.9999992440457065,mgs
2097,1804,1048.5,1.3069171853669435,0.925633100339977,0.7570405583958815,0.5319678040994941,0,0,2,2,0,0,0,1,0,0,super,1,0,0.014367404667365581,0.9999992432625064,mgs
2097,1804,1048.5,1.3069171853669435,0.9375803911907324,0.30689504980310667,0.26652803515273443,0,0,2,2,0,0,0,1,0,0,super,1,0,0.014388662854721682,0.9999992410214936,mgs
1817,1804,1804.0,1.3069171853669435,1.3069171853669435,0.30689504980310667,0.30689504980310667,3,0,2,1,1,0,0,0,0,0,super,1,0,0.014408061898914838,0.9999992389735781,mgs
1817,1804,1804.0,1.3069171853669435,1.3069171853669435,0.30689504980310667,0.30689504980310667,3,0,2,1,1,0,0,0,0,0,super,1,0,0.014450184815473454,0.9999992345172519,mgs
1817,1804,1804.0,1.3069171853669435,1.3069171853669435,0.30689504980310667,0.30689504980310667,3,0,2,1,1,0,0,0,0,0,super,1,0,0.014467540884291925,0.9999992326773101,mgs
1817,1804,1804.0,1.3069171853669435,1.3069171853669435,0.30689504980310667,0.30689504980310667,3,0,2,1,1,0,0,0,0,0,super,1,0,0.014520977908096925,0.9999992269985059,mgs
1120,1409,890.3333333333334,1.312019371974395,0.9521269437472495,0.9605931826738774,0.7330544317619863,0,0,3,3,0,0,0,1,1,0,super,1,0,0.014558941151432572,0.999999222951395,mgs
1817,1804,1804.0,1.3069171853669435,1.3069171853669435,0.30689504980310667,0.30689504980310667,3,0,2,1,1,0,0,0,0,0,super,1,0,0.014755737467265892,0.9999992018023527,mgs
2165,2159,2159.0,1.3617267958171086,1.3617267958171086,0.3912327525323031,0.3912327525323031,3,0,2,1,1,0,0,0,0,0,super,1,0,0.006421570987060954,0.9999998488280624,mgs
2165,2159,2159.0,1.3617267958171086,1.3617267958171086,0.3912327525323031,0.3912327525323031,3,0,2,1,1,0,0,0,0,0,super,1,0,0.0066938874742463305,0.999999835734856,mgs
2165,2159,2159.0,1.3617267958171086,1.3617267958171086,0.3912327525323031,0.3912327525323031,3,0,2,1,1,0,0,0,0,0,super,1,0,0.006739347987865115,0.9999998334961164,mgs
2165,2157,2157.0,1.2409361350902466,1.2409361350902466,0.5094372435582577,0.5094372435582577,1,0,2,1,1,0,0,0,0,0,super,1,0,0.006824701534086465,0.9999998292518802,mgs
2165,2159,2159.0,1.3617267958171086,1.3617267958171086,0.3912327525323031,0.3912327525323031,3,0,2,1,1,0,0,0,0,0,super,1,0,0.006982228367699454,0.9999998212785405,mgs
2165,2157,2157.0,1.2409361350902466,1.2409361350902466,0.5094372435582577,0.5094372435582577,1,0,2,1,1,0,0,0,0,0,super,1,0,0.0072316342966166946,0.9999998082826067,mgs
2165,2159,2159.0,1.3617267958171086,1.3617267958171086,0.3912327525323031,0.3912327525323031,3,0,2,1,1,0,0,0,0,0,super,1,0,0.007486564862296062,0.9999997945274611,mgs
2158,2157,2157.0,1.2409361350902466,1.2409361350902466,0.5094372435582577,0.5094372435582577,0,0,1,1,0,0,1,0,1,0,super,1,0,0.007679278166927276,0.9999997838130857,mgs
2165,2159,2159.0,1.3617267958171086,1.3617267958171086,0.3912327525323031,0.3912327525323031,3,0,2,1,1,0,0,0,0,0,super,1,0,0.007938868442207207,0.9999997689500844,mgs
2165,2159,2159.0,1.3617267958171086,1.3617267958171086,0.3912327525323031,0.3912327525323031,3,0,2,1,1,0,0,0,0,0,super,1,0,0.007943773026952415,0.9999997686645137,mgs
2171,2157,2157.0,1.2409361350902466,1.2409361350902466,0.5094372435582577,0.5094372435582577,2,0,2,1,1,0,0,0,0,0,super,1,0,0.00812497526433274,0.9999997579903415,mgs
2165,2159,2159.0,1.3617267958171086,1.3617267958171086,0.3912327525323031,0.3912327525323031,3,0,2,1,1,0,0,0,0,0,super,1,0,0.008150575024084724,0.9999997564629155,mgs
2165,2159,2159.0,1.3617267958171086,1.3617267958171086,0.3912327525323031,0.3912327525323031,3,0,2,1,1,0,0,0,0,0,super,1,0,0.008257272545429345,0.9999997500449918,mgs
2165,2157,2157.0,1.2409361350902466,1.2409361350902466,0.5094372435582577,0.5094372435582577,1,0,2,1,1,0,0,0,0,0,super,1,0,0.008326067355962027,0.9999997458626811,mgs
2165,2159,2159.0,1.3617267958171086,1.3617267958171086,0.3912327525323031,0.3912327525323031,3,0,2,1,1,0,0,0,0,0,super,1,0,0.00835252499568847,0.9999997442449771,mgs
2171,2157,2157.0,1.2409361350902466,1.2409361350902466,0.5094372435582577,0.5094372435582577,2,0,2,1,1,0,0,0,0,0,super,1,0,0.008543724283047713,0.9999997324018829,mgs
2165,2159,2159.0,1.3617267958171086,1.3617267958171086,0.3912327525323031,0.3912327525323031,3,0,2,1,1,0,0,0,0,0,super,1,0,0.008558762901577883,0.9999997314590042,mgs
2165,2157,2157.0,1.2409361350902466,1.2409361350902466,0.5094372435582577,0.5094372435582577,1,0,2,1,1,0,0,0,0,0,super,1,0,0.008567596505654456,0.9999997309043892,mgs
2158,2157,2157.0,1.2409361350902466,1.2409361350902466,0.5094372435582577,0.5094372435582577,0,0,1,1,0,0,1,0,1,0,super,1,0,0.008782198579701677,0.9999997172548852,mgs
2165,2159,2159.0,1.3617267958171086,1.3617267958171086,0.3912327525323031,0.3912327525323031,3,0,2,1,1,0,0,0,0,0,super,1,0,0.008855287903180166,0.9999997125290429,mgs
2165,2159,2159.0,1.3617267958171086,1.3617267958171086,0.3912327525323031,0.3912327525323031,3,0,2,1,1,0,0,0,0,0,super,1,0,0.00886293627912879,0.9999997120322469,mgs
2158,2157,2157.0,1.2477885489295795,1.2477885489295795,0.5094372435582577,0.5094372435582577,0,0,1,1,0,0,1,0,1,0,super,1,0,0.00894268413122172,0.9999997068267198,mgs
2165,2159,2159.0,1.3617267958171086,1.3617267958171086,0.3912327525323031,0.3912327525323031,3,0,2,1,1,0,0,0,0,0,super,1,0,0.008963035745178424,0.9999997054908035,mgs
2158,2157,2157.0,1.2409361350902466,1.2409361350902466,0.5094372435582577,0.5094372435582577,0,0,1,1,0,0,1,0,1,0,super,1,0,0.009005743135828175,0.9999997026775413,mgs
2165,2157,2157.0,1.2409361350902466,1.2409361350902466,0.5094372435582577,0.5094372435582577,1,0,2,1,1,0,0,0,0,0,super,1,0,0.00909134508412497,0.9999996969984225,mgs
2165,2157,2157.0,1.2409361350902466,1.2409361350902466,0.5094372435582577,0.5094372435582577,1,0,2,1,1,0,0,0,0,0,super,1,0,0.009137276437009905,0.9999996939290354,mgs
2165,2159,2159.0,1.3617267958171086,1.3617267958171086,0.3912327525323031,0.3912327525323031,3,0,2,1,1,0,0,0,0,0,super,1,0,0.009244241373314416,0.9999996867210913,mgs
2165,2159,2159.0,1.3617267958171086,1.3617267958171086,0.3912327525323031,0.3912327525323031,3,0,2,1,1,0,0,0,0,0,super,1,0,0.00925493720952767,0.9999996859957276,mgs
2165,2159,2159.0,1.3617267958171086,1.3617267958171086,0.3912327525323031,0.3912327525323031,3,0,2,1,1,0,0,0,0,0,super,1,0,0.009272927128683127,0.9999996847738065,mgs
2171,2157,2157.0,1.2409361350902466,1.2409361350902466,0.5094372435582577,0.5094372435582577,2,0,2,1,1,0,0,0,0,0,super,1,0,0.009495976446054205,0.9999996694266329,mgs
2165,2159,2159.0,1.3617267958171086,1.3617267958171086,0.3912327525323031,0.3912327525323031,3,0,2,1,1,0,0,0,0,0,super,1,0,0.0095385577361204,0.9999996664553112,mgs
2158,2157,2157.0,1.2409361350902466,1.2409361350902466,0.5094372435582577,0.5094372435582577,0,0,1,1,0,1,0,0,1,0,super,1,0,0.009569404588936447,0.9999996642945148,mgs
2163,2157,2157.0,1.2409361350902466,1.2409361350902466,0.5094372435582577,0.5094372435582577,3,0,2,1,1,0,0,0,0,0,super,1,0,0.009609462243216694,0.9999996614780972,mgs
2158,2157,2157.0,1.2477885489295795,1.2477885489295795,0.5094372435582577,0.5094372435582577,0,0,1,1,0,0,1,0,1,0,super,1,0,0.00965900344053946,0.9999996579786274,mgs
2165,2157,2157.0,1.319491841702821,1.319491841702821,0.3414099495151338,0.3414099495151338,1,0,2,1,1,0,0,0,0,0,super,1,0,0.009736960815975715,0.9999996524354704,mgs
2171,2157,2157.0,1.2409361350902466,1.2409361350902466,0.5094372435582577,0.5094372435582577,2,0,2,1,1,0,0,0,0,0,super,1,0,0.009797680571233315,0.9999996480871247,mgs
2171,2157,2157.0,1.2409361350902466,1.2409361350902466,0.5094372435582577,0.5094372435582577,2,0,2,1,1,0,0,0,0,0,super,1,0,0.009929466726839312,0.9999996385564712,mgs
2171,2157,2157.0,1.2409361350902466,1.2409361350902466,0.5094372435582577,0.5094372435582577,2,0,2,1,1,0,0,0,0,0,super,1,0,0.00998589885525547,0.9999996344364133,mgs
2165,2159,2159.0,1.3617267958171086,1.3617267958171086,0.3912327525323031,0.3912327525323031,3,0,2,1,1,0,0,0,0,0,super,1,0,0.009992001609374884,0.9999996339894578,mgs
2165,2157,2157.0,1.319491841702821,1.319491841702821,0.3414099495151338,0.3414099495151338,1,0,2,1,1,0,0,0,0,0,super,1,0,0.0101023255349662,0.9999996258624293,mgs
2165,2159,2159.0,1.3617267958171086,1.3617267958171086,0.3912327525323031,0.3912327525323031,3,0,2,1,1,0,0,0,0,0,super,1,0,0.010166671504412743,0.999999621081171,mgs
2165,2157,2157.0,1.319491841702821,1.319491841702821,0.3414099495151338,0.3414099495151338,1,0,2,1,1,0,0,0,0,0,super,1,0,0.010351648027747589,0.9999996071673309,mgs
2165,2159,2159.0,1.3617267958171086,1.3617267958171086,0.3912327525323031,0.3912327525323031,3,0,2,1,1,0,0,0,0,0,super,1,0,0.010377071574181678,0.999999605235375,mgs
2167,2159,2159.0,1.3617267958171086,1.3617267958171086,0.3912327525323031,0.3912327525323031,5,0,2,1,1,0,0,0,0,0,super,1,1,0.010475369484664319,0.9999995977210532,mgs
2171,2157,2157.0,1.2409361350902466,1.2409361350902466,0.5094372435582577,0.5094372435582577,2,0,2,1,1,0,0,0,0,0,super,1,0,0.010541582730955375,0.9999995926194906,mgs
2165,2159,2159.0,1.3617267958171086,1.3617267958171086,0.3912327525323031,0.3912327525323031,3,0,2,1,1,0,0,0,0,0,super,1,0,0.010548034199082306,0.9999995921207028,mgs
2165,2159,2159.0,1.3617267958171086,1.3617267958171086,0.3912327525323031,0.3912327525323031,3,0,2,1,1,0,0,0,0,0,super,1,0,0.010554284061964833,0.9999995916372107,mgs
2165,2159,2159.0,1.3617267958171086,1.3617267958171086,0.3912327525323031,0.3912327525323031,3,0,2,1,1,0,0,0,0,0,super,1,0,0.010620693761596672,0.9999995864820397,mgs
2165,2157,2157.0,1.319491841702821,1.319491841702821,0.3414099495151338,0.3414099495151338,1,0,2,1,1,0,0,0,0,0,super,1,0,0.01067174951420158,0.9999995824967602,mgs
2165,2157,2157.0,1.2409361350902466,1.2409361350902466,0.5094372435582577,0.5094372435582577,1,0,2,1,1,0,0,0,0,0,super,1,0,0.010688646691803094,0.9999995811736011,mgs
2165,2159,2159.0,1.3617267958171086,1.3617267958171086,0.3912327525323031,0.3912327525323031,3,0,2,1,1,0,0,0,0,0,super,1,0,0.010729155695228287,0.999999577992957,mgs
2160,2159,2159.0,1.3617267958171086,1.3617267958171086,0.3912327525323031,0.3912327525323031,0,0,1,1,0,1,0,0,1,0,super,1,0,0.010784408073910939,0.999999573635311,mgs
2165,2159,2159.0,1.3617267958171086,1.3617267958171086,0.3912327525323031,0.3912327525323031,3,0,2,1,1,0,0,0,0,0,super,1,0,0.010853631691119674,0.9999995681441927,mgs
2165,2159,2159.0,1.3617267958171086,1.3617267958171086,0.3912327525323031,0.3912327525323031,3,0,2,1,1,0,0,0,0,0,super,1,0,0.010854286907845368,0.9999995680920502,mgs
2165,2157,2157.0,1.2409361350902466,1.2409361350902466,0.5094372435582577,0.5094372435582577,1,0,2,1,1,0,0,0,0,0,super,1,0,0.01085885983222432,0.9999995677280468,mgs
2165,2157,2157.0,1.319491841702821,1.319491841702821,0.3414099495151338,0.3414099495151338,1,0,2,1,1,0,0,0,0,0,super,1,0,0.01087099422100758,0.99999956676141,mgs
2176,2174,2174.0,1.2424693086824543,1.2424693086824543,0.8652917805075926,0.8652917805075926,2,0,2,1,1,0,0,0,0,0,super,1,0,0.01087970739064567,0.9999995660666449,mgs
2165,2157,2157.0,1.319491841702821,1.319491841702821,0.3414099495151338,0.3414099495151338,1,0,2,1,1,0,0,0,0,0,super,1,0,0.010931977497448226,0.9999995618870786,mgs
2165,2157,2157.0,1.2409361350902466,1.2409361350902466,0.5094372435582577,0.5094372435582577,1,0,2,1,1,0,0,0,0,0,super,1,0,0.011004533673286203,0.9999995560522172,mgs
2171,2157,2157.0,1.2409361350902466,1.2409361350902466,0.5094372435582577,0.5094372435582577,2,0,2,1,1,0,0,0,0,0,super,1,0,0.0110049411558969,0.9999995560193391,mgs
2165,2157,2157.0,1.319491841702821,1.319491841702821,0.3414099495151338,0.3414099495151338,1,0,2,1,1,0,0,0,0,0,super,1,0,0.011059908968348756,0.9999995515730465,mgs
2165,2157,2157.0,1.319491841702821,1.319491841702821,0.3414099495151338,0.3414099495151338,1,0,2,1,1,0,0,0,0,0,super,1,0,0.01110227392198213,0.9999995481310702,mgs
2165,2159,2159.0,1.195326186601182,1.195326186601182,0.3912327525323031,0.3912327525323031,3,0,2,1,1,0,0,0,0,0,super,1,0,0.011149842168890074,0.9999995442506651,mgs
2165,2159,2159.0,1.3617267958171086,1.3617267958171086,0.3912327525323031,0.3912327525323031,3,0,2,1,1,0,0,0,0,0,super,1,0,0.011173652829444613,0.9999995423020671,mgs
2165,2157,2157.0,1.319491841702821,1.319491841702821,0.3414099495151338,0.3414099495151338,1,0,2,1,1,0,0,0,0,0,super,1,0,0.011180599543341102,0.9999995417327843,mgs
2165,2157,2157.0,1.319491841702821,1.319491841702821,0.3414099495151338,0.3414099495151338,1,0,2,1,1,0,0,0,0,0,super,1,0,0.011267018263244237,0.9999995346211945,mgs
2165,2157,2157.0,1.319491841702821,1.319491841702821,0.3414099495151338,0.3414099495151338,1,0,2,1,1,0,0,0,0,0,super,1,0,0.011337495399746525,0.9999995287809367,mgs
2165,2157,2157.0,1.319491841702821,1.319491841702821,0.3414099495151338,0.3414099495151338,1,0,2,1,1,0,0,0,0,0,super,1,0,0.011367950719888867,0.9999995262459143,mgs
2158,2157,2157.0,1.2409361350902466,1.2409361350902466,0.5094372435582577,0.5094372435582577,0,0,1,1,0,0,1,0,1,0,super,1,0,0.011392964436074914,0.9999995241587504,mgs
2165,2157,2157.0,1.319491841702821,1.319491841702821,0.3414099495151338,0.3414099495151338,1,0,2,1,1,0,0,0,0,0,super,1,0,0.011411653223042186,0.9999995225963494,mgs
2158,2157,2157.0,1.2409361350902466,1.2409361350902466,0.5094372435582577,0.5094372435582577,0,0,1,1,0,0,1,0,1,0,super,1,0,0.011417237698407252,0.9999995221289848,mgs
2165,2157,2157.0,1.2409361350902466,1.2409361350902466,0.5094372435582577,0.5094372435582577,1,0,2,1,1,0,0,0,0,0,super,1,0,0.011421031359615846,0.999999521811363,mgs
2171,2157,2157.0,1.2409361350902466,1.2409361350902466,0.5094372435582577,0.5094372435582577,2,0,2,1,1,0,0,0,0,0,super,1,0,0.011432677120988138,0.99999952083567,mgs
2165,2157,2157.0,1.319491841702821,1.319491841702821,0.3414099495151338,0.3414099495151338,1,0,2,1,1,0,0,0,0,0,super,1,0,0.011460151431033566,0.999999518529906,mgs
2165,2157,2157.0,1.319491841702821,1.319491841702821,0.3414099495151338,0.3414099495151338,1,0,2,1,1,0,0,0,0,0,super,1,0,0.01149000854941129,0.999999516017891,mgs
2163,2157,2157.0,1.2409361350902466,1.2409361350902466,0.5094372435582577,0.5094372435582577,3,0,2,1,1,0,0,0,0,0,super,1,0,0.011626133374180456,0.9999995044822618,mgs
2165,2159,2159.0,1.3617267958171086,1.3617267958171086,0.3912327525323031,0.3912327525323031,3,0,2,1,1,0,0,0,0,0,super,1,0,0.011674210918277831,0.9999995003755595,mgs
2165,2157,2157.0,1.319491841702821,1.319491841702821,0.3414099495151338,0.3414099495151338,1,0,2,1,1,0,0,0,0,0,super,1,0,0.011719364473061523,0.9999994965031869,mgs
2165,2157,2157.0,1.319491841702821,1.319491841702821,0.3414099495151338,0.3414099495151338,1,0,2,1,1,0,0,0,0,0,super,1,0,0.011720686624659624,0.9999994963895737,mgs
2000,1993,1993.0,0.5143813585469961,0.5143813585469961,0.3208218464035616,0.3208218464035616,4,0,3,1,1,0,0,1,0,1,near,0,1,0.011768374291657039,0.9999994922831824,mgs
2165,2157,2157.0,1.319491841702821,1.319491841702821,0.3414099495151338,0.3414099495151338,1,0,2,1,1,0,0,0,0,0,super,1,0,0.01179584808235136,0.9999994899098406,mgs
2165,2157,2157.0,1.2409361350902466,1.2409361350902466,0.5094372435582577,0.5094372435582577,1,0,2,1,1,0,0,0,0,0,super,1,0,0.011811253954313549,0.9999994885765722,mgs
2164,2156,2156.0,1.406375242531284,1.406375242531284,0.537918143342381,0.537918143342381,1,0,2,1,1,0,0,0,0,0,super,1,0,0.011823973491748267,0.9999994874744755,mgs
2165,2157,2157.0,1.319491841702821,1.319491841702821,0.3414099495151338,0.3414099495151338,1,0,2,1,1,0,0,0,0,0,super,1,0,0.011878451558900358,0.9999994827407499,mgs
2165,2157,2157.0,1.319491841702821,1.319491841702821,0.3414099495151338,0.3414099495151338,1,0,2,1,1,0,0,0,0,0,super,1,0,0.011884345078462007,0.999999482227344,mgs
2171,2157,2157.0,1.2409361350902466,1.2409361350902466,0.5094372435582577,0.5094372435582577,2,0,2,1,1,0,0,0,0,0,super,1,0,0.0119004383411692,0.9999994808241042,mgs
2158,2157,2157.0,1.2409361350902466,1.2409361350902466,0.5094372435582577,0.5094372435582577,0,0,1,1,0,0,1,0,1,0,super,1,0,0.011914143463523109,0.9999994796275993,mgs
2165,2157,2157.0,1.319491841702821,1.319491841702821,0.3414099495151338,0.3414099495151338,1,0,2,1,1,0,0,0,0,0,super,1,0,0.011935536609165862,0.9999994777571505,mgs
2165,2157,2157.0,1.319491841702821,1.319491841702821,0.3414099495151338,0.3414099495151338,1,0,2,1,1,0,0,0,0,0,super,1,0,0.011943138905453263,0.9999994770916573,mgs
2158,2157,2157.0,1.2409361350902466,1.2409361350902466,0.5094372435582577,0.5094372435582577,0,0,1,1,0,0,1,0,1,0,super,1,0,0.011984219384758597,0.9999994734882043,mgs
2165,2157,2157.0,1.319491841702821,1.319491841702821,0.3414099495151338,0.3414099495151338,1,0,2,1,1,0,0,0,0,0,super,1,0,0.012055045434496372,0.9999994672465056,mgs
2165,2157,2157.0,1.2409361350902466,1.2409361350902466,0.5094372435582577,0.5094372435582577,1,0,2,1,1,0,0,0,0,0,super,1,0,0.012083902366457601,0.9999994646928807,mgs
2171,2157,2157.0,1.319491841702821,1.319491841702821,0.3414099495151338,0.3414099495151338,2,0,2,1,1,0,0,0,0,0,super,1,0,0.01210055713321398,0.9999994632162784,mgs
2165,2159,2159.0,1.3617267958171086,1.3617267958171086,0.3912327525323031,0.3912327525323031,3,0,2,1,1,0,0,0,0,0,super,1,0,0.012173781434836089,0.9999994567001258,mgs
2165,2157,2157.0,1.319491841702821,1.319491841702821,0.3414099495151338,0.3414099495151338,1,0,2,1,1,0,0,0,0,0,super,1,0,0.012219631180486985,0.9999994525999913,mgs
2165,2157,2157.0,1.2409361350902466,1.2409361350902466,0.5094372435582577,0.5094372435582577,1,0,2,1,1,0,0,0,0,0,super,1,0,0.012232189290297367,0.9999994514742877,mgs
2165,2157,2157.0,1.319491841702821,1.319491841702821,0.3414099495151338,0.3414099495151338,1,0,2,1,1,0,0,0,0,0,super,1,0,0.01226853912065308,0.9999994482093869,mgs
2165,2157,2157.0,1.2409361350902466,1.2409361350902466,0.5094372435582577,0.5094372435582577,1,0,2,1,1,0,0,0,0,0,super,1,0,0.012290860709222546,0.9999994461996858,mgs
2165,2157,2157.0,1.319491841702821,1.319491841702821,0.3414099495151338,0.3414099495151338,1,0,2,1,1,0,0,0,0,0,super,1,0,0.012328458087363358,0.9999994428063863,mgs
2165,2157,2157.0,1.319491841702821,1.319491841702821,0.3414099495151338,0.3414099495151338,1,0,2,1,1,0,0,0,0,0,super,1,0,0.012342532728380182,0.9999994415334329,mgs
1618,1612,1612.0,0.8947275114218031,0.8947275114218031,0.6637602614083457,0.6637602614083457,2,0,2,1,1,0,0,1,1,1,near,0,0,0.008733966566245702,0.9999997203520409,mgs
1337,1322,1322.0,0.5445226307974622,0.5445226307974622,0.5104306965742659,0.5104306965742659,2,0,2,1,1,0,0,1,1,1,near,0,0,0.009502025548201334,0.9999996690053368,mgs
1618,1612,1612.0,0.8947275114218031,0.8947275114218031,0.6637602614083457,0.6637602614083457,2,0,2,1,1,0,0,1,1,1,near,0,0,0.00980896029898287,0.9999996472763683,mgs
1337,1322,1322.0,0.5445226307974622,0.5445226307974622,0.5104306965742659,0.5104306965742659,2,0,2,1,1,0,0,1,1,1,near,0,0,0.010847495781263669,0.9999995686323389,mgs
1337,1322,1322.0,0.5445226307974622,0.5445226307974622,0.5104306965742659,0.5104306965742659,2,0,2,1,1,0,0,1,1,1,near,0,0,0.010892766110790125,0.9999995650243346,mgs
1337,1322,1322.0,0.5445226307974622,0.5445226307974622,0.5104306965742659,0.5104306965742659,2,0,2,1,1,0,0,1,1,1,near,0,0,0.011045035170403675,0.9999995527783596,mgs
1337,1322,1322.0,0.5445226307974622,0.5445226307974622,0.5104306965742659,0.5104306965742659,2,0,2,1,1,0,0,1,1,1,near,0,0,0.011045777523526337,0.9999995527182408,mgs
1337,1322,1322.0,0.5445226307974622,0.5445226307974622,0.5104306965742659,0.5104306965742659,2,0,2,1,1,0,0,1,1,1,near,0,0,0.011075186761218804,0.9999995503333065,mgs
1337,1322,1322.0,0.8347607855062458,0.8347607855062458,0.5104306965742659,0.5104306965742659,2,0,2,1,1,0,0,1,1,1,near,0,0,0.011282866232254683,0.9999995333110883,mgs
1337,1322,1322.0,0.5445226307974622,0.5445226307974622,0.5104306965742659,0.5104306965742659,2,0,2,1,1,0,0,1,1,1,near,0,0,0.011308438653156096,0.9999995311932062,mgs
1337,1322,1322.0,0.5445226307974622,0.5445226307974622,0.5104306965742659,0.5104306965742659,2,0,2,1,1,0,0,1,1,1,near,0,0,0.011341108634070906,0.9999995284805359,mgs
1337,1322,1322.0,0.5445226307974622,0.5445226307974622,0.5104306965742659,0.5104306965742659,2,0,2,1,1,0,0,1,1,1,near,0,0,0.011509146027390331,0.9999995144043309,mgs
1334,1322,1322.0,0.5445226307974622,0.5445226307974622,0.5104306965742659,0.5104306965742659,1,0,3,1,1,0,0,1,0,1,near,0,0,0.011549464260750984,0.9999995109961454,mgs
1337,1322,1322.0,0.5445226307974622,0.5445226307974622,0.5104306965742659,0.5104306965742659,2,0,2,1,1,0,0,1,1,1,near,0,0,0.011712155375953145,0.9999994971224424,mgs
1325,1322,1322.0,0.5445226307974622,0.5445226307974622,0.5104306965742659,0.5104306965742659,1,0,2,1,1,0,0,1,1,1,near,0,0,0.011950333828038983,0.9999994764614346,mgs
1337,1322,1322.0,0.5445226307974622,0.5445226307974622,0.5104306965742659,0.5104306965742659,2,0,2,1,1,0,0,1,1,1,near,0,0,0.011994331881663598,0.9999994725992695,mgs
1396,1322,1322.0,0.5445226307974622,0.5445226307974622,0.5104306965742659,0.5104306965742659,5,0,3,1,1,0,0,1,0,1,near,0,1,0.012104122940975761,0.9999994628998715,mgs
1337,1322,1322.0,0.5445226307974622,0.5445226307974622,0.5104306965742659,0.5104306965742659,2,0,2,1,1,0,0,1,1,1,near,0,0,0.01250492580358951,0.9999994267410519,mgs
1493,1478,1478.0,0.5124361829638562,0.5124361829638562,0.634647338959553,0.634647338959553,2,0,2,1,1,0,0,1,1,1,near,0,0,0.012603480995000487,0.9999994176693814,mgs
1337,1322,1322.0,0.5445226307974622,0.5445226307974622,0.5104306965742659,0.5104306965742659,2,0,2,1,1,0,0,1,1,1,near,0,0,0.012660819392912187,0.9999994123588077,mgs
1337,1322,1322.0,0.5445226307974622,0.5445226307974622,0.5104306965742659,0.5104306965742659,2,0,2,1,1,0,0,1,1,1,near,0,0,0.012863491748640881,0.9999993933944933,mgs
1628,1613,1613.0,0.5445226307974622,0.5445226307974622,0.5104306965742659,0.5104306965742659,2,0,2,1,1,0,0,1,1,1,near,0,0,0.01287203773848214,0.9999993925882166,mgs
1337,1322,1322.0,0.5445226307974622,0.5445226307974622,0.5104306965742659,0.5104306965742659,2,0,2,1,1,0,0,1,1,1,near,0,0,0.012889948381266676,0.9999993908966889,mgs
1481,1478,1478.0,0.5124361829638562,0.5124361829638562,0.634647338959553,0.634647338959553,1,0,2,1,1,0,0,1,1,1,near,0,0,0.013116386481613807,0.9999993693084479,mgs
1337,1322,1322.0,0.5445226307974622,0.5445226307974622,0.5104306965742659,0.5104306965742659,2,0,2,1,1,0,0,1,1,1,near,0,0,0.013514932888356888,0.9999993303985416,mgs
1209,1200,1200.0,1.3981773627378473,1.3981773627378473,0.3868622394970941,0.3868622394970941,2,0,2,1,1,0,0,0,0,0,super,1,0,0.01375351743813879,0.9999993065483772,mgs
1481,1478,1478.0,0.5124361829638562,0.5124361829638562,0.634647338959553,0.634647338959553,1,0,2,1,1,0,0,1,1,1,near,0,0,0.014020777025471508,0.9999992793360971,mgs
1337,1322,1322.0,0.5445226307974622,0.5445226307974622,0.5104306965742659,0.5104306965742659,2,0,2,1,1,0,0,1,1,1,near,0,0,0.014193074580507834,0.999999261515178,mgs
1337,1322,1322.0,0.5445226307974622,0.5445226307974622,0.5104306965742659,0.5104306965742659,2,0,2,1,1,0,0,1,1,1,near,0,0,0.014201889660401569,0.9999992605975722,mgs
1337,1322,1322.0,0.5445226307974622,0.5445226307974622,0.5104306965742659,0.5104306965742659,2,0,2,1,1,0,0,1,1,1,near,0,0,0.014387784724663143,0.9999992411141307,mgs
1337,1322,1322.0,0.5445226307974622,0.5445226307974622,0.5104306965742659,0.5104306965742659,2,0,2,1,1,0,0,1,1,1,near,0,0,0.014460304811757047,0.999999233444685,mgs
1618,1612,1612.0,0.8947275114218031,0.8947275114218031,0.6637602614083457,0.6637602614083457,2,0,2,1,1,0,0,1,1,1,near,0,0,0.014499544782428509,0.9999992292787395,mgs
1337,1322,1322.0,0.5445226307974622,0.5445226307974622,0.5104306965742659,0.5104306965742659,2,0,2,1,1,0,0,1,1,1,near,0,0,0.014513824487858564,0.9999992277599206,mgs
1209,1200,1200.0,1.3981773627378473,1.3981773627378473,0.3868622394970941,0.3868622394970941,2,0,2,1,1,0,0,0,0,0,super,1,0,0.014671985157619688,0.9999992108376418,mgs
1337,1322,1322.0,0.5445226307974622,0.5445226307974622,0.5104306965742659,0.5104306965742659,2,0,2,1,1,0,0,1,1,1,near,0,0,0.014788981781992897,0.9999991982016617,mgs
1337,1322,1322.0,0.5445226307974622,0.5445226307974622,0.5104306965742659,0.5104306965742659,2,0,2,1,1,0,0,1,1,1,near,0,0,0.015093935323803811,0.9999991647940618,mgs
1337,1322,1322.0,0.5445226307974622,0.5445226307974622,0.5104306965742659,0.5104306965742659,2,0,2,1,1,0,0,1,1,1,near,0,0,0.015198891819188239,0.9999991531383787,mgs
1337,1322,1322.0,0.5445226307974622,0.5445226307974622,0.5104306965742659,0.5104306965742659,2,0,2,1,1,0,0,1,1,1,near,0,0,0.015282928447226634,0.9999991437476754,mgs
1337,1322,1322.0,0.5445226307974622,0.5445226307974622,0.5104306965742659,0.5104306965742659,2,0,2,1,1,0,0,1,1,1,near,0,0,0.015311190582745854,0.9999991405778778,mgs
1337,1322,1322.0,0.5445226307974622,0.5445226307974622,0.5104306965742659,0.5104306965742659,2,0,2,1,1,0,0,1,1,1,near,0,0,0.0158698543785171,0.9999990767177479,mgs
1337,1322,1322.0,0.5445226307974622,0.5445226307974622,0.5104306965742659,0.5104306965742659,2,0,2,1,1,0,0,1,1,1,near,0,0,0.015938798778793617,0.9999990686781768,mgs
1337,1322,1322.0,0.5445226307974622,0.5445226307974622,0.5104306965742659,0.5104306965742659,2,0,2,1,1,0,0,1,1,1,near,0,0,0.016037406222529995,0.9999990571190448,mgs
1480,1478,1478.0,0.5124361829638562,0.5124361829638562,0.634647338959553,0.634647338959553,0,0,1,1,0,0,0,1,1,1,near,0,0,0.016115568844671604,0.9999990479058789,mgs
1481,1478,1478.0,0.5124361829638562,0.5124361829638562,0.634647338959553,0.634647338959553,1,0,2,1,1,0,0,1,1,1,near,0,0,0.01624222463938654,0.999999032881637,mgs
1618,1612,1612.0,0.8947275114218031,0.8947275114218031,0.6637602614083457,0.6637602614083457,2,0,2,1,1,0,0,1,1,1,near,0,0,0.01654817299355554,0.9999989961040351,mgs
1337,1322,1322.0,0.5445226307974622,0.5445226307974622,0.5104306965742659,0.5104306965742659,2,0,2,1,1,0,0,1,1,1,near,0,0,0.01659272452940241,0.9999989906913153,mgs
1337,1322,1322.0,0.5445226307974622,0.5445226307974622,0.5104306965742659,0.5104306965742659,2,0,2,1,1,0,0,1,1,1,near,0,0,0.0166905973032427,0.9999989787493125,mgs
1337,1322,1322.0,0.5445226307974622,0.5445226307974622,0.5104306965742659,0.5104306965742659,2,0,2,1,1,0,0,1,1,1,near,0,0,0.016711618561752448,0.9999989761752293,mgs
1334,1322,1322.0,0.5445226307974622,0.5445226307974622,0.5104306965742659,0.5104306965742659,1,0,3,1,1,0,0,1,0,1,near,0,0,0.016759001205224954,0.9999989703612745,mgs
1628,1613,1613.0,0.5445226307974622,0.5445226307974622,0.5104306965742659,0.5104306965742659,2,0,2,1,1,0,0,1,1,1,near,0,0,0.016970182247642403,0.9999989442487199,mgs
1337,1322,1322.0,0.5445226307974622,0.5445226307974622,0.5104306965742659,0.5104306965742659,2,0,2,1,1,0,0,1,1,1,near,0,0,0.01697820798835604,0.9999989432498868,mgs
1337,1322,1322.0,0.8347607855062458,0.8347607855062458,0.5104306965742659,0.5104306965742659,2,0,2,1,1,0,0,1,1,1,near,0,0,0.016984549721590556,0.9999989424603007,mgs
1209,1200,1200.0,1.3981773627378473,1.3981773627378473,0.3868622394970941,0.3868622394970941,2,0,2,1,1,0,0,0,0,0,super,1,0,0.01701316438670572,0.9999989388939259,mgs
1334,1322,1322.0,0.5445226307974622,0.5445226307974622,0.5104306965742659,0.5104306965742659,1,0,3,1,1,0,0,1,0,1,near,0,0,0.01709836002612731,0.9999989282400631,mgs
1337,1322,1322.0,0.5445226307974622,0.5445226307974622,0.5104306965742659,0.5104306965742659,2,0,2,1,1,0,0,1,1,1,near,0,0,0.017244095319138404,0.9999989098922341,mgs
1337,1322,1322.0,0.5445226307974622,0.5445226307974622,0.5104306965742659,0.5104306965742659,2,0,2,1,1,0,0,1,1,1,near,0,0,0.017465853909772622,0.9999988816744415,mgs
1325,1322,1322.0,0.5445226307974622,0.5445226307974622,0.5104306965742659,0.5104306965742659,1,0,2,1,1,0,0,1,1,1,near,0,0,0.017649597204163446,0.9999988580207813,mgs
1954,1952,1952.0,0.5875015235302967,0.5875015235302967,0.49781201013987647,0.49781201013987647,0,0,1,1,0,0,0,1,1,1,near,0,0,0.017726445988471024,0.9999988480544605,mgs
1331,1322,1322.0,0.5445226307974622,0.5445226307974622,0.5104306965742659,0.5104306965742659,1,0,2,1,1,0,0,1,1,1,near,0,0,0.01785945049354443,0.9999988307031267,mgs
1209,1200,1200.0,1.3981773627378473,1.3981773627378473,0.3868622394970941,0.3868622394970941,2,0,2,1,1,0,0,0,0,0,super,1,0,0.017896925633434767,0.9999988257908212,mgs
1209,1200,1200.0,1.3981773627378473,1.3981773627378473,0.3868622394970941,0.3868622394970941,2,0,2,1,1,0,0,0,0,0,super,1,0,0.01794728110243762,0.9999988191739265,mgs
1493,1478,1478.0,0.5124361829638562,0.5124361829638562,0.634647338959553,0.634647338959553,2,0,2,1,1,0,0,1,1,1,near,0,0,0.01795950091032092,0.9999988175653954,mgs
1337,1322,1322.0,0.5445226307974622,0.5445226307974622,0.5104306965742659,0.5104306965742659,2,0,2,1,1,0,0,1,1,1,near,0,0,0.018151511345541167,0.9999987921467093,mgs
1337,1322,1322.0,0.5445226307974622,0.5445226307974622,0.5104306965742659,0.5104306965742659,2,0,2,1,1,0,0,1,1,1,near,0,0,0.01834291939728392,0.9999987665387247,mgs
1324,1322,1322.0,0.5445226307974622,0.5445226307974622,0.5104306965742659,0.5104306965742659,0,0,1,1,0,0,0,1,1,1,near,0,0,0.018482107095012804,0.9999987477484762,mgs
1940,1322,963.0,0.7482364678326621,0.6463795493150621,0.8067311357263784,0.6585809161503222,2,0,3,2,1,0,0,1,0,1,near,0,0,0.01858638754918666,0.9999987335776077,mgs
1209,1200,1200.0,1.3981773627378473,1.3981773627378473,0.3868622394970941,0.3868622394970941,2,0,2,1,1,0,0,0,0,0,super,1,0,0.018654901924120657,0.9999987242236583,mgs
1618,1612,1612.0,0.8947275114218031,0.8947275114218031,0.6637602614083457,0.6637602614083457,2,0,2,1,1,0,0,1,1,1,near,0,0,0.018810275742000115,0.999998702883667,mgs
1337,1322,1322.0,0.5445226307974622,0.5445226307974622,0.5104306965742659,0.5104306965742659,2,0,2,1,1,0,0,1,1,1,near,0,0,0.01904394322857597,0.9999986704570845,mgs
1618,1612,1612.0,0.8947275114218031,0.8947275114218031,0.6637602614083457,0.6637602614083457,2,0,2,1,1,0,0,1,1,1,near,0,0,0.019058965262836847,0.9999986683587463,mgs
1337,1322,1322.0,0.5445226307974622,0.5445226307974622,0.5104306965742659,0.5104306965742659,2,0,2,1,1,0,0,1,1,1,near,0,0,0.019065201699415193,0.9999986674871297,mgs
1337,1322,1322.0,0.5445226307974622,0.5445226307974622,0.5104306965742659,0.5104306965742659,2,0,2,1,1,0,0,1,1,1,near,0,0,0.019360206478193573,0.9999986259308994,mgs
1334,1322,1322.0,0.5445226307974622,0.5445226307974622,0.5104306965742659,0.5104306965742659,1,0,3,1,1,0,0,1,0,1,near,0,0,0.019508207684100998,0.9999986048421571,mgs
1337,1322,1322.0,0.5445226307974622,0.5445226307974622,0.5104306965742659,0.5104306965742659,2,0,2,1,1,0,0,1,1,1,near,0,0,0.019515820068343313,0.9999986037531232,mgs
1337,1322,1322.0,0.5445226307974622,0.5445226307974622,0.5104306965742659,0.5104306965742659,2,0,2,1,1,0,0,1,1,1,near,0,0,0.019523892453968582,0.9999986025978169,mgs
1337,1322,1322.0,0.5445226307974622,0.5445226307974622,0.5104306965742659,0.5104306965742659,2,0,2,1,1,0,0,1,1,1,near,0,0,0.019600853298889182,0.9999985915593196,mgs
1337,1322,1322.0,0.5445226307974622,0.5445226307974622,0.5104306965742659,0.5104306965742659,2,0,2,1,1,0,0,1,1,1,near,0,0,0.019613500382109315,0.9999985897411933,mgs
1337,1322,1322.0,0.5445226307974622,0.5445226307974622,0.5104306965742659,0.5104306965742659,2,0,2,1,1,0,0,1,1,1,near,0,0,0.019676954809859426,0.9999985806013743,mgs
1337,1322,1322.0,0.5445226307974622,0.5445226307974622,0.5104306965742659,0.5104306965742659,2,0,2,1,1,0,0,1,1,1,near,0,0,0.019698590231200058,0.9999985774783128,mgs
1325,1322,1322.0,0.5445226307974622,0.5445226307974622,0.5104306965742659,0.5104306965742659,1,0,2,1,1,0,0,1,1,1,near,0,0,0.019721769734512867,0.9999985741285556,mgs
1337,1322,1322.0,0.5445226307974622,0.5445226307974622,0.5104306965742659,0.5104306965742659,2,0,2,1,1,0,0,1,1,1,near,0,0,0.019820416960555573,0.9999985598286174,mgs
1627,1612,1612.0,0.8947275114218031,0.8947275114218031,0.6637602614083457,0.6637602614083457,2,0,2,1,1,0,0,1,1,1,near,0,0,0.019939228164284523,0.9999985425109856,mgs
1337,1322,1322.0,0.5445226307974622,0.5445226307974622,0.5104306965742659,0.5104306965742659,2,0,2,1,1,0,0,1,1,1,near,0,0,0.020015810227200642,0.9999985312937145,mgs
1337,1322,1322.0,0.5445226307974622,0.5445226307974622,0.5104306965742659,0.5104306965742659,2,0,2,1,1,0,0,1,1,1,near,0,0,0.020045021643450078,0.9999985270036761,mgs
1337,1322,1322.0,0.5445226307974622,0.5445226307974622,0.5104306965742659,0.5104306965742659,2,0,2,1,1,0,0,1,1,1,near,0,0,0.020076784450757158,0.9999985223318362,mgs
1337,1322,1322.0,0.5445226307974622,0.5445226307974622,0.5104306965742659,0.5104306965742659,2,0,2,1,1,0,0,1,1,1,near,0,0,0.0201053003541626,0.9999985181312664,mgs
1337,1322,1322.0,0.5445226307974622,0.5445226307974622,0.5104306965742659,0.5104306965742659,2,0,2,1,1,0,0,1,1,1,near,0,0,0.02012513458906885,0.9999985152060447,mgs
1337,1322,1322.0,0.5445226307974622,0.5445226307974622,0.5104306965742659,0.5104306965742659,2,0,2,1,1,0,0,1,1,1,near,0,0,0.020142539834172003,0.9999985126366827,mgs
1618,1612,1612.0,0.8947275114218031,0.8947275114218031,0.6637602614083457,0.6637602614083457,2,0,2,1,1,0,0,1,1,1,near,0,0,0.020188455489856177,0.9999985058479558,mgs
1209,1200,1200.0,1.3981773627378473,1.3981773627378473,0.3868622394970941,0.3868622394970941,2,0,2,1,1,0,0,0,0,0,super,1,0,0.020211992110939683,0.9999985023620239,mgs
1337,1322,1322.0,0.5445226307974622,0.5445226307974622,0.8670637886347279,0.8670637886347279,2,0,2,1,1,0,0,1,1,1,near,0,0,0.020265932719304634,0.9999984943577364,mgs
1830,1199,915.0,1.6323242520323327,1.438519655753074,0.8387029044734473,0.639640099663934,0,0,2,2,0,0,0,0,0,0,super,1,0,0.02027599685086613,0.9999984928619509,mgs
1337,1322,1322.0,0.5445226307974622,0.5445226307974622,0.5104306965742659,0.5104306965742659,2,0,2,1,1,0,0,1,1,1,near,0,0,0.020313293066975487,0.9999984873123107,mgs
1209,1200,1200.0,1.3981773627378473,1.3981773627378473,0.3868622394970941,0.3868622394970941,2,0,2,1,1,0,0,0,0,0,super,1,0,0.02041700378056059,0.9999984718266477,mgs
1337,1322,1322.0,0.8347607855062458,0.8347607855062458,0.5104306965742659,0.5104306965742659,2,0,2,1,1,0,0,1,1,1,near,0,0,0.02045449670492442,0.9999984662089483,mgs
1337,1322,1322.0,0.5445226307974622,0.5445226307974622,0.5104306965742659,0.5104306965742659,2,0,2,1,1,0,0,1,1,1,near,0,0,0.020706803975428987,0.9999984281367933,mgs
1337,1322,1322.0,0.5445226307974622,0.5445226307974622,0.5104306965742659,0.5104306965742659,2,0,2,1,1,0,0,1,1,1,near,0,0,0.020811507917385494,0.9999984122003529,mgs
1325,1322,1322.0,0.5445226307974622,0.5445226307974622,0.5104306965742659,0.5104306965742659,1,0,2,1,1,0,0,1,1,1,near,0,0,0.020868862687880924,0.9999984034366081,mgs
1481,1478,1478.0,0.5124361829638562,0.5124361829638562,0.634647338959553,0.634647338959553,1,0,2,1,1,0,0,1,1,1,near,0,0,0.02111520461367733,0.9999983655215744,mgs
1337,1322,1322.0,0.5445226307974622,0.5445226307974622,0.5104306965742659,0.5104306965742659,2,0,2,1,1,0,0,1,1,1,near,0,0,0.021147327036483705,0.999998360544749,mgs
234,0,0.0,0.0,0.0,0.0,0.0,4,0,3,0,1,0,1,0,0,0,near,0,1,3.123115001053984e-05,0.9999999992796216,lorenz
234,0,0.0,0.0,0.0,0.0,0.0,4,0,3,0,1,0,1,0,0,0,near,0,1,3.123115001053984e-05,0.9999999992796216,lorenz
234,0,0.0,0.0,0.0,0.0,0.0,4,0,3,0,1,0,1,0,0,0,near,0,1,3.123115001053984e-05,0.9999999992796216,lorenz
234,0,0.0,0.0,0.0,0.0,0.0,4,0,3,0,1,0,1,0,0,0,near,0,1,3.123115001053984e-05,0.9999999992796216,lorenz
234,0,0.0,0.0,0.0,0.0,0.0,4,0,3,0,1,0,1,0,0,0,near,0,1,3.123115001053984e-05,0.9999999992796216,lorenz
234,0,0.0,0.0,0.0,0.0,0.0,4,0,3,0,1,0,1,0,0,0,near,0,1,3.123115001053984e-05,0.9999999992796216,lorenz
234,0,0.0,0.0,0.0,0.0,0.0,4,0,3,0,1,0,1,0,0,0,near,0,1,3.123115001053984e-05,0.9999999992796216,lorenz
234,0,0.0,0.0,0.0,0.0,0.0,4,0,3,0,1,0,1,0,0,0,near,0,1,3.123115001053984e-05,0.9999999992796216,lorenz
234,0,0.0,0.0,0.0,0.0,0.0,4,0,3,0,1,0,1,0,0,0,near,0,1,3.123115001053984e-05,0.9999999992796216,lorenz
234,0,0.0,0.0,0.0,0.0,0.0,4,0,3,0,1,0,1,0,0,0,near,0,1,3.123115001053984e-05,0.9999999992796216,lorenz
234,0,0.0,0.0,0.0,0.0,0.0,4,0,3,0,1,0,1,0,0,0,near,0,1,3.123115001053984e-05,0.9999999992796216,lorenz
234,0,0.0,0.0,0.0,0.0,0.0,4,0,3,0,1,0,1,0,0,0,near,0,1,3.123115001053984e-05,0.9999999992796216,lorenz
234,0,0.0,0.0,0.0,0.0,0.0,4,0,3,0,1,0,1,0,0,0,near,0,1,3.123115001053984e-05,0.9999999992796216,lorenz
234,0,0.0,0.0,0.0,0.0,0.0,4,0,3,0,1,0,1,0,0,0,near,0,1,3.123115001053984e-05,0.9999999992796216,lorenz
234,0,0.0,0.0,0.0,0.0,0.0,4,0,3,0,1,0,1,0,0,0,near,0,1,3.123115001053984e-05,0.9999999992796216,lorenz
234,0,0.0,0.0,0.0,0.0,0.0,4,0,3,0,1,0,1,0,0,0,near,0,1,3.123115001053984e-05,0.9999999992796216,lorenz
234,0,0.0,0.0,0.0,0.0,0.0,4,0,3,0,1,0,1,0,0,0,near,0,1,3.123115001053984e-05,0.9999999992796216,lorenz
234,0,0.0,0.0,0.0,0.0,0.0,4,0,3,0,1,0,1,0,0,0,near,0,1,3.123115001053984e-05,0.9999999992796216,lorenz
234,0,0.0,0.0,0.0,0.0,0.0,4,0,3,0,1,0,1,0,0,0,near,0,1,3.123115001053984e-05,0.9999999992796216,lorenz
234,0,0.0,0.0,0.0,0.0,0.0,4,0,3,0,1,0,1,0,0,0,near,0,1,3.123115001053984e-05,0.9999999992796216,lorenz
234,0,0.0,0.0,0.0,0.0,0.0,4,0,3,0,1,0,1,0,0,0,near,0,1,3.123115001053984e-05,0.9999999992796216,lorenz
234,0,0.0,0.0,0.0,0.0,0.0,4,0,3,0,1,0,1,0,0,0,near,0,1,3.123115001053984e-05,0.9999999992796216,lorenz
234,0,0.0,0.0,0.0,0.0,0.0,4,0,3,0,1,0,1,0,0,0,near,0,1,3.123115001053984e-05,0.9999999992796216,lorenz
234,0,0.0,0.0,0.0,0.0,0.0,4,0,3,0,1,0,1,0,0,0,near,0,1,3.123115001053984e-05,0.9999999992796216,lorenz
234,0,0.0,0.0,0.0,0.0,0.0,4,0,3,0,1,0,1,0,0,0,near,0,1,3.123115001053984e-05,0.9999999992796216,lorenz
234,0,0.0,0.0,0.0,0.0,0.0,4,0,3,0,1,0,1,0,0,0,near,0,1,3.123115001053984e-05,0.9999999992796216,lorenz
234,0,0.0,0.0,0.0,0.0,0.0,4,0,3,0,1,0,1,0,0,0,near,0,1,3.123115001053984e-05,0.9999999992796216,lorenz
234,0,0.0,0.0,0.0,0.0,0.0,4,0,3,0,1,0,1,0,0,0,near,0,1,3.123115001053984e-05,0.9999999992796216,lorenz
234,0,0.0,0.0,0.0,0.0,0.0,4,0,3,0,1,0,1,0,0,0,near,0,1,3.123115001053984e-05,0.9999999992796216,lorenz
234,0,0.0,0.0,0.0,0.0,0.0,4,0,3,0,1,0,1,0,0,0,near,0,1,3.123115001053984e-05,0.9999999992796216,lorenz
234,0,0.0,0.0,0.0,0.0,0.0,4,0,3,0,1,0,1,0,0,0,near,0,1,3.123115001053984e-05,0.9999999992796216,lorenz
234,0,0.0,0.0,0.0,0.0,0.0,4,0,3,0,1,0,1,0,0,0,near,0,1,3.123115001053984e-05,0.9999999992796216,lorenz
234,0,0.0,0.0,0.0,0.0,0.0,4,0,3,0,1,0,1,0,0,0,near,0,1,3.123115001053984e-05,0.9999999992796216,lorenz
234,0,0.0,0.0,0.0,0.0,0.0,4,0,3,0,1,0,1,0,0,0,near,0,1,3.123115001053984e-05,0.9999999992796216,lorenz
234,0,0.0,0.0,0.0,0.0,0.0,4,0,3,0,1,0,1,0,0,0,near,0,1,3.123115001053984e-05,0.9999999992796216,lorenz
234,0,0.0,0.0,0.0,0.0,0.0,4,0,3,0,1,0,1,0,0,0,near,0,1,3.123115001053984e-05,0.9999999992796216,lorenz
234,0,0.0,0.0,0.0,0.0,0.0,4,0,3,0,1,0,1,0,0,0,near,0,1,3.123115001053984e-05,0.9999999992796216,lorenz
234,0,0.0,0.0,0.0,0.0,0.0,4,0,3,0,1,0,1,0,0,0,near,0,1,3.123115001053984e-05,0.9999999992796216,lorenz
234,0,0.0,0.0,0.0,0.0,0.0,4,0,3,0,1,0,1,0,0,0,near,0,1,3.123115001053984e-05,0.9999999992796216,lorenz
234,0,0.0,0.0,0.0,0.0,0.0,4,0,3,0,1,0,1,0,0,0,near,0,1,3.123115001053984e-05,0.9999999992796216,lorenz
234,0,0.0,0.0,0.0,0.0,0.0,4,0,3,0,1,0,1,0,0,0,near,0,1,3.123115001053984e-05,0.9999999992796216,lorenz
234,0,0.0,0.0,0.0,0.0,0.0,4,0,3,0,1,0,1,0,0,0,near,0,1,3.123115001053984e-05,0.9999999992796216,lorenz
234,0,0.0,0.0,0.0,0.0,0.0,4,0,3,0,1,0,1,0,0,0,near,0,1,3.123115001053984e-05,0.9999999992796216,lorenz
234,0,0.0,0.0,0.0,0.0,0.0,4,0,3,0,1,0,1,0,0,0,near,0,1,3.123115001053984e-05,0.9999999992796216,lorenz
234,0,0.0,0.0,0.0,0.0,0.0,4,0,3,0,1,0,1,0,0,0,near,0,1,3.123115001053984e-05,0.9999999992796216,lorenz
234,0,0.0,0.0,0.0,0.0,0.0,4,0,3,0,1,0,1,0,0,0,near,0,1,3.123115001053984e-05,0.9999999992796216,lorenz
234,0,0.0,0.0,0.0,0.0,0.0,4,0,3,0,1,0,1,0,0,0,near,0,1,3.123115001053984e-05,0.9999999992796216,lorenz
234,0,0.0,0.0,0.0,0.0,0.0,4,0,3,0,1,0,1,0,0,0,near,0,1,3.123115001053984e-05,0.9999999992796216,lorenz
234,0,0.0,0.0,0.0,0.0,0.0,4,0,3,0,1,0,1,0,0,0,near,0,1,3.123115001053984e-05,0.9999999992796216,lorenz
234,0,0.0,0.0,0.0,0.0,0.0,4,0,3,0,1,0,1,0,0,0,near,0,1,3.123115001053984e-05,0.9999999992796216,lorenz
234,0,0.0,0.0,0.0,0.0,0.0,4,0,3,0,1,0,1,0,0,0,near,0,1,3.123115001053984e-05,0.9999999992796216,lorenz
234,0,0.0,0.0,0.0,0.0,0.0,4,0,3,0,1,0,1,0,0,0,near,0,1,3.123115001053984e-05,0.9999999992796216,lorenz
234,0,0.0,0.0,0.0,0.0,0.0,4,0,3,0,1,0,1,0,0,0,near,0,1,3.123115001053984e-05,0.9999999992796216,lorenz
234,0,0.0,0.0,0.0,0.0,0.0,4,0,3,0,1,0,1,0,0,0,near,0,1,3.123115001053984e-05,0.9999999992796216,lorenz
234,0,0.0,0.0,0.0,0.0,0.0,4,0,3,0,1,0,1,0,0,0,near,0,1,3.123115001053984e-05,0.9999999992796216,lorenz
234,0,0.0,0.0,0.0,0.0,0.0,4,0,3,0,1,0,1,0,0,0,near,0,1,3.123115001053984e-05,0.9999999992796216,lorenz
234,0,0.0,0.0,0.0,0.0,0.0,4,0,3,0,1,0,1,0,0,0,near,0,1,3.123115001053984e-05,0.9999999992796216,lorenz
234,0,0.0,0.0,0.0,0.0,0.0,4,0,3,0,1,0,1,0,0,0,near,0,1,3.123115001053984e-05,0.9999999992796216,lorenz
234,0,0.0,0.0,0.0,0.0,0.0,4,0,3,0,1,0,1,0,0,0,near,0,1,3.123115001053984e-05,0.9999999992796216,lorenz
234,0,0.0,0.0,0.0,0.0,0.0,4,0,3,0,1,0,1,0,0,0,near,0,1,3.123115001053984e-05,0.9999999992796216,lorenz
234,0,0.0,0.0,0.0,0.0,0.0,4,0,3,0,1,0,1,0,0,0,near,0,1,3.123115001053984e-05,0.9999999992796216,lorenz
234,0,0.0,0.0,0.0,0.0,0.0,4,0,3,0,1,0,1,0,0,0,near,0,1,3.123115001053984e-05,0.9999999992796216,lorenz
234,0,0.0,0.0,0.0,0.0,0.0,4,0,3,0,1,0,1,0,0,0,near,0,1,3.123115001053984e-05,0.9999999992796216,lorenz
234,0,0.0,0.0,0.0,0.0,0.0,4,0,3,0,1,0,1,0,0,0,near,0,1,3.123115001053984e-05,0.9999999992796216,lorenz
234,0,0.0,0.0,0.0,0.0,0.0,4,0,3,0,1,0,1,0,0,0,near,0,1,3.123115001053984e-05,0.9999999992796216,lorenz
234,0,0.0,0.0,0.0,0.0,0.0,4,0,3,0,1,0,1,0,0,0,near,0,1,3.123115001053984e-05,0.9999999992796216,lorenz
234,0,0.0,0.0,0.0,0.0,0.0,4,0,3,0,1,0,1,0,0,0,near,0,1,3.123115001053984e-05,0.9999999992796216,lorenz
234,0,0.0,0.0,0.0,0.0,0.0,4,0,3,0,1,0,1,0,0,0,near,0,1,3.123115001053984e-05,0.9999999992796216,lorenz
234,0,0.0,0.0,0.0,0.0,0.0,4,0,3,0,1,0,1,0,0,0,near,0,1,3.123115001053984e-05,0.9999999992796216,lorenz
234,0,0.0,0.0,0.0,0.0,0.0,4,0,3,0,1,0,1,0,0,0,near,0,1,3.123115001053984e-05,0.9999999992796216,lorenz
234,0,0.0,0.0,0.0,0.0,0.0,4,0,3,0,1,0,1,0,0,0,near,0,1,3.123115001053984e-05,0.9999999992796216,lorenz
234,0,0.0,0.0,0.0,0.0,0.0,4,0,3,0,1,0,1,0,0,0,near,0,1,3.123115001053984e-05,0.9999999992796216,lorenz
234,0,0.0,0.0,0.0,0.0,0.0,4,0,3,0,1,0,1,0,0,0,near,0,1,3.123115001053984e-05,0.9999999992796216,lorenz
234,0,0.0,0.0,0.0,0.0,0.0,4,0,3,0,1,0,1,0,0,0,near,0,1,3.123115001053984e-05,0.9999999992796216,lorenz
234,0,0.0,0.0,0.0,0.0,0.0,4,0,3,0,1,0,1,0,0,0,near,0,1,3.123115001053984e-05,0.9999999992796216,lorenz
234,0,0.0,0.0,0.0,0.0,0.0,4,0,3,0,1,0,1,0,0,0,near,0,1,3.123115001053984e-05,0.9999999992796216,lorenz
234,0,0.0,0.0,0.0,0.0,0.0,4,0,3,0,1,0,1,0,0,0,near,0,1,3.123115001053984e-05,0.9999999992796216,lorenz
234,0,0.0,0.0,0.0,0.0,0.0,4,0,3,0,1,0,1,0,0,0,near,0,1,3.123115001053984e-05,0.9999999992796216,lorenz
234,0,0.0,0.0,0.0,0.0,0.0,4,0,3,0,1,0,1,0,0,0,near,0,1,3.123115001053984e-05,0.9999999992796216,lorenz
234,0,0.0,0.0,0.0,0.0,0.0,4,0,3,0,1,0,1,0,0,0,near,0,1,3.123115001053984e-05,0.9999999992796216,lorenz
234,0,0.0,0.0,0.0,0.0,0.0,4,0,3,0,1,0,1,0,0,0,near,0,1,3.123115001053984e-05,0.9999999992796216,lorenz
234,0,0.0,0.0,0.0,0.0,0.0,4,0,3,0,1,0,1,0,0,0,near,0,1,3.123115001053984e-05,0.9999999992796216,lorenz
234,0,0.0,0.0,0.0,0.0,0.0,4,0,3,0,1,0,1,0,0,0,near,0,1,3.123115001053984e-05,0.9999999992796216,lorenz
234,0,0.0,0.0,0.0,0.0,0.0,4,0,3,0,1,0,1,0,0,0,near,0,1,3.123115001053984e-05,0.9999999992796216,lorenz
234,0,0.0,0.0,0.0,0.0,0.0,4,0,3,0,1,0,1,0,0,0,near,0,1,3.123115001053984e-05,0.9999999992796216,lorenz
234,0,0.0,0.0,0.0,0.0,0.0,4,0,3,0,1,0,1,0,0,0,near,0,1,3.123115001053984e-05,0.9999999992796216,lorenz
234,0,0.0,0.0,0.0,0.0,0.0,4,0,3,0,1,0,1,0,0,0,near,0,1,3.123115001053984e-05,0.9999999992796216,lorenz
234,0,0.0,0.0,0.0,0.0,0.0,4,0,3,0,1,0,1,0,0,0,near,0,1,3.123115001053984e-05,0.9999999992796216,lorenz
234,0,0.0,0.0,0.0,0.0,0.0,4,0,3,0,1,0,1,0,0,0,near,0,1,3.123115001053984e-05,0.9999999992796216,lorenz
234,0,0.0,0.0,0.0,0.0,0.0,4,0,3,0,1,0,1,0,0,0,near,0,1,3.123115001053984e-05,0.9999999992796216,lorenz
234,0,0.0,0.0,0.0,0.0,0.0,4,0,3,0,1,0,1,0,0,0,near,0,1,3.123115001053984e-05,0.9999999992796216,lorenz
234,0,0.0,0.0,0.0,0.0,0.0,4,0,3,0,1,0,1,0,0,0,near,0,1,3.123115001053984e-05,0.9999999992796216,lorenz
234,0,0.0,0.0,0.0,0.0,0.0,4,0,3,0,1,0,1,0,0,0,near,0,1,3.123115001053984e-05,0.9999999992796216,lorenz
234,0,0.0,0.0,0.0,0.0,0.0,4,0,3,0,1,0,1,0,0,0,near,0,1,3.123115001053984e-05,0.9999999992796216,lorenz
234,0,0.0,0.0,0.0,0.0,0.0,4,0,3,0,1,0,1,0,0,0,near,0,1,3.123115001053984e-05,0.9999999992796216,lorenz
234,0,0.0,0.0,0.0,0.0,0.0,4,0,3,0,1,0,1,0,0,0,near,0,1,3.123115001053984e-05,0.9999999992796216,lorenz
234,0,0.0,0.0,0.0,0.0,0.0,4,0,3,0,1,0,1,0,0,0,near,0,1,3.123115001053984e-05,0.9999999992796216,lorenz
234,0,0.0,0.0,0.0,0.0,0.0,4,0,3,0,1,0,1,0,0,0,near,0,1,3.123115001053984e-05,0.9999999992796216,lorenz
234,0,0.0,0.0,0.0,0.0,0.0,4,0,3,0,1,0,1,0,0,0,near,0,1,3.123115001053984e-05,0.9999999992796216,lorenz
234,0,0.0,0.0,0.0,0.0,0.0,4,0,3,0,1,0,1,0,0,0,near,0,1,3.123115001053984e-05,0.9999999992796216,lorenz
139,46,46.0,0.5729996591908959,0.5729996591908959,0.7418227733413492,0.7418227733413492,2,0,2,1,1,0,0,1,1,1,near,0,0,2.8059144096828355e-05,0.9999999994185216,lorenz
139,46,46.0,0.5729996591908959,0.5729996591908959,0.7418227733413492,0.7418227733413492,2,0,2,1,1,0,0,1,1,1,near,0,0,4.0275927674546436e-05,0.9999999988019476,lorenz
139,46,46.0,0.5729996591908959,0.5729996591908959,0.7418227733413492,0.7418227733413492,2,0,2,1,1,0,0,1,1,1,near,0,0,4.1638602304881246e-05,0.9999999987195075,lorenz
139,46,46.0,0.5729996591908959,0.5729996591908959,0.7418227733413492,0.7418227733413492,2,0,2,1,1,0,0,1,1,1,near,0,0,4.383917643443017e-05,0.9999999985805846,lorenz
139,46,46.0,0.5729996591908959,0.5729996591908959,0.7418227733413492,0.7418227733413492,2,0,2,1,1,0,0,1,1,1,near,0,0,5.9194577011238326e-05,0.9999999974120934,lorenz
139,46,46.0,0.6107941884101928,0.6107941884101928,0.7418227733413492,0.7418227733413492,2,0,2,1,1,0,0,1,1,1,near,0,0,6.168331442641015e-05,0.9999999971899106,lorenz
139,46,46.0,0.5729996591908959,0.5729996591908959,0.7418227733413492,0.7418227733413492,2,0,2,1,1,0,0,1,1,1,near,0,0,6.927615706312789e-05,0.9999999964555217,lorenz
139,46,46.0,0.5729996591908959,0.5729996591908959,0.7418227733413492,0.7418227733413492,2,0,2,1,1,0,0,1,1,1,near,0,0,7.214030346989541e-05,0.999999996156378,lorenz
139,46,46.0,0.5729996591908959,0.5729996591908959,0.7418227733413492,0.7418227733413492,2,0,2,1,1,0,0,1,1,1,near,0,0,7.426787088558142e-05,0.999999995926322,lorenz
139,46,46.0,0.5729996591908959,0.5729996591908959,0.7418227733413492,0.7418227733413492,2,0,2,1,1,0,0,1,1,1,near,0,0,8.3746711412266e-05,0.9999999948201133,lorenz
139,46,46.0,0.5729996591908959,0.5729996591908959,0.7418227733413492,0.7418227733413492,2,0,2,1,1,0,0,1,1,1,near,0,0,8.520851942631243e-05,0.9999999946377041,lorenz
139,46,46.0,0.5729996591908959,0.5729996591908959,0.7418227733413492,0.7418227733413492,2,0,2,1,1,0,0,1,1,1,near,0,0,8.542667655306259e-05,0.999999994610211,lorenz
139,46,46.0,0.5729996591908959,0.5729996591908959,0.7418227733413492,0.7418227733413492,2,0,2,1,1,0,0,1,1,1,near,0,0,8.847314425231896e-05,0.9999999942189375,lorenz
139,46,46.0,0.5729996591908959,0.5729996591908959,0.7418227733413492,0.7418227733413492,2,0,2,1,1,0,0,1,1,1,near,0,0,8.987538796883654e-05,0.9999999940342329,lorenz
139,46,46.0,0.5729996591908959,0.5729996591908959,0.7418227733413492,0.7418227733413492,2,0,2,1,1,0,0,1,1,1,near,0,0,9.016501188149121e-05,0.9999999939957215,lorenz
139,46,46.0,0.5729996591908959,0.5729996591908959,0.7418227733413492,0.7418227733413492,2,0,2,1,1,0,0,1,1,1,near,0,0,9.23566515898373e-05,0.9999999937002821,lorenz
139,46,46.0,0.5729996591908959,0.5729996591908959,0.7418227733413492,0.7418227733413492,2,0,2,1,1,0,0,1,1,1,near,0,0,9.292219138414986e-05,0.9999999936228942,lorenz
139,46,46.0,0.5729996591908959,0.5729996591908959,0.7418227733413492,0.7418227733413492,2,0,2,1,1,0,0,1,1,1,near,0,0,9.784827489557462e-05,0.9999999929288331,lorenz
139,46,46.0,0.6612082043127165,0.6612082043127165,0.7418227733413492,0.7418227733413492,2,0,2,1,1,0,0,1,1,1,near,0,0,0.00010113844568049161,0.9999999924452988,lorenz
139,46,46.0,0.5729996591908959,0.5729996591908959,0.7418227733413492,0.7418227733413492,2,0,2,1,1,0,0,1,1,1,near,0,0,0.00010411649290179656,0.9999999919938486,lorenz
139,46,46.0,0.5729996591908959,0.5729996591908959,0.7418227733413492,0.7418227733413492,2,0,2,1,1,0,0,1,1,1,near,0,0,0.0001052871908478931,0.9999999918127921,lorenz
139,46,46.0,0.5729996591908959,0.5729996591908959,0.7418227733413492,0.7418227733413492,2,0,2,1,1,0,0,1,1,1,near,0,0,0.00010881818648427423,0.9999999912544383,lorenz
139,46,46.0,0.5729996591908959,0.5729996591908959,0.7418227733413492,0.7418227733413492,2,0,2,1,1,0,0,1,1,1,near,0,0,0.00010925260202300885,0.9999999911844722,lorenz
139,46,46.0,0.5729996591908959,0.5729996591908959,0.7418227733413492,0.7418227733413492,2,0,2,1,1,0,0,1,1,1,near,0,0,0.00011577515083481677,0.99999999010045,lorenz
139,46,46.0,0.5729996591908959,0.5729996591908959,0.7418227733413492,0.7418227733413492,2,0,2,1,1,0,0,1,1,1,near,0,0,0.00011764892314674894,0.9999999897774169,lorenz
139,46,46.0,0.5729996591908959,0.5729996591908959,0.7418227733413492,0.7418227733413492,2,0,2,1,1,0,0,1,1,1,near,0,0,0.00011868553810245651,0.9999999895964791,lorenz
139,46,46.0,0.5729996591908959,0.5729996591908959,0.7418227733413492,0.7418227733413492,2,0,2,1,1,0,0,1,1,1,near,0,0,0.00012035438504937592,0.9999999893018526,lorenz
139,46,46.0,0.5729996591908959,0.5729996591908959,0.7418227733413492,0.7418227733413492,2,0,2,1,1,0,0,1,1,1,near,0,0,0.0001220439195804994,0.9999999889993832,lorenz
139,46,46.0,0.5729996591908959,0.5729996591908959,0.7418227733413492,0.7418227733413492,2,0,2,1,1,0,0,1,1,1,near,0,0,0.00012265633018404795,0.9999999888887051,lorenz
139,46,46.0,0.5729996591908959,0.5729996591908959,0.7418227733413492,0.7418227733413492,2,0,2,1,1,0,0,1,1,1,near,0,0,0.00012477731644936876,0.9999999885011073,lorenz
139,46,46.0,0.5729996591908959,0.5729996591908959,0.7418227733413492,0.7418227733413492,2,0,2,1,1,0,0,1,1,1,near,0,0,0.00012599960199809025,0.9999999882747237,lorenz
139,46,46.0,0.5729996591908959,0.5729996591908959,0.7418227733413492,0.7418227733413492,2,0,2,1,1,0,0,1,1,1,near,0,0,0.00013329043466899697,0.9999999868785234,lorenz
139,46,46.0,0.5729996591908959,0.5729996591908959,0.7418227733413492,0.7418227733413492,2,0,2,1,1,0,0,1,1,1,near,0,0,0.00013988658335568758,0.9999999855477034,lorenz
139,46,46.0,0.5729996591908959,0.5729996591908959,0.7418227733413492,0.7418227733413492,2,0,2,1,1,0,0,1,1,1,near,0,0,0.00014249920806625921,0.9999999850028187,lorenz
139,46,46.0,0.5729996591908959,0.5729996591908959,0.7418227733413492,0.7418227733413492,2,0,2,1,1,0,0,1,1,1,near,0,0,0.00014272983584581993,0.999999984954235,lorenz
139,46,46.0,0.5729996591908959,0.5729996591908959,0.7418227733413492,0.7418227733413492,2,0,2,1,1,0,0,1,1,1,near,0,0,0.0001481610662442147,0.9999999837873903,lorenz
139,46,46.0,0.6612082043127165,0.6612082043127165,0.7418227733413492,0.7418227733413492,2,0,2,1,1,0,0,1,1,1,near,0,0,0.00014880730840799607,0.999999983645651,lorenz
139,46,46.0,0.5729996591908959,0.5729996591908959,0.7418227733413492,0.7418227733413492,2,0,2,1,1,0,0,1,1,1,near,0,0,0.00015483891811213953,0.9999999822929997,lorenz
139,46,46.0,0.5729996591908959,0.5729996591908959,0.7418227733413492,0.7418227733413492,2,0,2,1,1,0,0,1,1,1,near,0,0,0.00015824795708131302,0.9999999815047177,lorenz
139,46,46.0,0.5729996591908959,0.5729996591908959,0.7418227733413492,0.7418227733413492,2,0,2,1,1,0,0,1,1,1,near,0,0,0.00015833664438297327,0.9999999814839812,lorenz
139,46,46.0,0.5729996591908959,0.5729996591908959,0.7418227733413492,0.7418227733413492,2,0,2,1,1,0,0,1,1,1,near,0,0,0.00015970477695982627,0.9999999811626177,lorenz
139,46,46.0,0.5729996591908959,0.5729996591908959,0.7418227733413492,0.7418227733413492,2,0,2,1,1,0,0,1,1,1,near,0,0,0.00016046242511220298,0.9999999809834625,lorenz
139,46,46.0,0.5729996591908959,0.5729996591908959,0.7418227733413492,0.7418227733413492,2,0,2,1,1,0,0,1,1,1,near,0,0,0.00016107302238476385,0.9999999808384624,lorenz
139,46,46.0,0.5729996591908959,0.5729996591908959,0.7418227733413492,0.7418227733413492,2,0,2,1,1,0,0,1,1,1,near,0,0,0.0001611416869117734,0.999999980822122,lorenz
139,46,46.0,0.5729996591908959,0.5729996591908959,0.7418227733413492,0.7418227733413492,2,0,2,1,1,0,0,1,1,1,near,0,0,0.00016164519779454005,0.9999999807020866,lorenz
139,46,46.0,0.5729996591908959,0.5729996591908959,0.7418227733413492,0.7418227733413492,2,0,2,1,1,0,0,1,1,1,near,0,0,0.0001642499320107372,0.9999999800751466,lorenz
139,46,46.0,0.5729996591908959,0.5729996591908959,0.7418227733413492,0.7418227733413492,2,0,2,1,1,0,0,1,1,1,near,0,0,0.0001652795436982189,0.999999979824563,lorenz
139,46,46.0,0.5729996591908959,0.5729996591908959,0.7418227733413492,0.7418227733413492,2,0,2,1,1,0,0,1,1,1,near,0,0,0.00016576581803961192,0.9999999797056708,lorenz
139,46,46.0,0.5729996591908959,0.5729996591908959,0.7418227733413492,0.7418227733413492,2,0,2,1,1,0,0,1,1,1,near,0,0,0.00016879548186348543,0.999999978957062,lorenz
139,46,46.0,0.5729996591908959,0.5729996591908959,0.7418227733413492,0.7418227733413492,2,0,2,1,1,0,0,1,1,1,near,0,0,0.00017137294691758065,0.9999999783095147,lorenz
139,46,46.0,0.5729996591908959,0.5729996591908959,0.7418227733413492,0.7418227733413492,2,0,2,1,1,0,0,1,1,1,near,0,0,0.00017306854892763625,0.9999999778781703,lorenz
139,46,46.0,0.5729996591908959,0.5729996591908959,0.7418227733413492,0.7418227733413492,2,0,2,1,1,0,0,1,1,1,near,0,0,0.00017769265218918603,0.9999999766802614,lorenz
139,46,46.0,0.5729996591908959,0.5729996591908959,0.7418227733413492,0.7418227733413492,2,0,2,1,1,0,0,1,1,1,near,0,0,0.00017797251798382208,0.9999999766067463,lorenz
139,46,46.0,0.5729996591908959,0.5729996591908959,0.7418227733413492,0.7418227733413492,2,0,2,1,1,0,0,1,1,1,near,0,0,0.0001807682996323798,0.9999999758660013,lorenz
139,46,46.0,0.5729996591908959,0.5729996591908959,0.7418227733413492,0.7418227733413492,2,0,2,1,1,0,0,1,1,1,near,0,0,0.00018502358309541514,0.9999999747163999,lorenz
139,46,46.0,0.5729996591908959,0.5729996591908959,0.7418227733413492,0.7418227733413492,2,0,2,1,1,0,0,1,1,1,near,0,0,0.00018788969920265026,0.9999999739270193,lorenz
139,46,46.0,0.5729996591908959,0.5729996591908959,0.7418227733413492,0.7418227733413492,2,0,2,1,1,0,0,1,1,1,near,0,0,0.00019233530746280445,0.9999999726786112,lorenz
139,46,46.0,0.5729996591908959,0.5729996591908959,0.7418227733413492,0.7418227733413492,2,0,2,1,1,0,0,1,1,1,near,0,0,0.00019533646662060823,0.9999999718193248,lorenz
139,46,46.0,0.5729996591908959,0.5729996591908959,0.7418227733413492,0.7418227733413492,2,0,2,1,1,0,0,1,1,1,near,0,0,0.00019934834959681457,0.99999997064987,lorenz
139,46,46.0,0.5729996591908959,0.5729996591908959,0.7418227733413492,0.7418227733413492,2,0,2,1,1,0,0,1,1,1,near,0,0,0.00019952417325523947,0.9999999705980741,lorenz
139,46,46.0,0.5729996591908959,0.5729996591908959,0.7418227733413492,0.7418227733413492,2,0,2,1,1,0,0,1,1,1,near,0,0,0.00019987767463187033,0.9999999704937977,lorenz
139,46,46.0,0.5729996591908959,0.5729996591908959,0.7418227733413492,0.7418227733413492,2,0,2,1,1,0,0,1,1,1,near,0,0,0.00020183477100790598,0.9999999699131507,lorenz
139,46,46.0,0.5729996591908959,0.5729996591908959,0.7418227733413492,0.7418227733413492,2,0,2,1,1,0,0,1,1,1,near,0,0,0.00020393562298671439,0.9999999692835566,lorenz
139,46,46.0,0.5729996591908959,0.5729996591908959,0.7418227733413492,0.7418227733413492,2,0,2,1,1,0,0,1,1,1,near,0,0,0.00020706688910983697,0.999999968333063,lorenz
139,46,46.0,0.5729996591908959,0.5729996591908959,0.7418227733413492,0.7418227733413492,2,0,2,1,1,0,0,1,1,1,near,0,0,0.00020718224494170593,0.9999999682977703,lorenz
139,46,46.0,0.5729996591908959,0.5729996591908959,0.7418227733413492,0.7418227733413492,2,0,2,1,1,0,0,1,1,1,near,0,0,0.0002072244634476396,0.9999999682848487,lorenz
139,46,46.0,0.5729996591908959,0.5729996591908959,0.7418227733413492,0.7418227733413492,2,0,2,1,1,0,0,1,1,1,near,0,0,0.0002072329268425624,0.9999999682822581,lorenz
139,46,46.0,0.5729996591908959,0.5729996591908959,0.7418227733413492,0.7418227733413492,2,0,2,1,1,0,0,1,1,1,near,0,0,0.00020871342394990198,0.9999999678274485,lorenz
139,46,46.0,0.5729996591908959,0.5729996591908959,0.7418227733413492,0.7418227733413492,2,0,2,1,1,0,0,1,1,1,near,0,0,0.00020888770273662922,0.9999999677736969,lorenz
139,46,46.0,0.5729996591908959,0.5729996591908959,0.7418227733413492,0.7418227733413492,2,0,2,1,1,0,0,1,1,1,near,0,0,0.00020985620913954132,0.9999999674741701,lorenz
139,46,46.0,0.5729996591908959,0.5729996591908959,0.7418227733413492,0.7418227733413492,2,0,2,1,1,0,0,1,1,1,near,0,0,0.0002105258627459554,0.9999999672662583,lorenz
139,46,46.0,0.5729996591908959,0.5729996591908959,0.7418227733413492,0.7418227733413492,2,0,2,1,1,0,0,1,1,1,near,0,0,0.00021078157985093588,0.9999999671866894,lorenz
139,46,46.0,0.5729996591908959,0.5729996591908959,0.7418227733413492,0.7418227733413492,2,0,2,1,1,0,0,1,1,1,near,0,0,0.0002117793205780285,0.9999999668753086,lorenz
139,46,46.0,0.5729996591908959,0.5729996591908959,0.7418227733413492,0.7418227733413492,2,0,2,1,1,0,0,1,1,1,near,0,0,0.00021539440376046776,0.9999999657347763,lorenz
139,46,46.0,0.5729996591908959,0.5729996591908959,0.7418227733413492,0.7418227733413492,2,0,2,1,1,0,0,1,1,1,near,0,0,0.00021561348821469407,0.9999999656650365,lorenz
139,46,46.0,0.6612082043127165,0.6612082043127165,0.7418227733413492,0.7418227733413492,2,0,2,1,1,0,0,1,1,1,near,0,0,0.00021869228788615593,0.9999999646774803,lorenz
139,46,46.0,0.5729996591908959,0.5729996591908959,0.7418227733413492,0.7418227733413492,2,0,2,1,1,0,0,1,1,1,near,0,0,0.00021936560914824724,0.9999999644596399,lorenz
139,46,46.0,0.5729996591908959,0.5729996591908959,0.7418227733413492,0.7418227733413492,2,0,2,1,1,0,0,1,1,1,near,0,0,0.0002200235100879275,0.9999999642461415,lorenz
139,46,46.0,0.5729996591908959,0.5729996591908959,0.7418227733413492,0.7418227733413492,2,0,2,1,1,0,0,1,1,1,near,0,0,0.00022096729822146608,0.9999999639387521,lorenz
139,46,46.0,0.5729996591908959,0.5729996591908959,0.7418227733413492,0.7418227733413492,2,0,2,1,1,0,0,1,1,1,near,0,0,0.0002221750146778208,0.999999963543483,lorenz
139,46,46.0,0.5729996591908959,0.5729996591908959,0.7418227733413492,0.7418227733413492,2,0,2,1,1,0,0,1,1,1,near,0,0,0.0002255303640318191,0.999999962434015,lorenz
139,46,46.0,0.5729996591908959,0.5729996591908959,0.7418227733413492,0.7418227733413492,2,0,2,1,1,0,0,1,1,1,near,0,0,0.00022661889173731105,0.9999999620705136,lorenz
139,46,46.0,0.5729996591908959,0.5729996591908959,0.7418227733413492,0.7418227733413492,2,0,2,1,1,0,0,1,1,1,near,0,0,0.00023045165649986156,0.9999999607766749,lorenz
139,46,46.0,0.5729996591908959,0.5729996591908959,0.7418227733413492,0.7418227733413492,2,0,2,1,1,0,0,1,1,1,near,0,0,0.0002313161739262396,0.9999999604818377,lorenz
139,46,46.0,0.5729996591908959,0.5729996591908959,0.7418227733413492,0.7418227733413492,2,0,2,1,1,0,0,1,1,1,near,0,0,0.0002324858135336176,0.9999999600811839,lorenz
139,46,46.0,0.6612082043127165,0.6612082043127165,0.7418227733413492,0.7418227733413492,2,0,2,1,1,0,0,1,1,1,near,0,0,0.00023418652642448094,0.9999999594950081,lorenz
139,46,46.0,0.5729996591908959,0.5729996591908959,0.7418227733413492,0.7418227733413492,2,0,2,1,1,0,0,1,1,1,near,0,0,0.00023784477258396934,0.9999999582196608,lorenz
139,46,46.0,0.5729996591908959,0.5729996591908959,0.7418227733413492,0.7418227733413492,2,0,2,1,1,0,0,1,1,1,near,0,0,0.00024029457404648905,0.9999999573545533,lorenz
139,46,46.0,0.6612082043127165,0.6612082043127165,0.7418227733413492,0.7418227733413492,2,0,2,1,1,0,0,1,1,1,near,0,0,0.00024314237740581372,0.9999999563377555,lorenz
139,46,46.0,0.5729996591908959,0.5729996591908959,0.7418227733413492,0.7418227733413492,2,0,2,1,1,0,0,1,1,1,near,0,0,0.0002444623847619466,0.9999999558623885,lorenz
139,46,46.0,0.5729996591908959,0.5729996591908959,0.7418227733413492,0.7418227733413492,2,0,2,1,1,0,0,1,1,1,near,0,0,0.00024588015178392345,0.9999999553489491,lorenz
139,46,46.0,0.5729996591908959,0.5729996591908959,0.7418227733413492,0.7418227733413492,2,0,2,1,1,0,0,1,1,1,near,0,0,0.000246654667559574,0.999999955067207,lorenz
139,46,46.0,0.5729996591908959,0.5729996591908959,0.7418227733413492,0.7418227733413492,2,0,2,1,1,0,0,1,1,1,near,0,0,0.00024665883398196175,0.999999955065689,lorenz
139,46,46.0,0.5729996591908959,0.5729996591908959,0.7418227733413492,0.7418227733413492,2,0,2,1,1,0,0,1,1,1,near,0,0,0.00025159092515838425,0.9999999532507462,lorenz
139,46,46.0,0.5729996591908959,0.5729996591908959,0.7418227733413492,0.7418227733413492,2,0,2,1,1,0,0,1,1,1,near,0,0,0.00025581917540772704,0.9999999516662014,lorenz
139,46,46.0,0.5729996591908959,0.5729996591908959,0.7418227733413492,0.7418227733413492,2,0,2,1,1,0,0,1,1,1,near,0,0,0.000257826653335855,0.9999999509046498,lorenz
139,46,46.0,0.5729996591908959,0.5729996591908959,0.7418227733413492,0.7418227733413492,2,0,2,1,1,0,0,1,1,1,near,0,0,0.0002626262375823857,0.9999999490597627,lorenz
139,46,46.0,0.5729996591908959,0.5729996591908959,0.7418227733413492,0.7418227733413492,2,0,2,1,1,0,0,1,1,1,near,0,0,0.00026316524238554836,0.9999999488504523,lorenz
139,46,46.0,0.5729996591908959,0.5729996591908959,0.7418227733413492,0.7418227733413492,2,0,2,1,1,0,0,1,1,1,near,0,0,0.0002631682655781423,0.9999999488492771,lorenz
139,46,46.0,0.5729996591908959,0.5729996591908959,0.7418227733413492,0.7418227733413492,2,0,2,1,1,0,0,1,1,1,near,0,0,0.0002645513402452848,0.9999999483102214,lorenz
93,0,0.0,0.0,0.0,0.0,0.0,2,0,1,0,1,1,1,0,1,0,near,0,0,6.179926100894762e-05,0.9999999971793363,lorenz
93,0,0.0,0.0,0.0,0.0,0.0,2,0,1,0,1,1,1,0,1,0,near,0,0,6.179926100894762e-05,0.9999999971793363,lorenz
93,0,0.0,0.0,0.0,0.0,0.0,2,0,1,0,1,1,1,0,1,0,near,0,0,6.179926100894762e-05,0.9999999971793363,lorenz
93,0,0.0,0.0,0.0,0.0,0.0,2,0,1,0,1,1,1,0,1,0,near,0,0,6.179926100894762e-05,0.9999999971793363,lorenz
93,0,0.0,0.0,0.0,0.0,0.0,2,0,1,0,1,1,1,0,1,0,near,0,0,6.179926100894762e-05,0.9999999971793363,lorenz
93,0,0.0,0.0,0.0,0.0,0.0,2,0,1,0,1,1,1,0,1,0,near,0,0,6.179926100894762e-05,0.9999999971793363,lorenz
93,0,0.0,0.0,0.0,0.0,0.0,2,0,1,0,1,1,1,0,1,0,near,0,0,6.179926100894762e-05,0.9999999971793363,lorenz
93,0,0.0,0.0,0.0,0.0,0.0,2,0,1,0,1,1,1,0,1,0,near,0,0,6.179926100894762e-05,0.9999999971793363,lorenz
93,0,0.0,0.0,0.0,0.0,0.0,2,0,1,0,1,1,1,0,1,0,near,0,0,6.179926100894762e-05,0.9999999971793363,lorenz
93,0,0.0,0.0,0.0,0.0,0.0,2,0,1,0,1,1,1,0,1,0,near,0,0,6.179926100894762e-05,0.9999999971793363,lorenz
93,0,0.0,0.0,0.0,0.0,0.0,2,0,1,0,1,1,1,0,1,0,near,0,0,6.179926100894762e-05,0.9999999971793363,lorenz
93,0,0.0,0.0,0.0,0.0,0.0,2,0,1,0,1,1,1,0,1,0,near,0,0,6.179926100894762e-05,0.9999999971793363,lorenz
93,0,0.0,0.0,0.0,0.0,0.0,2,0,1,0,1,1,1,0,1,0,near,0,0,6.179926100894762e-05,0.9999999971793363,lorenz
93,0,0.0,0.0,0.0,0.0,0.0,2,0,1,0,1,1,1,0,1,0,near,0,0,6.179926100894762e-05,0.9999999971793363,lorenz
93,0,0.0,0.0,0.0,0.0,0.0,2,0,1,0,1,1,1,0,1,0,near,0,0,6.179926100894762e-05,0.9999999971793363,lorenz
93,0,0.0,0.0,0.0,0.0,0.0,2,0,1,0,1,1,1,0,1,0,near,0,0,6.179926100894762e-05,0.9999999971793363,lorenz
93,0,0.0,0.0,0.0,0.0,0.0,2,0,1,0,1,1,1,0,1,0,near,0,0,6.179926100894762e-05,0.9999999971793363,lorenz
93,0,0.0,0.0,0.0,0.0,0.0,2,0,1,0,1,1,1,0,1,0,near,0,0,6.179926100894762e-05,0.9999999971793363,lorenz
93,0,0.0,0.0,0.0,0.0,0.0,2,0,1,0,1,1,1,0,1,0,near,0,0,6.179926100894762e-05,0.9999999971793363,lorenz
93,0,0.0,0.0,0.0,0.0,0.0,2,0,1,0,1,1,1,0,1,0,near,0,0,6.179926100894762e-05,0.9999999971793363,lorenz
93,0,0.0,0.0,0.0,0.0,0.0,2,0,1,0,1,1,1,0,1,0,near,0,0,6.179926100894762e-05,0.9999999971793363,lorenz
93,0,0.0,0.0,0.0,0.0,0.0,2,0,1,0,1,1,1,0,1,0,near,0,0,6.179926100894762e-05,0.9999999971793363,lorenz
93,0,0.0,0.0,0.0,0.0,0.0,2,0,1,0,1,1,1,0,1,0,near,0,0,6.179926100894762e-05,0.9999999971793363,lorenz
93,0,0.0,0.0,0.0,0.0,0.0,2,0,1,0,1,1,1,0,1,0,near,0,0,6.179926100894762e-05,0.9999999971793363,lorenz
93,0,0.0,0.0,0.0,0.0,0.0,2,0,1,0,1,1,1,0,1,0,near,0,0,6.179926100894762e-05,0.9999999971793363,lorenz
93,0,0.0,0.0,0.0,0.0,0.0,2,0,1,0,1,1,1,0,1,0,near,0,0,6.179926100894762e-05,0.9999999971793363,lorenz
93,0,0.0,0.0,0.0,0.0,0.0,2,0,1,0,1,1,1,0,1,0,near,0,0,6.179926100894762e-05,0.9999999971793363,lorenz
93,0,0.0,0.0,0.0,0.0,0.0,2,0,1,0,1,1,1,0,1,0,near,0,0,6.179926100894762e-05,0.9999999971793363,lorenz
93,0,0.0,0.0,0.0,0.0,0.0,2,0,1,0,1,1,1,0,1,0,near,0,0,6.179926100894762e-05,0.9999999971793363,lorenz
93,0,0.0,0.0,0.0,0.0,0.0,2,0,1,0,1,1,1,0,1,0,near,0,0,6.179926100894762e-05,0.9999999971793363,lorenz
93,0,0.0,0.0,0.0,0.0,0.0,2,0,1,0,1,1,1,0,1,0,near,0,0,6.179926100894762e-05,0.9999999971793363,lorenz
93,0,0.0,0.0,0.0,0.0,0.0,2,0,1,0,1,1,1,0,1,0,near,0,0,6.179926100894762e-05,0.9999999971793363,lorenz
93,0,0.0,0.0,0.0,0.0,0.0,2,0,1,0,1,1,1,0,1,0,near,0,0,6.179926100894762e-05,0.9999999971793363,lorenz
93,0,0.0,0.0,0.0,0.0,0.0,2,0,1,0,1,1,1,0,1,0,near,0,0,6.179926100894762e-05,0.9999999971793363,lorenz
93,0,0.0,0.0,0.0,0.0,0.0,2,0,1,0,1,1,1,0,1,0,near,0,0,6.179926100894762e-05,0.9999999971793363,lorenz
93,0,0.0,0.0,0.0,0.0,0.0,2,0,1,0,1,1,1,0,1,0,near,0,0,6.179926100894762e-05,0.9999999971793363,lorenz
93,0,0.0,0.0,0.0,0.0,0.0,2,0,1,0,1,1,1,0,1,0,near,0,0,6.179926100894762e-05,0.9999999971793363,lorenz
93,0,0.0,0.0,0.0,0.0,0.0,2,0,1,0,1,1,1,0,1,0,near,0,0,6.179926100894762e-05,0.9999999971793363,lorenz
93,0,0.0,0.0,0.0,0.0,0.0,2,0,1,0,1,1,1,0,1,0,near,0,0,6.179926100894762e-05,0.9999999971793363,lorenz
93,0,0.0,0.0,0.0,0.0,0.0,2,0,1,0,1,1,1,0,1,0,near,0,0,6.179926100894762e-05,0.9999999971793363,lorenz
93,0,0.0,0.0,0.0,0.0,0.0,2,0,1,0,1,1,1,0,1,0,near,0,0,6.179926100894762e-05,0.9999999971793363,lorenz
93,0,0.0,0.0,0.0,0.0,0.0,2,0,1,0,1,1,1,0,1,0,near,0,0,6.179926100894762e-05,0.9999999971793363,lorenz
93,0,0.0,0.0,0.0,0.0,0.0,2,0,1,0,1,1,1,0,1,0,near,0,0,6.179926100894762e-05,0.9999999971793363,lorenz
93,0,0.0,0.0,0.0,0.0,0.0,2,0,1,0,1,1,1,0,1,0,near,0,0,6.179926100894762e-05,0.9999999971793363,lorenz
93,0,0.0,0.0,0.0,0.0,0.0,2,0,1,0,1,1,1,0,1,0,near,0,0,6.179926100894762e-05,0.9999999971793363,lorenz
93,0,0.0,0.0,0.0,0.0,0.0,2,0,1,0,1,1,1,0,1,0,near,0,0,6.179926100894762e-05,0.9999999971793363,lorenz
93,0,0.0,0.0,0.0,0.0,0.0,2,0,1,0,1,1,1,0,1,0,near,0,0,6.179926100894762e-05,0.9999999971793363,lorenz
93,0,0.0,0.0,0.0,0.0,0.0,2,0,1,0,1,1,1,0,1,0,near,0,0,6.179926100894762e-05,0.9999999971793363,lorenz
93,0,0.0,0.0,0.0,0.0,0.0,2,0,1,0,1,1,1,0,1,0,near,0,0,6.179926100894762e-05,0.9999999971793363,lorenz
93,0,0.0,0.0,0.0,0.0,0.0,2,0,1,0,1,1,1,0,1,0,near,0,0,6.179926100894762e-05,0.9999999971793363,lorenz
93,0,0.0,0.0,0.0,0.0,0.0,2,0,1,0,1,1,1,0,1,0,near,0,0,6.179926100894762e-05,0.9999999971793363,lorenz
93,0,0.0,0.0,0.0,0.0,0.0,2,0,1,0,1,1,1,0,1,0,near,0,0,6.179926100894762e-05,0.9999999971793363,lorenz
93,0,0.0,0.0,0.0,0.0,0.0,2,0,1,0,1,1,1,0,1,0,near,0,0,6.179926100894762e-05,0.9999999971793363,lorenz
93,0,0.0,0.0,0.0,0.0,0.0,2,0,1,0,1,1,1,0,1,0,near,0,0,6.179926100894762e-05,0.9999999971793363,lorenz
93,0,0.0,0.0,0.0,0.0,0.0,2,0,1,0,1,1,1,0,1,0,near,0,0,6.179926100894762e-05,0.9999999971793363,lorenz
93,0,0.0,0.0,0.0,0.0,0.0,2,0,1,0,1,1,1,0,1,0,near,0,0,6.179926100894762e-05,0.9999999971793363,lorenz
93,0,0.0,0.0,0.0,0.0,0.0,2,0,1,0,1,1,1,0,1,0,near,0,0,6.179926100894762e-05,0.9999999971793363,lorenz
93,0,0.0,0.0,0.0,0.0,0.0,2,0,1,0,1,1,1,0,1,0,near,0,0,6.179926100894762e-05,0.9999999971793363,lorenz
93,0,0.0,0.0,0.0,0.0,0.0,2,0,1,0,1,1,1,0,1,0,near,0,0,6.179926100894762e-05,0.9999999971793363,lorenz
93,0,0.0,0.0,0.0,0.0,0.0,2,0,1,0,1,1,1,0,1,0,near,0,0,6.179926100894762e-05,0.9999999971793363,lorenz
93,0,0.0,0.0,0.0,0.0,0.0,2,0,1,0,1,1,1,0,1,0,near,0,0,6.179926100894762e-05,0.9999999971793363,lorenz
93,0,0.0,0.0,0.0,0.0,0.0,2,0,1,0,1,1,1,0,1,0,near,0,0,6.179926100894762e-05,0.9999999971793363,lorenz
93,0,0.0,0.0,0.0,0.0,0.0,2,0,1,0,1,1,1,0,1,0,near,0,0,6.179926100894762e-05,0.9999999971793363,lorenz
93,0,0.0,0.0,0.0,0.0,0.0,2,0,1,0,1,1,1,0,1,0,near,0,0,6.179926100894762e-05,0.9999999971793363,lorenz
93,0,0.0,0.0,0.0,0.0,0.0,2,0,1,0,1,1,1,0,1,0,near,0,0,6.179926100894762e-05,0.9999999971793363,lorenz
93,0,0.0,0.0,0.0,0.0,0.0,2,0,1,0,1,1,1,0,1,0,near,0,0,6.179926100894762e-05,0.9999999971793363,lorenz
93,0,0.0,0.0,0.0,0.0,0.0,2,0,1,0,1,1,1,0,1,0,near,0,0,6.179926100894762e-05,0.9999999971793363,lorenz
93,0,0.0,0.0,0.0,0.0,0.0,2,0,1,0,1,1,1,0,1,0,near,0,0,6.179926100894762e-05,0.9999999971793363,lorenz
93,0,0.0,0.0,0.0,0.0,0.0,2,0,1,0,1,1,1,0,1,0,near,0,0,6.179926100894762e-05,0.9999999971793363,lorenz
93,0,0.0,0.0,0.0,0.0,0.0,2,0,1,0,1,1,1,0,1,0,near,0,0,6.179926100894762e-05,0.9999999971793363,lorenz
93,0,0.0,0.0,0.0,0.0,0.0,2,0,1,0,1,1,1,0,1,0,near,0,0,6.179926100894762e-05,0.9999999971793363,lorenz
93,0,0.0,0.0,0.0,0.0,0.0,2,0,1,0,1,1,1,0,1,0,near,0,0,6.179926100894762e-05,0.9999999971793363,lorenz
93,0,0.0,0.0,0.0,0.0,0.0,2,0,1,0,1,1,1,0,1,0,near,0,0,6.179926100894762e-05,0.9999999971793363,lorenz
93,0,0.0,0.0,0.0,0.0,0.0,2,0,1,0,1,1,1,0,1,0,near,0,0,6.179926100894762e-05,0.9999999971793363,lorenz
93,0,0.0,0.0,0.0,0.0,0.0,2,0,1,0,1,1,1,0,1,0,near,0,0,6.179926100894762e-05,0.9999999971793363,lorenz
93,0,0.0,0.0,0.0,0.0,0.0,2,0,1,0,1,1,1,0,1,0,near,0,0,6.179926100894762e-05,0.9999999971793363,lorenz
93,0,0.0,0.0,0.0,0.0,0.0,2,0,1,0,1,1,1,0,1,0,near,0,0,6.179926100894762e-05,0.9999999971793363,lorenz
93,0,0.0,0.0,0.0,0.0,0.0,2,0,1,0,1,1,1,0,1,0,near,0,0,6.179926100894762e-05,0.9999999971793363,lorenz
93,0,0.0,0.0,0.0,0.0,0.0,2,0,1,0,1,1,1,0,1,0,near,0,0,6.179926100894762e-05,0.9999999971793363,lorenz
93,0,0.0,0.0,0.0,0.0,0.0,2,0,1,0,1,1,1,0,1,0,near,0,0,6.179926100894762e-05,0.9999999971793363,lorenz
93,0,0.0,0.0,0.0,0.0,0.0,2,0,1,0,1,1,1,0,1,0,near,0,0,6.179926100894762e-05,0.9999999971793363,lorenz
93,0,0.0,0.0,0.0,0.0,0.0,2,0,1,0,1,1,1,0,1,0,near,0,0,6.179926100894762e-05,0.9999999971793363,lorenz
93,0,0.0,0.0,0.0,0.0,0.0,2,0,1,0,1,1,1,0,1,0,near,0,0,6.179926100894762e-05,0.9999999971793363,lorenz
93,0,0.0,0.0,0.0,0.0,0.0,2,0,1,0,1,1,1,0,1,0,near,0,0,6.179926100894762e-05,0.9999999971793363,lorenz
93,0,0.0,0.0,0.0,0.0,0.0,2,0,1,0,1,1,1,0,1,0,near,0,0,6.179926100894762e-05,0.9999999971793363,lorenz
93,0,0.0,0.0,0.0,0.0,0.0,2,0,1,0,1,1,1,0,1,0,near,0,0,6.179926100894762e-05,0.9999999971793363,lorenz
93,0,0.0,0.0,0.0,0.0,0.0,2,0,1,0,1,1,1,0,1,0,near,0,0,6.179926100894762e-05,0.9999999971793363,lorenz
93,0,0.0,0.0,0.0,0.0,0.0,2,0,1,0,1,1,1,0,1,0,near,0,0,6.179926100894762e-05,0.9999999971793363,lorenz
93,0,0.0,0.0,0.0,0.0,0.0,2,0,1,0,1,1,1,0,1,0,near,0,0,6.179926100894762e-05,0.9999999971793363,lorenz
93,0,0.0,0.0,0.0,0.0,0.0,2,0,1,0,1,1,1,0,1,0,near,0,0,6.179926100894762e-05,0.9999999971793363,lorenz
93,0,0.0,0.0,0.0,0.0,0.0,2,0,1,0,1,1,1,0,1,0,near,0,0,6.179926100894762e-05,0.9999999971793363,lorenz
93,0,0.0,0.0,0.0,0.0,0.0,2,0,1,0,1,1,1,0,1,0,near,0,0,6.179926100894762e-05,0.9999999971793363,lorenz
93,0,0.0,0.0,0.0,0.0,0.0,2,0,1,0,1,1,1,0,1,0,near,0,0,6.179926100894762e-05,0.9999999971793363,lorenz
93,0,0.0,0.0,0.0,0.0,0.0,2,0,1,0,1,1,1,0,1,0,near,0,0,6.179926100894762e-05,0.9999999971793363,lorenz
93,0,0.0,0.0,0.0,0.0,0.0,2,0,1,0,1,1,1,0,1,0,near,0,0,6.179926100894762e-05,0.9999999971793363,lorenz
93,0,0.0,0.0,0.0,0.0,0.0,2,0,1,0,1,1,1,0,1,0,near,0,0,6.179926100894762e-05,0.9999999971793363,lorenz
93,0,0.0,0.0,0.0,0.0,0.0,2,0,1,0,1,1,1,0,1,0,near,0,0,6.179926100894762e-05,0.9999999971793363,lorenz
93,0,0.0,0.0,0.0,0.0,0.0,2,0,1,0,1,1,1,0,1,0,near,0,0,6.179926100894762e-05,0.9999999971793363,lorenz
93,0,0.0,0.0,0.0,0.0,0.0,2,0,1,0,1,1,1,0,1,0,near,0,0,6.179926100894762e-05,0.9999999971793363,lorenz
93,0,0.0,0.0,0.0,0.0,0.0,2,0,1,0,1,1,1,0,1,0,near,0,0,6.179926100894762e-05,0.9999999971793363,lorenz
123,0,0.0,0.0,0.0,0.0,0.0,2,0,3,0,1,0,0,0,0,0,near,0,0,0.00033716048389428584,0.9999999160427748,lorenz
123,0,0.0,0.0,0.0,0.0,0.0,2,0,3,0,1,0,0,0,0,0,near,0,0,0.00033716048389428584,0.9999999160427748,lorenz
123,0,0.0,0.0,0.0,0.0,0.0,2,0,3,0,1,0,0,0,0,0,near,0,0,0.00033716048389428584,0.9999999160427748,lorenz
123,0,0.0,0.0,0.0,0.0,0.0,2,0,3,0,1,0,0,0,0,0,near,0,0,0.00033716048389428584,0.9999999160427748,lorenz
123,0,0.0,0.0,0.0,0.0,0.0,2,0,3,0,1,0,0,0,0,0,near,0,0,0.00033716048389428584,0.9999999160427748,lorenz
123,0,0.0,0.0,0.0,0.0,0.0,2,0,3,0,1,0,0,0,0,0,near,0,0,0.00033716048389428584,0.9999999160427748,lorenz
123,0,0.0,0.0,0.0,0.0,0.0,2,0,3,0,1,0,0,0,0,0,near,0,0,0.00033716048389428584,0.9999999160427748,lorenz
123,0,0.0,0.0,0.0,0.0,0.0,2,0,3,0,1,0,0,0,0,0,near,0,0,0.00033716048389428584,0.9999999160427748,lorenz
123,0,0.0,0.0,0.0,0.0,0.0,2,0,3,0,1,0,0,0,0,0,near,0,0,0.00033716048389428584,0.9999999160427748,lorenz
123,0,0.0,0.0,0.0,0.0,0.0,2,0,3,0,1,0,0,0,0,0,near,0,0,0.00033716048389428584,0.9999999160427748,lorenz
123,0,0.0,0.0,0.0,0.0,0.0,2,0,3,0,1,0,0,0,0,0,near,0,0,0.00033716048389428584,0.9999999160427748,lorenz
123,0,0.0,0.0,0.0,0.0,0.0,2,0,3,0,1,0,0,0,0,0,near,0,0,0.00033716048389428584,0.9999999160427748,lorenz
123,0,0.0,0.0,0.0,0.0,0.0,2,0,3,0,1,0,0,0,0,0,near,0,0,0.00033716048389428584,0.9999999160427748,lorenz
123,0,0.0,0.0,0.0,0.0,0.0,2,0,3,0,1,0,0,0,0,0,near,0,0,0.00033716048389428584,0.9999999160427748,lorenz
123,0,0.0,0.0,0.0,0.0,0.0,2,0,3,0,1,0,0,0,0,0,near,0,0,0.00033716048389428584,0.9999999160427748,lorenz
123,0,0.0,0.0,0.0,0.0,0.0,2,0,3,0,1,0,0,0,0,0,near,0,0,0.00033716048389428584,0.9999999160427748,lorenz
123,0,0.0,0.0,0.0,0.0,0.0,2,0,3,0,1,0,0,0,0,0,near,0,0,0.00033716048389428584,0.9999999160427748,lorenz
123,0,0.0,0.0,0.0,0.0,0.0,2,0,3,0,1,0,0,0,0,0,near,0,0,0.00033716048389428584,0.9999999160427748,lorenz
123,0,0.0,0.0,0.0,0.0,0.0,2,0,3,0,1,0,0,0,0,0,near,0,0,0.00033716048389428584,0.9999999160427748,lorenz
123,0,0.0,0.0,0.0,0.0,0.0,2,0,3,0,1,0,0,0,0,0,near,0,0,0.00033716048389428584,0.9999999160427748,lorenz
123,0,0.0,0.0,0.0,0.0,0.0,2,0,3,0,1,0,0,0,0,0,near,0,0,0.00033716048389428584,0.9999999160427748,lorenz
123,0,0.0,0.0,0.0,0.0,0.0,2,0,3,0,1,0,0,0,0,0,near,0,0,0.00033716048389428584,0.9999999160427748,lorenz
123,0,0.0,0.0,0.0,0.0,0.0,2,0,3,0,1,0,0,0,0,0,near,0,0,0.00033716048389428584,0.9999999160427748,lorenz
123,0,0.0,0.0,0.0,0.0,0.0,2,0,3,0,1,0,0,0,0,0,near,0,0,0.00033716048389428584,0.9999999160427748,lorenz
123,0,0.0,0.0,0.0,0.0,0.0,2,0,3,0,1,0,0,0,0,0,near,0,0,0.00033716048389428584,0.9999999160427748,lorenz
123,0,0.0,0.0,0.0,0.0,0.0,2,0,3,0,1,0,0,0,0,0,near,0,0,0.00033716048389428584,0.9999999160427748,lorenz
123,0,0.0,0.0,0.0,0.0,0.0,2,0,3,0,1,0,0,0,0,0,near,0,0,0.00033716048389428584,0.9999999160427748,lorenz
123,0,0.0,0.0,0.0,0.0,0.0,2,0,3,0,1,0,0,0,0,0,near,0,0,0.00033716048389428584,0.9999999160427748,lorenz
123,0,0.0,0.0,0.0,0.0,0.0,2,0,3,0,1,0,0,0,0,0,near,0,0,0.00033716048389428584,0.9999999160427748,lorenz
123,0,0.0,0.0,0.0,0.0,0.0,2,0,3,0,1,0,0,0,0,0,near,0,0,0.00033716048389428584,0.9999999160427748,lorenz
123,0,0.0,0.0,0.0,0.0,0.0,2,0,3,0,1,0,0,0,0,0,near,0,0,0.00033716048389428584,0.9999999160427748,lorenz
123,0,0.0,0.0,0.0,0.0,0.0,2,0,3,0,1,0,0,0,0,0,near,0,0,0.00033716048389428584,0.9999999160427748,lorenz
123,0,0.0,0.0,0.0,0.0,0.0,2,0,3,0,1,0,0,0,0,0,near,0,0,0.00033716048389428584,0.9999999160427748,lorenz
123,0,0.0,0.0,0.0,0.0,0.0,2,0,3,0,1,0,0,0,0,0,near,0,0,0.00033716048389428584,0.9999999160427748,lorenz
123,0,0.0,0.0,0.0,0.0,0.0,2,0,3,0,1,0,0,0,0,0,near,0,0,0.00033716048389428584,0.9999999160427748,lorenz
123,0,0.0,0.0,0.0,0.0,0.0,2,0,3,0,1,0,0,0,0,0,near,0,0,0.00033716048389428584,0.9999999160427748,lorenz
123,0,0.0,0.0,0.0,0.0,0.0,2,0,3,0,1,0,0,0,0,0,near,0,0,0.00033716048389428584,0.9999999160427748,lorenz
123,0,0.0,0.0,0.0,0.0,0.0,2,0,3,0,1,0,0,0,0,0,near,0,0,0.00033716048389428584,0.9999999160427748,lorenz
123,0,0.0,0.0,0.0,0.0,0.0,2,0,3,0,1,0,0,0,0,0,near,0,0,0.00033716048389428584,0.9999999160427748,lorenz
123,0,0.0,0.0,0.0,0.0,0.0,2,0,3,0,1,0,0,0,0,0,near,0,0,0.00033716048389428584,0.9999999160427748,lorenz
123,0,0.0,0.0,0.0,0.0,0.0,2,0,3,0,1,0,0,0,0,0,near,0,0,0.00033716048389428584,0.9999999160427748,lorenz
123,0,0.0,0.0,0.0,0.0,0.0,2,0,3,0,1,0,0,0,0,0,near,0,0,0.00033716048389428584,0.9999999160427748,lorenz
123,0,0.0,0.0,0.0,0.0,0.0,2,0,3,0,1,0,0,0,0,0,near,0,0,0.00033716048389428584,0.9999999160427748,lorenz
123,0,0.0,0.0,0.0,0.0,0.0,2,0,3,0,1,0,0,0,0,0,near,0,0,0.00033716048389428584,0.9999999160427748,lorenz
123,0,0.0,0.0,0.0,0.0,0.0,2,0,3,0,1,0,0,0,0,0,near,0,0,0.00033716048389428584,0.9999999160427748,lorenz
123,0,0.0,0.0,0.0,0.0,0.0,2,0,3,0,1,0,0,0,0,0,near,0,0,0.00033716048389428584,0.9999999160427748,lorenz
123,0,0.0,0.0,0.0,0.0,0.0,2,0,3,0,1,0,0,0,0,0,near,0,0,0.00033716048389428584,0.9999999160427748,lorenz
123,0,0.0,0.0,0.0,0.0,0.0,2,0,3,0,1,0,0,0,0,0,near,0,0,0.00033716048389428584,0.9999999160427748,lorenz
123,0,0.0,0.0,0.0,0.0,0.0,2,0,3,0,1,0,0,0,0,0,near,0,0,0.00033716048389428584,0.9999999160427748,lorenz
123,0,0.0,0.0,0.0,0.0,0.0,2,0,3,0,1,0,0,0,0,0,near,0,0,0.00033716048389428584,0.9999999160427748,lorenz
123,0,0.0,0.0,0.0,0.0,0.0,2,0,3,0,1,0,0,0,0,0,near,0,0,0.00033716048389428584,0.9999999160427748,lorenz
123,0,0.0,0.0,0.0,0.0,0.0,2,0,3,0,1,0,0,0,0,0,near,0,0,0.00033716048389428584,0.9999999160427748,lorenz
123,0,0.0,0.0,0.0,0.0,0.0,2,0,3,0,1,0,0,0,0,0,near,0,0,0.00033716048389428584,0.9999999160427748,lorenz
123,0,0.0,0.0,0.0,0.0,0.0,2,0,3,0,1,0,0,0,0,0,near,0,0,0.00033716048389428584,0.9999999160427748,lorenz
123,0,0.0,0.0,0.0,0.0,0.0,2,0,3,0,1,0,0,0,0,0,near,0,0,0.00033716048389428584,0.9999999160427748,lorenz
123,0,0.0,0.0,0.0,0.0,0.0,2,0,3,0,1,0,0,0,0,0,near,0,0,0.00033716048389428584,0.9999999160427748,lorenz
123,0,0.0,0.0,0.0,0.0,0.0,2,0,3,0,1,0,0,0,0,0,near,0,0,0.00033716048389428584,0.9999999160427748,lorenz
123,0,0.0,0.0,0.0,0.0,0.0,2,0,3,0,1,0,0,0,0,0,near,0,0,0.00033716048389428584,0.9999999160427748,lorenz
123,0,0.0,0.0,0.0,0.0,0.0,2,0,3,0,1,0,0,0,0,0,near,0,0,0.00033716048389428584,0.9999999160427748,lorenz
123,0,0.0,0.0,0.0,0.0,0.0,2,0,3,0,1,0,0,0,0,0,near,0,0,0.00033716048389428584,0.9999999160427748,lorenz
123,0,0.0,0.0,0.0,0.0,0.0,2,0,3,0,1,0,0,0,0,0,near,0,0,0.00033716048389428584,0.9999999160427748,lorenz
123,0,0.0,0.0,0.0,0.0,0.0,2,0,3,0,1,0,0,0,0,0,near,0,0,0.00033716048389428584,0.9999999160427748,lorenz
123,0,0.0,0.0,0.0,0.0,0.0,2,0,3,0,1,0,0,0,0,0,near,0,0,0.00033716048389428584,0.9999999160427748,lorenz
123,0,0.0,0.0,0.0,0.0,0.0,2,0,3,0,1,0,0,0,0,0,near,0,0,0.00033716048389428584,0.9999999160427748,lorenz
123,0,0.0,0.0,0.0,0.0,0.0,2,0,3,0,1,0,0,0,0,0,near,0,0,0.00033716048389428584,0.9999999160427748,lorenz
123,0,0.0,0.0,0.0,0.0,0.0,2,0,3,0,1,0,0,0,0,0,near,0,0,0.00033716048389428584,0.9999999160427748,lorenz
123,0,0.0,0.0,0.0,0.0,0.0,2,0,3,0,1,0,0,0,0,0,near,0,0,0.00033716048389428584,0.9999999160427748,lorenz
123,0,0.0,0.0,0.0,0.0,0.0,2,0,3,0,1,0,0,0,0,0,near,0,0,0.00033716048389428584,0.9999999160427748,lorenz
123,0,0.0,0.0,0.0,0.0,0.0,2,0,3,0,1,0,0,0,0,0,near,0,0,0.00033716048389428584,0.9999999160427748,lorenz
123,0,0.0,0.0,0.0,0.0,0.0,2,0,3,0,1,0,0,0,0,0,near,0,0,0.00033716048389428584,0.9999999160427748,lorenz
123,0,0.0,0.0,0.0,0.0,0.0,2,0,3,0,1,0,0,0,0,0,near,0,0,0.00033716048389428584,0.9999999160427748,lorenz
123,0,0.0,0.0,0.0,0.0,0.0,2,0,3,0,1,0,0,0,0,0,near,0,0,0.00033716048389428584,0.9999999160427748,lorenz
123,0,0.0,0.0,0.0,0.0,0.0,2,0,3,0,1,0,0,0,0,0,near,0,0,0.00033716048389428584,0.9999999160427748,lorenz
123,0,0.0,0.0,0.0,0.0,0.0,2,0,3,0,1,0,0,0,0,0,near,0,0,0.00033716048389428584,0.9999999160427748,lorenz
123,0,0.0,0.0,0.0,0.0,0.0,2,0,3,0,1,0,0,0,0,0,near,0,0,0.00033716048389428584,0.9999999160427748,lorenz
123,0,0.0,0.0,0.0,0.0,0.0,2,0,3,0,1,0,0,0,0,0,near,0,0,0.00033716048389428584,0.9999999160427748,lorenz
123,0,0.0,0.0,0.0,0.0,0.0,2,0,3,0,1,0,0,0,0,0,near,0,0,0.00033716048389428584,0.9999999160427748,lorenz
123,0,0.0,0.0,0.0,0.0,0.0,2,0,3,0,1,0,0,0,0,0,near,0,0,0.00033716048389428584,0.9999999160427748,lorenz
123,0,0.0,0.0,0.0,0.0,0.0,2,0,3,0,1,0,0,0,0,0,near,0,0,0.00033716048389428584,0.9999999160427748,lorenz
123,0,0.0,0.0,0.0,0.0,0.0,2,0,3,0,1,0,0,0,0,0,near,0,0,0.00033716048389428584,0.9999999160427748,lorenz
123,0,0.0,0.0,0.0,0.0,0.0,2,0,3,0,1,0,0,0,0,0,near,0,0,0.00033716048389428584,0.9999999160427748,lorenz
123,0,0.0,0.0,0.0,0.0,0.0,2,0,3,0,1,0,0,0,0,0,near,0,0,0.00033716048389428584,0.9999999160427748,lorenz
123,0,0.0,0.0,0.0,0.0,0.0,2,0,3,0,1,0,0,0,0,0,near,0,0,0.00033716048389428584,0.9999999160427748,lorenz
123,0,0.0,0.0,0.0,0.0,0.0,2,0,3,0,1,0,0,0,0,0,near,0,0,0.00033716048389428584,0.9999999160427748,lorenz
123,0,0.0,0.0,0.0,0.0,0.0,2,0,3,0,1,0,0,0,0,0,near,0,0,0.00033716048389428584,0.9999999160427748,lorenz
123,0,0.0,0.0,0.0,0.0,0.0,2,0,3,0,1,0,0,0,0,0,near,0,0,0.00033716048389428584,0.9999999160427748,lorenz
123,0,0.0,0.0,0.0,0.0,0.0,2,0,3,0,1,0,0,0,0,0,near,0,0,0.00033716048389428584,0.9999999160427748,lorenz
123,0,0.0,0.0,0.0,0.0,0.0,2,0,3,0,1,0,0,0,0,0,near,0,0,0.00033716048389428584,0.9999999160427748,lorenz
123,0,0.0,0.0,0.0,0.0,0.0,2,0,3,0,1,0,0,0,0,0,near,0,0,0.00033716048389428584,0.9999999160427748,lorenz
123,0,0.0,0.0,0.0,0.0,0.0,2,0,3,0,1,0,0,0,0,0,near,0,0,0.00033716048389428584,0.9999999160427748,lorenz
123,0,0.0,0.0,0.0,0.0,0.0,2,0,3,0,1,0,0,0,0,0,near,0,0,0.00033716048389428584,0.9999999160427748,lorenz
123,0,0.0,0.0,0.0,0.0,0.0,2,0,3,0,1,0,0,0,0,0,near,0,0,0.00033716048389428584,0.9999999160427748,lorenz
123,0,0.0,0.0,0.0,0.0,0.0,2,0,3,0,1,0,0,0,0,0,near,0,0,0.00033716048389428584,0.9999999160427748,lorenz
123,0,0.0,0.0,0.0,0.0,0.0,2,0,3,0,1,0,0,0,0,0,near,0,0,0.00033716048389428584,0.9999999160427748,lorenz
123,0,0.0,0.0,0.0,0.0,0.0,2,0,3,0,1,0,0,0,0,0,near,0,0,0.00033716048389428584,0.9999999160427748,lorenz
123,0,0.0,0.0,0.0,0.0,0.0,2,0,3,0,1,0,0,0,0,0,near,0,0,0.00033716048389428584,0.9999999160427748,lorenz
123,0,0.0,0.0,0.0,0.0,0.0,2,0,3,0,1,0,0,0,0,0,near,0,0,0.00033716048389428584,0.9999999160427748,lorenz
123,0,0.0,0.0,0.0,0.0,0.0,2,0,3,0,1,0,0,0,0,0,near,0,0,0.00033716048389428584,0.9999999160427748,lorenz
123,0,0.0,0.0,0.0,0.0,0.0,2,0,3,0,1,0,0,0,0,0,near,0,0,0.00033716048389428584,0.9999999160427748,lorenz
123,0,0.0,0.0,0.0,0.0,0.0,2,0,3,0,1,0,0,0,0,0,near,0,0,0.00033716048389428584,0.9999999160427748,lorenz
84,0,0.0,0.0,0.0,0.0,0.0,2,0,3,0,1,0,0,0,0,0,near,0,0,0.0002948265605040528,0.9999999358025243,lorenz
84,0,0.0,0.0,0.0,0.0,0.0,2,0,3,0,1,0,0,0,0,0,near,0,0,0.0002948265605040528,0.9999999358025243,lorenz
84,0,0.0,0.0,0.0,0.0,0.0,2,0,3,0,1,0,0,0,0,0,near,0,0,0.0002948265605040528,0.9999999358025243,lorenz
84,0,0.0,0.0,0.0,0.0,0.0,2,0,3,0,1,0,0,0,0,0,near,0,0,0.0002948265605040528,0.9999999358025243,lorenz
84,0,0.0,0.0,0.0,0.0,0.0,2,0,3,0,1,0,0,0,0,0,near,0,0,0.0002948265605040528,0.9999999358025243,lorenz
84,0,0.0,0.0,0.0,0.0,0.0,2,0,3,0,1,0,0,0,0,0,near,0,0,0.0002948265605040528,0.9999999358025243,lorenz
84,0,0.0,0.0,0.0,0.0,0.0,2,0,3,0,1,0,0,0,0,0,near,0,0,0.0002948265605040528,0.9999999358025243,lorenz
84,0,0.0,0.0,0.0,0.0,0.0,2,0,3,0,1,0,0,0,0,0,near,0,0,0.0002948265605040528,0.9999999358025243,lorenz
84,0,0.0,0.0,0.0,0.0,0.0,2,0,3,0,1,0,0,0,0,0,near,0,0,0.0002948265605040528,0.9999999358025243,lorenz
84,0,0.0,0.0,0.0,0.0,0.0,2,0,3,0,1,0,0,0,0,0,near,0,0,0.0002948265605040528,0.9999999358025243,lorenz
84,0,0.0,0.0,0.0,0.0,0.0,2,0,3,0,1,0,0,0,0,0,near,0,0,0.0002948265605040528,0.9999999358025243,lorenz
84,0,0.0,0.0,0.0,0.0,0.0,2,0,3,0,1,0,0,0,0,0,near,0,0,0.0002948265605040528,0.9999999358025243,lorenz
84,0,0.0,0.0,0.0,0.0,0.0,2,0,3,0,1,0,0,0,0,0,near,0,0,0.0002948265605040528,0.9999999358025243,lorenz
84,0,0.0,0.0,0.0,0.0,0.0,2,0,3,0,1,0,0,0,0,0,near,0,0,0.0002948265605040528,0.9999999358025243,lorenz
84,0,0.0,0.0,0.0,0.0,0.0,2,0,3,0,1,0,0,0,0,0,near,0,0,0.0002948265605040528,0.9999999358025243,lorenz
84,0,0.0,0.0,0.0,0.0,0.0,2,0,3,0,1,0,0,0,0,0,near,0,0,0.0002948265605040528,0.9999999358025243,lorenz
84,0,0.0,0.0,0.0,0.0,0.0,2,0,3,0,1,0,0,0,0,0,near,0,0,0.0002948265605040528,0.9999999358025243,lorenz
84,0,0.0,0.0,0.0,0.0,0.0,2,0,3,0,1,0,0,0,0,0,near,0,0,0.0002948265605040528,0.9999999358025243,lorenz
84,0,0.0,0.0,0.0,0.0,0.0,2,0,3,0,1,0,0,0,0,0,near,0,0,0.0002948265605040528,0.9999999358025243,lorenz
84,0,0.0,0.0,0.0,0.0,0.0,2,0,3,0,1,0,0,0,0,0,near,0,0,0.0002948265605040528,0.9999999358025243,lorenz
84,0,0.0,0.0,0.0,0.0,0.0,2,0,3,0,1,0,0,0,0,0,near,0,0,0.0002948265605040528,0.9999999358025243,lorenz
84,0,0.0,0.0,0.0,0.0,0.0,2,0,3,0,1,0,0,0,0,0,near,0,0,0.0002948265605040528,0.9999999358025243,lorenz
84,0,0.0,0.0,0.0,0.0,0.0,2,0,3,0,1,0,0,0,0,0,near,0,0,0.0002948265605040528,0.9999999358025243,lorenz
84,0,0.0,0.0,0.0,0.0,0.0,2,0,3,0,1,0,0,0,0,0,near,0,0,0.0002948265605040528,0.9999999358025243,lorenz
84,0,0.0,0.0,0.0,0.0,0.0,2,0,3,0,1,0,0,0,0,0,near,0,0,0.0002948265605040528,0.9999999358025243,lorenz
84,0,0.0,0.0,0.0,0.0,0.0,2,0,3,0,1,0,0,0,0,0,near,0,0,0.0002948265605040528,0.9999999358025243,lorenz
84,0,0.0,0.0,0.0,0.0,0.0,2,0,3,0,1,0,0,0,0,0,near,0,0,0.0002948265605040528,0.9999999358025243,lorenz
84,0,0.0,0.0,0.0,0.0,0.0,2,0,3,0,1,0,0,0,0,0,near,0,0,0.0002948265605040528,0.9999999358025243,lorenz
84,0,0.0,0.0,0.0,0.0,0.0,2,0,3,0,1,0,0,0,0,0,near,0,0,0.0002948265605040528,0.9999999358025243,lorenz
84,0,0.0,0.0,0.0,0.0,0.0,2,0,3,0,1,0,0,0,0,0,near,0,0,0.0002948265605040528,0.9999999358025243,lorenz
84,0,0.0,0.0,0.0,0.0,0.0,2,0,3,0,1,0,0,0,0,0,near,0,0,0.0002948265605040528,0.9999999358025243,lorenz
84,0,0.0,0.0,0.0,0.0,0.0,2,0,3,0,1,0,0,0,0,0,near,0,0,0.0002948265605040528,0.9999999358025243,lorenz
84,0,0.0,0.0,0.0,0.0,0.0,2,0,3,0,1,0,0,0,0,0,near,0,0,0.0002948265605040528,0.9999999358025243,lorenz
84,0,0.0,0.0,0.0,0.0,0.0,2,0,3,0,1,0,0,0,0,0,near,0,0,0.0002948265605040528,0.9999999358025243,lorenz
84,0,0.0,0.0,0.0,0.0,0.0,2,0,3,0,1,0,0,0,0,0,near,0,0,0.0002948265605040528,0.9999999358025243,lorenz
84,0,0.0,0.0,0.0,0.0,0.0,2,0,3,0,1,0,0,0,0,0,near,0,0,0.0002948265605040528,0.9999999358025243,lorenz
84,0,0.0,0.0,0.0,0.0,0.0,2,0,3,0,1,0,0,0,0,0,near,0,0,0.0002948265605040528,0.9999999358025243,lorenz
84,0,0.0,0.0,0.0,0.0,0.0,2,0,3,0,1,0,0,0,0,0,near,0,0,0.0002948265605040528,0.9999999358025243,lorenz
84,0,0.0,0.0,0.0,0.0,0.0,2,0,3,0,1,0,0,0,0,0,near,0,0,0.0002948265605040528,0.9999999358025243,lorenz
84,0,0.0,0.0,0.0,0.0,0.0,2,0,3,0,1,0,0,0,0,0,near,0,0,0.0002948265605040528,0.9999999358025243,lorenz
84,0,0.0,0.0,0.0,0.0,0.0,2,0,3,0,1,0,0,0,0,0,near,0,0,0.0002948265605040528,0.9999999358025243,lorenz
84,0,0.0,0.0,0.0,0.0,0.0,2,0,3,0,1,0,0,0,0,0,near,0,0,0.0002948265605040528,0.9999999358025243,lorenz
84,0,0.0,0.0,0.0,0.0,0.0,2,0,3,0,1,0,0,0,0,0,near,0,0,0.0002948265605040528,0.9999999358025243,lorenz
84,0,0.0,0.0,0.0,0.0,0.0,2,0,3,0,1,0,0,0,0,0,near,0,0,0.0002948265605040528,0.9999999358025243,lorenz
84,0,0.0,0.0,0.0,0.0,0.0,2,0,3,0,1,0,0,0,0,0,near,0,0,0.0002948265605040528,0.9999999358025243,lorenz
84,0,0.0,0.0,0.0,0.0,0.0,2,0,3,0,1,0,0,0,0,0,near,0,0,0.0002948265605040528,0.9999999358025243,lorenz
84,0,0.0,0.0,0.0,0.0,0.0,2,0,3,0,1,0,0,0,0,0,near,0,0,0.0002948265605040528,0.9999999358025243,lorenz
84,0,0.0,0.0,0.0,0.0,0.0,2,0,3,0,1,0,0,0,0,0,near,0,0,0.0002948265605040528,0.9999999358025243,lorenz
84,0,0.0,0.0,0.0,0.0,0.0,2,0,3,0,1,0,0,0,0,0,near,0,0,0.0002948265605040528,0.9999999358025243,lorenz
84,0,0.0,0.0,0.0,0.0,0.0,2,0,3,0,1,0,0,0,0,0,near,0,0,0.0002948265605040528,0.9999999358025243,lorenz
84,0,0.0,0.0,0.0,0.0,0.0,2,0,3,0,1,0,0,0,0,0,near,0,0,0.0002948265605040528,0.9999999358025243,lorenz
84,0,0.0,0.0,0.0,0.0,0.0,2,0,3,0,1,0,0,0,0,0,near,0,0,0.0002948265605040528,0.9999999358025243,lorenz
84,0,0.0,0.0,0.0,0.0,0.0,2,0,3,0,1,0,0,0,0,0,near,0,0,0.0002948265605040528,0.9999999358025243,lorenz
84,0,0.0,0.0,0.0,0.0,0.0,2,0,3,0,1,0,0,0,0,0,near,0,0,0.0002948265605040528,0.9999999358025243,lorenz
84,0,0.0,0.0,0.0,0.0,0.0,2,0,3,0,1,0,0,0,0,0,near,0,0,0.0002948265605040528,0.9999999358025243,lorenz
84,0,0.0,0.0,0.0,0.0,0.0,2,0,3,0,1,0,0,0,0,0,near,0,0,0.0002948265605040528,0.9999999358025243,lorenz
84,0,0.0,0.0,0.0,0.0,0.0,2,0,3,0,1,0,0,0,0,0,near,0,0,0.0002948265605040528,0.9999999358025243,lorenz
84,0,0.0,0.0,0.0,0.0,0.0,2,0,3,0,1,0,0,0,0,0,near,0,0,0.0002948265605040528,0.9999999358025243,lorenz
84,0,0.0,0.0,0.0,0.0,0.0,2,0,3,0,1,0,0,0,0,0,near,0,0,0.0002948265605040528,0.9999999358025243,lorenz
84,0,0.0,0.0,0.0,0.0,0.0,2,0,3,0,1,0,0,0,0,0,near,0,0,0.0002948265605040528,0.9999999358025243,lorenz
84,0,0.0,0.0,0.0,0.0,0.0,2,0,3,0,1,0,0,0,0,0,near,0,0,0.0002948265605040528,0.9999999358025243,lorenz
84,0,0.0,0.0,0.0,0.0,0.0,2,0,3,0,1,0,0,0,0,0,near,0,0,0.0002948265605040528,0.9999999358025243,lorenz
84,0,0.0,0.0,0.0,0.0,0.0,2,0,3,0,1,0,0,0,0,0,near,0,0,0.0002948265605040528,0.9999999358025243,lorenz
84,0,0.0,0.0,0.0,0.0,0.0,2,0,3,0,1,0,0,0,0,0,near,0,0,0.0002948265605040528,0.9999999358025243,lorenz
84,0,0.0,0.0,0.0,0.0,0.0,2,0,3,0,1,0,0,0,0,0,near,0,0,0.0002948265605040528,0.9999999358025243,lorenz
84,0,0.0,0.0,0.0,0.0,0.0,2,0,3,0,1,0,0,0,0,0,near,0,0,0.0002948265605040528,0.9999999358025243,lorenz
84,0,0.0,0.0,0.0,0.0,0.0,2,0,3,0,1,0,0,0,0,0,near,0,0,0.0002948265605040528,0.9999999358025243,lorenz
84,0,0.0,0.0,0.0,0.0,0.0,2,0,3,0,1,0,0,0,0,0,near,0,0,0.0002948265605040528,0.9999999358025243,lorenz
84,0,0.0,0.0,0.0,0.0,0.0,2,0,3,0,1,0,0,0,0,0,near,0,0,0.0002948265605040528,0.9999999358025243,lorenz
84,0,0.0,0.0,0.0,0.0,0.0,2,0,3,0,1,0,0,0,0,0,near,0,0,0.0002948265605040528,0.9999999358025243,lorenz
84,0,0.0,0.0,0.0,0.0,0.0,2,0,3,0,1,0,0,0,0,0,near,0,0,0.0002948265605040528,0.9999999358025243,lorenz
84,0,0.0,0.0,0.0,0.0,0.0,2,0,3,0,1,0,0,0,0,0,near,0,0,0.0002948265605040528,0.9999999358025243,lorenz
84,0,0.0,0.0,0.0,0.0,0.0,2,0,3,0,1,0,0,0,0,0,near,0,0,0.0002948265605040528,0.9999999358025243,lorenz
84,0,0.0,0.0,0.0,0.0,0.0,2,0,3,0,1,0,0,0,0,0,near,0,0,0.0002948265605040528,0.9999999358025243,lorenz
84,0,0.0,0.0,0.0,0.0,0.0,2,0,3,0,1,0,0,0,0,0,near,0,0,0.0002948265605040528,0.9999999358025243,lorenz
84,0,0.0,0.0,0.0,0.0,0.0,2,0,3,0,1,0,0,0,0,0,near,0,0,0.0002948265605040528,0.9999999358025243,lorenz
84,0,0.0,0.0,0.0,0.0,0.0,2,0,3,0,1,0,0,0,0,0,near,0,0,0.0002948265605040528,0.9999999358025243,lorenz
84,0,0.0,0.0,0.0,0.0,0.0,2,0,3,0,1,0,0,0,0,0,near,0,0,0.0002948265605040528,0.9999999358025243,lorenz
84,0,0.0,0.0,0.0,0.0,0.0,2,0,3,0,1,0,0,0,0,0,near,0,0,0.0002948265605040528,0.9999999358025243,lorenz
84,0,0.0,0.0,0.0,0.0,0.0,2,0,3,0,1,0,0,0,0,0,near,0,0,0.0002948265605040528,0.9999999358025243,lorenz
84,0,0.0,0.0,0.0,0.0,0.0,2,0,3,0,1,0,0,0,0,0,near,0,0,0.0002948265605040528,0.9999999358025243,lorenz
84,0,0.0,0.0,0.0,0.0,0.0,2,0,3,0,1,0,0,0,0,0,near,0,0,0.0002948265605040528,0.9999999358025243,lorenz
84,0,0.0,0.0,0.0,0.0,0.0,2,0,3,0,1,0,0,0,0,0,near,0,0,0.0002948265605040528,0.9999999358025243,lorenz
84,0,0.0,0.0,0.0,0.0,0.0,2,0,3,0,1,0,0,0,0,0,near,0,0,0.0002948265605040528,0.9999999358025243,lorenz
84,0,0.0,0.0,0.0,0.0,0.0,2,0,3,0,1,0,0,0,0,0,near,0,0,0.0002948265605040528,0.9999999358025243,lorenz
84,0,0.0,0.0,0.0,0.0,0.0,2,0,3,0,1,0,0,0,0,0,near,0,0,0.0002948265605040528,0.9999999358025243,lorenz
84,0,0.0,0.0,0.0,0.0,0.0,2,0,3,0,1,0,0,0,0,0,near,0,0,0.0002948265605040528,0.9999999358025243,lorenz
84,0,0.0,0.0,0.0,0.0,0.0,2,0,3,0,1,0,0,0,0,0,near,0,0,0.0002948265605040528,0.9999999358025243,lorenz
84,0,0.0,0.0,0.0,0.0,0.0,2,0,3,0,1,0,0,0,0,0,near,0,0,0.0002948265605040528,0.9999999358025243,lorenz
84,0,0.0,0.0,0.0,0.0,0.0,2,0,3,0,1,0,0,0,0,0,near,0,0,0.0002948265605040528,0.9999999358025243,lorenz
84,0,0.0,0.0,0.0,0.0,0.0,2,0,3,0,1,0,0,0,0,0,near,0,0,0.0002948265605040528,0.9999999358025243,lorenz
84,0,0.0,0.0,0.0,0.0,0.0,2,0,3,0,1,0,0,0,0,0,near,0,0,0.0002948265605040528,0.9999999358025243,lorenz
84,0,0.0,0.0,0.0,0.0,0.0,2,0,3,0,1,0,0,0,0,0,near,0,0,0.0002948265605040528,0.9999999358025243,lorenz
84,0,0.0,0.0,0.0,0.0,0.0,2,0,3,0,1,0,0,0,0,0,near,0,0,0.0002948265605040528,0.9999999358025243,lorenz
84,0,0.0,0.0,0.0,0.0,0.0,2,0,3,0,1,0,0,0,0,0,near,0,0,0.0002948265605040528,0.9999999358025243,lorenz
84,0,0.0,0.0,0.0,0.0,0.0,2,0,3,0,1,0,0,0,0,0,near,0,0,0.0002948265605040528,0.9999999358025243,lorenz
84,0,0.0,0.0,0.0,0.0,0.0,2,0,3,0,1,0,0,0,0,0,near,0,0,0.0002948265605040528,0.9999999358025243,lorenz
84,0,0.0,0.0,0.0,0.0,0.0,2,0,3,0,1,0,0,0,0,0,near,0,0,0.0002948265605040528,0.9999999358025243,lorenz
84,0,0.0,0.0,0.0,0.0,0.0,2,0,3,0,1,0,0,0,0,0,near,0,0,0.0002948265605040528,0.9999999358025243,lorenz
84,0,0.0,0.0,0.0,0.0,0.0,2,0,3,0,1,0,0,0,0,0,near,0,0,0.0002948265605040528,0.9999999358025243,lorenz
1679,1661,1661.0,1.0,1.0,0.9875916487187351,0.9875916487187351,1,0,2,1,1,0,0,1,1,0,sub,0,0,0.0001416878707538303,0.9999999999969157,dde
1780,1762,1762.0,0.8671934208182093,0.8671934208182093,0.39825041547552087,0.39825041547552087,1,0,2,1,1,0,0,1,1,1,near,0,0,0.0002535333701721056,0.9999999999901245,dde
1792,1762,1762.0,0.8671934208182093,0.8671934208182093,0.39825041547552087,0.39825041547552087,1,0,2,1,1,0,0,1,1,1,near,0,0,0.00027585930570780596,0.9999999999883086,dde
1780,1762,1762.0,0.8671934208182093,0.8671934208182093,0.39825041547552087,0.39825041547552087,1,0,2,1,1,0,0,1,1,1,near,0,0,0.00028561988157564504,0.9999999999874666,dde
1679,1661,1661.0,1.0,1.0,0.9875916487187351,0.9875916487187351,1,0,2,1,1,0,0,1,1,0,sub,0,0,0.0002932139070279462,0.9999999999867913,dde
1780,1762,1762.0,0.8671934208182093,0.8671934208182093,0.39825041547552087,0.39825041547552087,1,0,2,1,1,0,0,1,1,1,near,0,0,0.00030360272763237366,0.9999999999858388,dde
1780,1762,1762.0,0.8671934208182093,0.8671934208182093,0.39825041547552087,0.39825041547552087,1,0,2,1,1,0,0,1,1,1,near,0,0,0.00032197545306820834,0.9999999999840729,dde
1780,1762,1762.0,0.8671934208182093,0.8671934208182093,0.39825041547552087,0.39825041547552087,1,0,2,1,1,0,0,1,1,1,near,0,0,0.0003242487060261361,0.9999999999838473,dde
1780,1762,1762.0,0.8671934208182093,0.8671934208182093,0.39825041547552087,0.39825041547552087,1,0,2,1,1,0,0,1,1,1,near,0,0,0.0003247839613689885,0.9999999999837939,dde
1780,1762,1762.0,0.8671934208182093,0.8671934208182093,0.39825041547552087,0.39825041547552087,1,0,2,1,1,0,0,1,1,1,near,0,0,0.0003254055454103288,0.9999999999837318,dde
1496,1478,1478.0,0.5124361829638562,0.5124361829638562,0.634647338959553,0.634647338959553,1,0,2,1,1,0,0,1,1,1,near,0,0,0.00032544464956308624,0.9999999999837278,dde
1496,1478,1478.0,0.5124361829638562,0.5124361829638562,0.634647338959553,0.634647338959553,1,0,2,1,1,0,0,1,1,1,near,0,0,0.00032646378585240716,0.9999999999836258,dde
1780,1762,1762.0,0.8671934208182093,0.8671934208182093,0.39825041547552087,0.39825041547552087,1,0,2,1,1,0,0,1,1,1,near,0,0,0.0003277159946358406,0.9999999999834999,dde
1780,1762,1762.0,0.8671934208182093,0.8671934208182093,0.39825041547552087,0.39825041547552087,1,0,2,1,1,0,0,1,1,1,near,0,0,0.00032778825376583834,0.9999999999834926,dde
1496,1478,1478.0,0.5124361829638562,0.5124361829638562,0.634647338959553,0.634647338959553,1,0,2,1,1,0,0,1,1,1,near,0,0,0.00033003902852310365,0.9999999999832652,dde
1792,1762,1762.0,0.8671934208182093,0.8671934208182093,0.39825041547552087,0.39825041547552087,1,0,2,1,1,0,0,1,1,1,near,0,0,0.00033238367212975274,0.9999999999830266,dde
1780,1762,1762.0,0.8671934208182093,0.8671934208182093,0.39825041547552087,0.39825041547552087,1,0,2,1,1,0,0,1,1,1,near,0,0,0.0003326250913264747,0.9999999999830018,dde
1780,1762,1762.0,0.8671934208182093,0.8671934208182093,0.39825041547552087,0.39825041547552087,1,0,2,1,1,0,0,1,1,1,near,0,0,0.00033384079421741754,0.9999999999828774,dde
1792,1762,1762.0,0.8671934208182093,0.8671934208182093,0.39825041547552087,0.39825041547552087,1,0,2,1,1,0,0,1,1,1,near,0,0,0.0003343274415253837,0.9999999999828274,dde
1496,1478,1478.0,0.5124361829638562,0.5124361829638562,0.634647338959553,0.634647338959553,1,0,2,1,1,0,0,1,1,1,near,0,0,0.00033451530335356863,0.9999999999828081,dde
1780,1762,1762.0,0.8671934208182093,0.8671934208182093,0.39825041547552087,0.39825041547552087,1,0,2,1,1,0,0,1,1,1,near,0,0,0.0003345650855370799,0.999999999982803,dde
1792,1762,1762.0,0.8671934208182093,0.8671934208182093,0.39825041547552087,0.39825041547552087,1,0,2,1,1,0,0,1,1,1,near,0,0,0.0003373719152015186,0.9999999999825132,dde
1792,1762,1762.0,0.8671934208182093,0.8671934208182093,0.39825041547552087,0.39825041547552087,1,0,2,1,1,0,0,1,1,1,near,0,0,0.00033926159374713386,0.9999999999823168,dde
1780,1762,1762.0,0.8671934208182093,0.8671934208182093,0.39825041547552087,0.39825041547552087,1,0,2,1,1,0,0,1,1,1,near,0,0,0.0003396950276841414,0.9999999999822716,dde
1496,1478,1478.0,0.5124361829638562,0.5124361829638562,0.634647338959553,0.634647338959553,1,0,2,1,1,0,0,1,1,1,near,0,0,0.00033984540511839903,0.9999999999822559,dde
1496,1478,1478.0,0.5124361829638562,0.5124361829638562,0.634647338959553,0.634647338959553,1,0,2,1,1,0,0,1,1,1,near,0,0,0.0003439483260175627,0.9999999999818249,dde
1496,1478,1478.0,0.5124361829638562,0.5124361829638562,0.634647338959553,0.634647338959553,1,0,2,1,1,0,0,1,1,1,near,0,0,0.00034608537776074596,0.9999999999815983,dde
1780,1762,1762.0,0.8671934208182093,0.8671934208182093,0.39825041547552087,0.39825041547552087,1,0,2,1,1,0,0,1,1,1,near,0,0,0.00034870340996388,0.9999999999813188,dde
1780,1762,1762.0,0.8671934208182093,0.8671934208182093,0.39825041547552087,0.39825041547552087,1,0,2,1,1,0,0,1,1,1,near,0,0,0.0003487710131807202,0.9999999999813116,dde
1780,1762,1762.0,0.8671934208182093,0.8671934208182093,0.39825041547552087,0.39825041547552087,1,0,2,1,1,0,0,1,1,1,near,0,0,0.0003511671657299657,0.9999999999810539,dde
1780,1762,1762.0,0.8671934208182093,0.8671934208182093,0.39825041547552087,0.39825041547552087,1,0,2,1,1,0,0,1,1,1,near,0,0,0.0003533020294428952,0.9999999999808229,dde
1780,1762,1762.0,0.8671934208182093,0.8671934208182093,0.39825041547552087,0.39825041547552087,1,0,2,1,1,0,0,1,1,1,near,0,0,0.00035544947885694225,0.9999999999805891,dde
1780,1762,1762.0,0.8671934208182093,0.8671934208182093,0.39825041547552087,0.39825041547552087,1,0,2,1,1,0,0,1,1,1,near,0,0,0.0003558210508973487,0.9999999999805484,dde
1496,1478,1478.0,0.5124361829638562,0.5124361829638562,0.634647338959553,0.634647338959553,1,0,2,1,1,0,0,1,1,1,near,0,0,0.00035961966970986454,0.9999999999801309,dde
1780,1762,1762.0,0.8671934208182093,0.8671934208182093,0.39825041547552087,0.39825041547552087,1,0,2,1,1,0,0,1,1,1,near,0,0,0.000361205515706062,0.9999999999799553,dde
1780,1762,1762.0,0.8671934208182093,0.8671934208182093,0.39825041547552087,0.39825041547552087,1,0,2,1,1,0,0,1,1,1,near,0,0,0.0003642281943103965,0.9999999999796184,dde
1496,1478,1478.0,0.5124361829638562,0.5124361829638562,0.634647338959553,0.634647338959553,1,0,2,1,1,0,0,1,1,1,near,0,0,0.00036453472025281433,0.9999999999795841,dde
1780,1762,1762.0,0.8671934208182093,0.8671934208182093,0.39825041547552087,0.39825041547552087,1,0,2,1,1,0,0,1,1,1,near,0,0,0.00036715578339124,0.9999999999792895,dde
1780,1762,1762.0,0.8671934208182093,0.8671934208182093,0.39825041547552087,0.39825041547552087,1,0,2,1,1,0,0,1,1,1,near,0,0,0.0003690853858690523,0.9999999999790712,dde
1780,1762,1762.0,0.8671934208182093,0.8671934208182093,0.39825041547552087,0.39825041547552087,1,0,2,1,1,0,0,1,1,1,near,0,0,0.000372715908839276,0.9999999999786574,dde
1496,1478,1478.0,0.5124361829638562,0.5124361829638562,0.634647338959553,0.634647338959553,1,0,2,1,1,0,0,1,1,1,near,0,0,0.00037494054621785847,0.9999999999784018,dde
1780,1762,1762.0,0.8671934208182093,0.8671934208182093,0.39825041547552087,0.39825041547552087,1,0,2,1,1,0,0,1,1,1,near,0,0,0.00037847995829555525,0.9999999999779922,dde
1596,1578,1578.0,0.5327828968694729,0.5327828968694729,0.631362502630302,0.631362502630302,1,0,2,1,1,0,0,1,1,1,near,0,0,0.00038022871176679305,0.9999999999777883,dde
1780,1762,1762.0,0.8671934208182093,0.8671934208182093,0.39825041547552087,0.39825041547552087,1,0,2,1,1,0,0,1,1,1,near,0,0,0.0003814031670254626,0.9999999999776509,dde
1780,1762,1762.0,0.8671934208182093,0.8671934208182093,0.39825041547552087,0.39825041547552087,1,0,2,1,1,0,0,1,1,1,near,0,0,0.00038321007877237484,0.9999999999774387,dde
1780,1762,1762.0,0.8671934208182093,0.8671934208182093,0.39825041547552087,0.39825041547552087,1,0,2,1,1,0,0,1,1,1,near,0,0,0.0003839434277755308,0.9999999999773522,dde
1496,1478,1478.0,0.5124361829638562,0.5124361829638562,0.634647338959553,0.634647338959553,1,0,2,1,1,0,0,1,1,1,near,0,0,0.0003863547445159379,0.9999999999770669,dde
1496,1478,1478.0,0.5124361829638562,0.5124361829638562,0.634647338959553,0.634647338959553,1,0,2,1,1,0,0,1,1,1,near,0,0,0.0003869279433734227,0.9999999999769987,dde
1780,1762,1762.0,0.8671934208182093,0.8671934208182093,0.39825041547552087,0.39825041547552087,1,0,2,1,1,0,0,1,1,1,near,0,0,0.00039094800196141444,0.9999999999765183,dde
1780,1762,1762.0,0.8671934208182093,0.8671934208182093,0.39825041547552087,0.39825041547552087,1,0,2,1,1,0,0,1,1,1,near,0,0,0.0003966900224808054,0.9999999999758235,dde
1496,1478,1478.0,0.5124361829638562,0.5124361829638562,0.634647338959553,0.634647338959553,1,0,2,1,1,0,0,1,1,1,near,0,0,0.0003971735333393896,0.9999999999757645,dde
1780,1762,1762.0,0.8671934208182093,0.8671934208182093,0.39825041547552087,0.39825041547552087,1,0,2,1,1,0,0,1,1,1,near,0,0,0.00039777453814597124,0.9999999999756911,dde
1496,1478,1478.0,0.5124361829638562,0.5124361829638562,0.634647338959553,0.634647338959553,1,0,2,1,1,0,0,1,1,1,near,0,0,0.000399487315121789,0.9999999999754813,dde
1780,1762,1762.0,0.8671934208182093,0.8671934208182093,0.39825041547552087,0.39825041547552087,1,0,2,1,1,0,0,1,1,1,near,0,0,0.0004031729257989289,0.9999999999750269,dde
1496,1478,1478.0,0.5124361829638562,0.5124361829638562,0.634647338959553,0.634647338959553,1,0,2,1,1,0,0,1,1,1,near,0,0,0.0004048260951757794,0.9999999999748216,dde
1496,1478,1478.0,0.5124361829638562,0.5124361829638562,0.634647338959553,0.634647338959553,1,0,2,1,1,0,0,1,1,1,near,0,0,0.0004064557720581477,0.9999999999746185,dde
1780,1762,1762.0,0.8671934208182093,0.8671934208182093,0.39825041547552087,0.39825041547552087,1,0,2,1,1,0,0,1,1,1,near,0,0,0.0004078515234376334,0.9999999999744439,dde
1496,1478,1478.0,0.5124361829638562,0.5124361829638562,0.634647338959553,0.634647338959553,1,0,2,1,1,0,0,1,1,1,near,0,0,0.00040812780171592584,0.9999999999744092,dde
1496,1478,1478.0,0.5124361829638562,0.5124361829638562,0.634647338959553,0.634647338959553,1,0,2,1,1,0,0,1,1,1,near,0,0,0.000408393718383018,0.9999999999743758,dde
1780,1762,1762.0,0.8671934208182093,0.8671934208182093,0.39825041547552087,0.39825041547552087,1,0,2,1,1,0,0,1,1,1,near,0,0,0.00040850430157858634,0.999999999974362,dde
1780,1762,1762.0,0.8671934208182093,0.8671934208182093,0.39825041547552087,0.39825041547552087,1,0,2,1,1,0,0,1,1,1,near,0,0,0.00040977700661925674,0.999999999974202,dde
1496,1478,1478.0,0.5124361829638562,0.5124361829638562,0.634647338959553,0.634647338959553,1,0,2,1,1,0,0,1,1,1,near,0,0,0.0004119473181559741,0.999999999973928,dde
1496,1478,1478.0,0.5124361829638562,0.5124361829638562,0.634647338959553,0.634647338959553,1,0,2,1,1,0,0,1,1,1,near,0,0,0.0004143863010327895,0.9999999999736183,dde
1496,1478,1478.0,0.5124361829638562,0.5124361829638562,0.634647338959553,0.634647338959553,1,0,2,1,1,0,0,1,1,1,near,0,0,0.0004147624035787989,0.9999999999735705,dde
1496,1478,1478.0,0.5124361829638562,0.5124361829638562,0.634647338959553,0.634647338959553,1,0,2,1,1,0,0,1,1,1,near,0,0,0.0004149411793980095,0.9999999999735476,dde
1496,1478,1478.0,0.5124361829638562,0.5124361829638562,0.634647338959553,0.634647338959553,1,0,2,1,1,0,0,1,1,1,near,0,0,0.00041792518335624846,0.9999999999731658,dde
1780,1762,1762.0,0.8671934208182093,0.8671934208182093,0.39825041547552087,0.39825041547552087,1,0,2,1,1,0,0,1,1,1,near,0,0,0.00041916590095949276,0.9999999999730063,dde
1496,1478,1478.0,0.5124361829638562,0.5124361829638562,0.634647338959553,0.634647338959553,1,0,2,1,1,0,0,1,1,1,near,0,0,0.0004199657337142617,0.9999999999729031,dde
1496,1478,1478.0,0.5124361829638562,0.5124361829638562,0.634647338959553,0.634647338959553,1,0,2,1,1,0,0,1,1,1,near,0,0,0.00041998614061166095,0.9999999999729006,dde
1496,1478,1478.0,0.5124361829638562,0.5124361829638562,0.634647338959553,0.634647338959553,1,0,2,1,1,0,0,1,1,1,near,0,0,0.0004204033479645103,0.9999999999728466,dde
1780,1762,1762.0,0.8671934208182093,0.8671934208182093,0.39825041547552087,0.39825041547552087,1,0,2,1,1,0,0,1,1,1,near,0,0,0.0004213409396908031,0.9999999999727254,dde
1780,1762,1762.0,0.8671934208182093,0.8671934208182093,0.39825041547552087,0.39825041547552087,1,0,2,1,1,0,0,1,1,1,near,0,0,0.0004216271033049757,0.9999999999726883,dde
1496,1478,1478.0,0.5124361829638562,0.5124361829638562,0.634647338959553,0.634647338959553,1,0,2,1,1,0,0,1,1,1,near,0,0,0.00042166969814038194,0.9999999999726829,dde
1780,1762,1762.0,0.8671934208182093,0.8671934208182093,0.39825041547552087,0.39825041547552087,1,0,2,1,1,0,0,1,1,1,near,0,0,0.00042183600386845436,0.9999999999726613,dde
1780,1762,1762.0,0.8671934208182093,0.8671934208182093,0.39825041547552087,0.39825041547552087,1,0,2,1,1,0,0,1,1,1,near,0,0,0.00042341644079724297,0.999999999972456,dde
1496,1478,1478.0,0.5124361829638562,0.5124361829638562,0.634647338959553,0.634647338959553,1,0,2,1,1,0,0,1,1,1,near,0,0,0.00042699713132006006,0.9999999999719882,dde
1496,1478,1478.0,0.5124361829638562,0.5124361829638562,0.634647338959553,0.634647338959553,1,0,2,1,1,0,0,1,1,1,near,0,0,0.00042781889501038303,0.9999999999718803,dde
1780,1762,1762.0,0.8671934208182093,0.8671934208182093,0.39825041547552087,0.39825041547552087,1,0,2,1,1,0,0,1,1,1,near,0,0,0.0004301248228056738,0.9999999999715763,dde
1780,1762,1762.0,0.8671934208182093,0.8671934208182093,0.39825041547552087,0.39825041547552087,1,0,2,1,1,0,0,1,1,1,near,0,0,0.00043248772326536303,0.9999999999712632,dde
1780,1762,1762.0,0.8671934208182093,0.8671934208182093,0.39825041547552087,0.39825041547552087,1,0,2,1,1,0,0,1,1,1,near,0,0,0.00043502089603302484,0.9999999999709256,dde
1496,1478,1478.0,0.5124361829638562,0.5124361829638562,0.634647338959553,0.634647338959553,1,0,2,1,1,0,0,1,1,1,near,0,0,0.00043535053126529113,0.9999999999708815,dde
1496,1478,1478.0,0.5124361829638562,0.5124361829638562,0.634647338959553,0.634647338959553,1,0,2,1,1,0,0,1,1,1,near,0,0,0.00043573464785059274,0.9999999999708301,dde
1496,1478,1478.0,0.5124361829638562,0.5124361829638562,0.634647338959553,0.634647338959553,1,0,2,1,1,0,0,1,1,1,near,0,0,0.0004361041205705461,0.9999999999707806,dde
1780,1762,1762.0,0.8671934208182093,0.8671934208182093,0.39825041547552087,0.39825041547552087,1,0,2,1,1,0,0,1,1,1,near,0,0,0.00043851603166314483,0.9999999999704565,dde
1900,1762,1762.0,0.8671934208182093,0.8671934208182093,0.39825041547552087,0.39825041547552087,4,0,2,1,1,0,0,1,1,1,near,0,1,0.00044074349155731195,0.9999999999701557,dde
1828,1762,1762.0,0.8671934208182093,0.8671934208182093,0.39825041547552087,0.39825041547552087,1,0,2,1,1,0,0,1,1,1,near,0,0,0.00044108449017719404,0.9999999999701094,dde
1780,1762,1762.0,0.8671934208182093,0.8671934208182093,0.39825041547552087,0.39825041547552087,1,0,2,1,1,0,0,1,1,1,near,0,0,0.0004430983698718742,0.9999999999698358,dde
1496,1478,1478.0,0.5124361829638562,0.5124361829638562,0.634647338959553,0.634647338959553,1,0,2,1,1,0,0,1,1,1,near,0,0,0.0004436520852727546,0.9999999999697604,dde
1496,1478,1478.0,0.5124361829638562,0.5124361829638562,0.634647338959553,0.634647338959553,1,0,2,1,1,0,0,1,1,1,near,0,0,0.0004443170508281506,0.9999999999696697,dde
1780,1762,1762.0,0.8671934208182093,0.8671934208182093,0.39825041547552087,0.39825041547552087,1,0,2,1,1,0,0,1,1,1,near,0,0,0.0004444326962635174,0.9999999999696539,dde
1496,1478,1478.0,0.5124361829638562,0.5124361829638562,0.634647338959553,0.634647338959553,1,0,2,1,1,0,0,1,1,1,near,0,0,0.00044448761502185335,0.9999999999696464,dde
1496,1478,1478.0,0.5124361829638562,0.5124361829638562,0.634647338959553,0.634647338959553,1,0,2,1,1,0,0,1,1,1,near,0,0,0.0004458021506282597,0.9999999999694665,dde
1780,1762,1762.0,0.8671934208182093,0.8671934208182093,0.39825041547552087,0.39825041547552087,1,0,2,1,1,0,0,1,1,1,near,0,0,0.00044628537574740713,0.9999999999694004,dde
1780,1762,1762.0,0.8671934208182093,0.8671934208182093,0.39825041547552087,0.39825041547552087,1,0,2,1,1,0,0,1,1,1,near,0,0,0.00045081524264796777,0.999999999968776,dde
1496,1478,1478.0,0.5124361829638562,0.5124361829638562,0.634647338959553,0.634647338959553,1,0,2,1,1,0,0,1,1,1,near,0,0,0.00045146790911791007,0.9999999999686855,dde
1496,1478,1478.0,0.5124361829638562,0.5124361829638562,0.634647338959553,0.634647338959553,1,0,2,1,1,0,0,1,1,1,near,0,0,0.00045184530664894726,0.9999999999686332,dde
1792,1762,1762.0,0.8671934208182093,0.8671934208182093,0.39825041547552087,0.39825041547552087,1,0,2,1,1,0,0,1,1,1,near,0,0,0.00045210146315138015,0.9999999999685976,dde
1496,1478,1478.0,0.5124361829638562,0.5124361829638562,0.634647338959553,0.634647338959553,1,0,2,1,1,0,0,1,1,1,near,0,0,0.000453182412210141,0.9999999999684472,dde
1780,1762,1762.0,0.8671934208182093,0.8671934208182093,0.39825041547552087,0.39825041547552087,1,0,2,1,1,0,0,1,1,1,near,0,0,0.0004540259542222927,0.9999999999683297,dde
1828,1762,1762.0,0.8671934208182093,0.8671934208182093,0.39825041547552087,0.39825041547552087,1,0,2,1,1,0,0,1,1,1,near,0,0,0.00045457864101700653,0.9999999999682525,dde
738,732,732.0,0.7695313286717377,0.7695313286717377,0.5248642613513709,0.5248642613513709,0,0,1,1,0,0,0,1,1,1,near,0,0,0.00011929807333601677,0.9999999999978134,dde
738,732,732.0,0.7695313286717377,0.7695313286717377,0.5248642613513709,0.5248642613513709,0,0,1,1,0,0,0,1,1,1,near,0,0,0.00012347988190142666,0.9999999999976574,dde
738,732,732.0,0.7695313286717377,0.7695313286717377,0.5248642613513709,0.5248642613513709,0,0,1,1,0,0,0,1,1,1,near,0,0,0.000140663714222879,0.9999999999969601,dde
738,732,732.0,0.7695313286717377,0.7695313286717377,0.5248642613513709,0.5248642613513709,0,0,1,1,0,0,0,1,1,1,near,0,0,0.0001416435771164895,0.9999999999969176,dde
738,732,732.0,0.7695313286717377,0.7695313286717377,0.5248642613513709,0.5248642613513709,0,0,1,1,0,0,0,1,1,1,near,0,0,0.0001444133123064392,0.9999999999967959,dde
738,732,732.0,0.7695313286717377,0.7695313286717377,0.5248642613513709,0.5248642613513709,0,0,1,1,0,0,0,1,1,1,near,0,0,0.00014497051988424965,0.9999999999967711,dde
738,732,732.0,0.7695313286717377,0.7695313286717377,0.5248642613513709,0.5248642613513709,0,0,1,1,0,0,0,1,1,1,near,0,0,0.00014569394360670947,0.9999999999967388,dde
738,732,732.0,0.7695313286717377,0.7695313286717377,0.5248642613513709,0.5248642613513709,0,0,1,1,0,0,0,1,1,1,near,0,0,0.00014652284582473098,0.9999999999967016,dde
738,732,732.0,0.7695313286717377,0.7695313286717377,0.5248642613513709,0.5248642613513709,0,0,1,1,0,0,0,1,1,1,near,0,0,0.00014769158564023374,0.9999999999966488,dde
738,732,732.0,0.7695313286717377,0.7695313286717377,0.5248642613513709,0.5248642613513709,0,0,1,1,0,0,0,1,1,1,near,0,0,0.00014785727594949559,0.9999999999966412,dde
738,732,732.0,0.7695313286717377,0.7695313286717377,0.5248642613513709,0.5248642613513709,0,0,1,1,0,0,0,1,1,1,near,0,0,0.00015113422885556916,0.9999999999964907,dde
738,732,732.0,0.7695313286717377,0.7695313286717377,0.5248642613513709,0.5248642613513709,0,0,1,1,0,0,0,1,1,1,near,0,0,0.00015308448544007787,0.9999999999963995,dde
738,732,732.0,0.7695313286717377,0.7695313286717377,0.4586975009139333,0.4586975009139333,0,0,1,1,0,0,0,1,1,1,near,0,0,0.00015329195242646512,0.9999999999963898,dde
738,732,732.0,0.7695313286717377,0.7695313286717377,0.5248642613513709,0.5248642613513709,0,0,1,1,0,0,0,1,1,1,near,0,0,0.0001538085411549488,0.9999999999963655,dde
738,732,732.0,0.7695313286717377,0.7695313286717377,0.5248642613513709,0.5248642613513709,0,0,1,1,0,0,0,1,1,1,near,0,0,0.00015423057044042918,0.9999999999963455,dde
738,732,732.0,0.7695313286717377,0.7695313286717377,0.5248642613513709,0.5248642613513709,0,0,1,1,0,0,0,1,1,1,near,0,0,0.00015573587803593384,0.9999999999962738,dde
738,732,732.0,0.7695313286717377,0.7695313286717377,0.5248642613513709,0.5248642613513709,0,0,1,1,0,0,0,1,1,1,near,0,0,0.0001568289971925348,0.9999999999962212,dde
738,732,732.0,0.7695313286717377,0.7695313286717377,0.5248642613513709,0.5248642613513709,0,0,1,1,0,0,0,1,1,1,near,0,0,0.00015762102937883052,0.999999999996183,dde
738,732,732.0,0.7695313286717377,0.7695313286717377,0.5248642613513709,0.5248642613513709,0,0,1,1,0,0,0,1,1,1,near,0,0,0.00015852982555926738,0.9999999999961389,dde
738,732,732.0,0.7695313286717377,0.7695313286717377,0.5248642613513709,0.5248642613513709,0,0,1,1,0,0,0,1,1,1,near,0,0,0.00015869342185255547,0.9999999999961309,dde
738,732,732.0,0.7695313286717377,0.7695313286717377,0.5248642613513709,0.5248642613513709,0,0,1,1,0,0,0,1,1,1,near,0,0,0.00015935662040259639,0.9999999999960985,dde
738,732,732.0,0.7695313286717377,0.7695313286717377,0.5248642613513709,0.5248642613513709,0,0,1,1,0,0,0,1,1,1,near,0,0,0.00015951413031491864,0.9999999999960908,dde
738,732,732.0,0.7695313286717377,0.7695313286717377,0.5248642613513709,0.5248642613513709,0,0,1,1,0,0,0,1,1,1,near,0,0,0.00016003846880978653,0.999999999996065,dde
738,732,732.0,0.7695313286717377,0.7695313286717377,0.5248642613513709,0.5248642613513709,0,0,1,1,0,0,0,1,1,1,near,0,0,0.0001617674526490527,0.9999999999959795,dde
738,732,732.0,0.7695313286717377,0.7695313286717377,0.5248642613513709,0.5248642613513709,0,0,1,1,0,0,0,1,1,1,near,0,0,0.0001620719136723417,0.9999999999959645,dde
738,732,732.0,0.7695313286717377,0.7695313286717377,0.5248642613513709,0.5248642613513709,0,0,1,1,0,0,0,1,1,1,near,0,0,0.00016222374903823925,0.9999999999959569,dde
738,732,732.0,0.7695313286717377,0.7695313286717377,0.5248642613513709,0.5248642613513709,0,0,1,1,0,0,0,1,1,1,near,0,0,0.00016257851725841267,0.9999999999959391,dde
738,732,732.0,0.7695313286717377,0.7695313286717377,0.5248642613513709,0.5248642613513709,0,0,1,1,0,0,0,1,1,1,near,0,0,0.00016271329748039924,0.9999999999959324,dde
738,732,732.0,0.7695313286717377,0.7695313286717377,0.5248642613513709,0.5248642613513709,0,0,1,1,0,0,0,1,1,1,near,0,0,0.0001636189981665231,0.999999999995887,dde
738,732,732.0,0.7695313286717377,0.7695313286717377,0.5248642613513709,0.5248642613513709,0,0,1,1,0,0,0,1,1,1,near,0,0,0.00016488842975188468,0.9999999999958229,dde
738,732,732.0,0.7695313286717377,0.7695313286717377,0.5248642613513709,0.5248642613513709,0,0,1,1,0,0,0,1,1,1,near,0,0,0.0001653703898776806,0.9999999999957985,dde
738,732,732.0,0.7695313286717377,0.7695313286717377,0.5248642613513709,0.5248642613513709,0,0,1,1,0,0,0,1,1,1,near,0,0,0.0001662388363153747,0.9999999999957543,dde
738,732,732.0,0.7695313286717377,0.7695313286717377,0.5248642613513709,0.5248642613513709,0,0,1,1,0,0,0,1,1,1,near,0,0,0.00016742169492834258,0.9999999999956936,dde
738,732,732.0,0.7695313286717377,0.7695313286717377,0.5248642613513709,0.5248642613513709,0,0,1,1,0,0,0,1,1,1,near,0,0,0.00016902977948709207,0.9999999999956105,dde
738,732,732.0,0.7695313286717377,0.7695313286717377,0.5248642613513709,0.5248642613513709,0,0,1,1,0,0,0,1,1,1,near,0,0,0.0001698362139781152,0.9999999999955685,dde
738,732,732.0,0.7695313286717377,0.7695313286717377,0.5248642613513709,0.5248642613513709,0,0,1,1,0,0,0,1,1,1,near,0,0,0.0001703068108391954,0.9999999999955439,dde
738,732,732.0,0.7695313286717377,0.7695313286717377,0.5248642613513709,0.5248642613513709,0,0,1,1,0,0,0,1,1,1,near,0,0,0.00017032814362225572,0.9999999999955428,dde
738,732,732.0,0.7695313286717377,0.7695313286717377,0.5248642613513709,0.5248642613513709,0,0,1,1,0,0,0,1,1,1,near,0,0,0.0001710298162729907,0.9999999999955059,dde
738,732,732.0,0.7695313286717377,0.7695313286717377,0.5248642613513709,0.5248642613513709,0,0,1,1,0,0,0,1,1,1,near,0,0,0.00017139196865066197,0.9999999999954869,dde
738,732,732.0,0.7695313286717377,0.7695313286717377,0.4586975009139333,0.4586975009139333,0,0,1,1,0,0,0,1,1,1,near,0,0,0.00017163320740653024,0.9999999999954742,dde
738,732,732.0,0.7695313286717377,0.7695313286717377,0.5248642613513709,0.5248642613513709,0,0,1,1,0,0,0,1,1,1,near,0,0,0.0001719603842290284,0.999999999995457,dde
738,732,732.0,0.7695313286717377,0.7695313286717377,0.5248642613513709,0.5248642613513709,0,0,1,1,0,0,0,1,1,1,near,0,0,0.0001745119890863417,0.9999999999953211,dde
738,732,732.0,0.7695313286717377,0.7695313286717377,0.5248642613513709,0.5248642613513709,0,0,1,1,0,0,0,1,1,1,near,0,0,0.00017674331639621932,0.9999999999952007,dde
738,732,732.0,0.7695313286717377,0.7695313286717377,0.5248642613513709,0.5248642613513709,0,0,1,1,0,0,0,1,1,1,near,0,0,0.00017685600003570769,0.9999999999951946,dde
738,732,732.0,0.7695313286717377,0.7695313286717377,0.5248642613513709,0.5248642613513709,0,0,1,1,0,0,0,1,1,1,near,0,0,0.00017872164364033727,0.9999999999950927,dde
738,732,732.0,0.7695313286717377,0.7695313286717377,0.5248642613513709,0.5248642613513709,0,0,1,1,0,0,0,1,1,1,near,0,0,0.0001792704328177847,0.9999999999950625,dde
738,732,732.0,0.7695313286717377,0.7695313286717377,0.5248642613513709,0.5248642613513709,0,0,1,1,0,0,0,1,1,1,near,0,0,0.00018085658003048463,0.9999999999949747,dde
738,732,732.0,0.7695313286717377,0.7695313286717377,0.5248642613513709,0.5248642613513709,0,0,1,1,0,0,0,1,1,1,near,0,0,0.00018157788643593503,0.9999999999949346,dde
738,732,732.0,0.7695313286717377,0.7695313286717377,0.5248642613513709,0.5248642613513709,0,0,1,1,0,0,0,1,1,1,near,0,0,0.0001817460850256798,0.9999999999949252,dde
738,732,732.0,0.7695313286717377,0.7695313286717377,0.5248642613513709,0.5248642613513709,0,0,1,1,0,0,0,1,1,1,near,0,0,0.0001817624545714397,0.9999999999949243,dde
738,732,732.0,0.7695313286717377,0.7695313286717377,0.5248642613513709,0.5248642613513709,0,0,1,1,0,0,0,1,1,1,near,0,0,0.0001827181314651019,0.9999999999948708,dde
738,732,732.0,0.7695313286717377,0.7695313286717377,0.5248642613513709,0.5248642613513709,0,0,1,1,0,0,0,1,1,1,near,0,0,0.00018459936209851187,0.9999999999947646,dde
738,732,732.0,0.7695313286717377,0.7695313286717377,0.5248642613513709,0.5248642613513709,0,0,1,1,0,0,0,1,1,1,near,0,0,0.00018546710549716307,0.9999999999947152,dde
738,732,732.0,0.7695313286717377,0.7695313286717377,0.5248642613513709,0.5248642613513709,0,0,1,1,0,0,0,1,1,1,near,0,0,0.0001857269225667667,0.9999999999947005,dde
738,732,732.0,0.7695313286717377,0.7695313286717377,0.5248642613513709,0.5248642613513709,0,0,1,1,0,0,0,1,1,1,near,0,0,0.00018627513647177118,0.999999999994669,dde
738,732,732.0,0.7695313286717377,0.7695313286717377,0.5248642613513709,0.5248642613513709,0,0,1,1,0,0,0,1,1,1,near,0,0,0.00018646056505137304,0.9999999999946585,dde
738,732,732.0,0.7695313286717377,0.7695313286717377,0.5248642613513709,0.5248642613513709,0,0,1,1,0,0,0,1,1,1,near,0,0,0.0001866236064916875,0.9999999999946492,dde
738,732,732.0,0.7695313286717377,0.7695313286717377,0.5248642613513709,0.5248642613513709,0,0,1,1,0,0,0,1,1,1,near,0,0,0.00018774937032522233,0.9999999999945843,dde
738,732,732.0,0.7695313286717377,0.7695313286717377,0.5248642613513709,0.5248642613513709,0,0,1,1,0,0,0,1,1,1,near,0,0,0.00018784579756746613,0.9999999999945788,dde
738,732,732.0,0.7695313286717377,0.7695313286717377,0.5248642613513709,0.5248642613513709,0,0,1,1,0,0,0,1,1,1,near,0,0,0.00018965128416480816,0.9999999999944741,dde
738,732,732.0,0.7695313286717377,0.7695313286717377,0.5248642613513709,0.5248642613513709,0,0,1,1,0,0,0,1,1,1,near,0,0,0.0001913777244246985,0.9999999999943731,dde
738,732,732.0,0.7695313286717377,0.7695313286717377,0.5248642613513709,0.5248642613513709,0,0,1,1,0,0,0,1,1,1,near,0,0,0.00019201046828503168,0.9999999999943358,dde
738,732,732.0,0.7695313286717377,0.7695313286717377,0.5248642613513709,0.5248642613513709,0,0,1,1,0,0,0,1,1,1,near,0,0,0.00019229448833913324,0.999999999994319,dde
738,732,732.0,0.7695313286717377,0.7695313286717377,0.5248642613513709,0.5248642613513709,0,0,1,1,0,0,0,1,1,1,near,0,0,0.00019311483228050787,0.9999999999942705,dde
738,732,732.0,0.7695313286717377,0.7695313286717377,0.5248642613513709,0.5248642613513709,0,0,1,1,0,0,0,1,1,1,near,0,0,0.00019491158383426162,0.9999999999941633,dde
738,732,732.0,0.7695313286717377,0.7695313286717377,0.5248642613513709,0.5248642613513709,0,0,1,1,0,0,0,1,1,1,near,0,0,0.0001959592799028923,0.9999999999941004,dde
738,732,732.0,0.7695313286717377,0.7695313286717377,0.5248642613513709,0.5248642613513709,0,0,1,1,0,0,0,1,1,1,near,0,0,0.00019611591136075072,0.999999999994091,dde
738,732,732.0,0.7695313286717377,0.7695313286717377,0.5248642613513709,0.5248642613513709,0,0,1,1,0,0,0,1,1,1,near,0,0,0.00019647559081073718,0.9999999999940693,dde
738,732,732.0,0.7695313286717377,0.7695313286717377,0.5248642613513709,0.5248642613513709,0,0,1,1,0,0,0,1,1,1,near,0,0,0.0001965372274383157,0.9999999999940655,dde
738,732,732.0,0.7695313286717377,0.7695313286717377,0.5248642613513709,0.5248642613513709,0,0,1,1,0,0,0,1,1,1,near,0,0,0.00019813947401170628,0.9999999999939684,dde
738,732,732.0,0.7695313286717377,0.7695313286717377,0.5248642613513709,0.5248642613513709,0,0,1,1,0,0,0,1,1,1,near,0,0,0.00019896763208891285,0.9999999999939179,dde
738,732,732.0,0.7695313286717377,0.7695313286717377,0.5248642613513709,0.5248642613513709,0,0,1,1,0,0,0,1,1,1,near,0,0,0.00019911465942857088,0.9999999999939089,dde
738,732,732.0,0.7695313286717377,0.7695313286717377,0.5248642613513709,0.5248642613513709,0,0,1,1,0,0,0,1,1,1,near,0,0,0.0001994397950436037,0.999999999993889,dde
738,732,732.0,0.7695313286717377,0.7695313286717377,0.5248642613513709,0.5248642613513709,0,0,1,1,0,0,0,1,1,1,near,0,0,0.00019979028191608023,0.9999999999938675,dde
738,732,732.0,0.7695313286717377,0.7695313286717377,0.5248642613513709,0.5248642613513709,0,0,1,1,0,0,0,1,1,1,near,0,0,0.00020010627841341005,0.999999999993848,dde
738,732,732.0,0.7695313286717377,0.7695313286717377,0.5248642613513709,0.5248642613513709,0,0,1,1,0,0,0,1,1,1,near,0,0,0.00020089179377716083,0.9999999999937996,dde
738,732,732.0,0.7695313286717377,0.7695313286717377,0.5248642613513709,0.5248642613513709,0,0,1,1,0,0,0,1,1,1,near,0,0,0.00020095907421879432,0.9999999999937955,dde
738,732,732.0,0.7695313286717377,0.7695313286717377,0.5248642613513709,0.5248642613513709,0,0,1,1,0,0,0,1,1,1,near,0,0,0.0002021436034912154,0.9999999999937221,dde
738,732,732.0,0.7695313286717377,0.7695313286717377,0.5248642613513709,0.5248642613513709,0,0,1,1,0,0,0,1,1,1,near,0,0,0.0002025362087937182,0.9999999999936977,dde
738,732,732.0,0.7695313286717377,0.7695313286717377,0.5248642613513709,0.5248642613513709,0,0,1,1,0,0,0,1,1,1,near,0,0,0.00020358331502018436,0.9999999999936324,dde
738,732,732.0,0.7695313286717377,0.7695313286717377,0.5248642613513709,0.5248642613513709,0,0,1,1,0,0,0,1,1,1,near,0,0,0.0002040663436632379,0.9999999999936021,dde
738,732,732.0,0.7695313286717377,0.7695313286717377,0.5248642613513709,0.5248642613513709,0,0,1,1,0,0,0,1,1,1,near,0,0,0.00020416876246243617,0.9999999999935957,dde
738,732,732.0,0.7695313286717377,0.7695313286717377,0.5248642613513709,0.5248642613513709,0,0,1,1,0,0,0,1,1,1,near,0,0,0.00020482660376783778,0.9999999999935544,dde
738,732,732.0,0.7695313286717377,0.7695313286717377,0.5248642613513709,0.5248642613513709,0,0,1,1,0,0,0,1,1,1,near,0,0,0.0002054218156187182,0.9999999999935169,dde
738,732,732.0,0.7695313286717377,0.7695313286717377,0.4586975009139333,0.4586975009139333,0,0,1,1,0,0,0,1,1,1,near,0,0,0.00020553966594457384,0.9999999999935094,dde
738,732,732.0,0.7695313286717377,0.7695313286717377,0.5248642613513709,0.5248642613513709,0,0,1,1,0,0,0,1,1,1,near,0,0,0.00020571861569728192,0.9999999999934981,dde
738,732,732.0,0.7695313286717377,0.7695313286717377,0.5248642613513709,0.5248642613513709,0,0,1,1,0,0,0,1,1,1,near,0,0,0.00020578713821811921,0.9999999999934938,dde
738,732,732.0,0.7695313286717377,0.7695313286717377,0.5248642613513709,0.5248642613513709,0,0,1,1,0,0,0,1,1,1,near,0,0,0.000206717177000024,0.9999999999934348,dde
738,732,732.0,0.7695313286717377,0.7695313286717377,0.5248642613513709,0.5248642613513709,0,0,1,1,0,0,0,1,1,1,near,0,0,0.00020757574871295653,0.9999999999933802,dde
738,732,732.0,0.7695313286717377,0.7695313286717377,0.5248642613513709,0.5248642613513709,0,0,1,1,0,0,0,1,1,1,near,0,0,0.00020858928793660852,0.9999999999933155,dde
738,732,732.0,0.7695313286717377,0.7695313286717377,0.5248642613513709,0.5248642613513709,0,0,1,1,0,0,0,1,1,1,near,0,0,0.00020889144469630235,0.999999999993296,dde
1873,1765,1765.0,1.8463861083550848,1.8463861083550848,0.43712112653214064,0.43712112653214064,1,0,3,1,1,0,0,0,0,0,super,1,0,0.00020895437345759072,0.999999999993292,dde
738,732,732.0,0.7695313286717377,0.7695313286717377,0.5248642613513709,0.5248642613513709,0,0,1,1,0,0,0,1,1,1,near,0,0,0.0002095741072400174,0.9999999999932522,dde
738,732,732.0,0.7695313286717377,0.7695313286717377,0.5248642613513709,0.5248642613513709,0,0,1,1,0,0,0,1,1,1,near,0,0,0.00020997827331945798,0.9999999999932261,dde
738,732,732.0,0.7695313286717377,0.7695313286717377,0.5248642613513709,0.5248642613513709,0,0,1,1,0,0,0,1,1,1,near,0,0,0.0002102204911586267,0.9999999999932104,dde
738,732,732.0,0.7695313286717377,0.7695313286717377,0.5248642613513709,0.5248642613513709,0,0,1,1,0,0,0,1,1,1,near,0,0,0.00021027609093451826,0.9999999999932069,dde
738,732,732.0,0.7695313286717377,0.7695313286717377,0.5248642613513709,0.5248642613513709,0,0,1,1,0,0,0,1,1,1,near,0,0,0.0002103117899877453,0.9999999999932045,dde
738,732,732.0,0.7695313286717377,0.7695313286717377,0.5248642613513709,0.5248642613513709,0,0,1,1,0,0,0,1,1,1,near,0,0,0.00021237047421603312,0.9999999999930709,dde
738,732,732.0,0.7695313286717377,0.7695313286717377,0.5248642613513709,0.5248642613513709,0,0,1,1,0,0,0,1,1,1,near,0,0,0.00021396098573276117,0.9999999999929667,dde
738,732,732.0,0.7695313286717377,0.7695313286717377,0.5248642613513709,0.5248642613513709,0,0,1,1,0,0,0,1,1,1,near,0,0,0.00021448721667678792,0.9999999999929321,dde
2012,1379,1006.0,0.9201768921859979,0.8144486816140488,0.633993405347792,0.4390837211912088,0,0,2,2,0,0,0,1,0,1,near,0,0,0.00024147287726624249,0.9999999999910416,dde
2012,1379,1006.0,0.9201768921859979,0.8144486816140488,0.633993405347792,0.42233527102827395,0,0,2,2,0,0,0,1,0,1,near,0,0,0.00024635346869460466,0.9999999999906759,dde
2012,1379,1006.0,0.9201768921859979,0.8144486816140488,0.633993405347792,0.42233527102827395,0,0,2,2,0,0,0,1,0,1,near,0,0,0.0002596051007645871,0.9999999999896457,dde
2012,1379,1006.0,0.9201768921859979,0.8144486816140488,0.633993405347792,0.4390837211912088,0,0,2,2,0,0,0,1,0,1,near,0,0,0.0002612902163869415,0.999999999989511,dde
2012,1379,1006.0,0.9201768921859979,0.8144486816140488,0.633993405347792,0.42233527102827395,0,0,2,2,0,0,0,1,0,1,near,0,0,0.00026391686230030164,0.999999999989299,dde
2012,1379,1006.0,0.9201768921859979,0.8144486816140488,0.633993405347792,0.4390837211912088,0,0,2,2,0,0,0,1,0,1,near,0,0,0.0002731236947989385,0.9999999999885394,dde
2012,1379,1006.0,0.9201768921859979,0.8144486816140488,0.633993405347792,0.42233527102827395,0,0,2,2,0,0,0,1,0,1,near,0,0,0.00027397744389268537,0.9999999999884676,dde
2012,1379,1006.0,0.9201768921859979,0.8144486816140488,0.633993405347792,0.42233527102827395,0,0,2,2,0,0,0,1,0,1,near,0,0,0.00027955874375957987,0.9999999999879929,dde
2012,1379,1006.0,0.9201768921859979,0.8144486816140488,0.633993405347792,0.42233527102827395,0,0,2,2,0,0,0,1,0,1,near,0,0,0.0002799184731388316,0.999999999987962,dde
2012,1379,1006.0,0.9201768921859979,0.8144486816140488,0.633993405347792,0.42233527102827395,0,0,2,2,0,0,0,1,0,1,near,0,0,0.0002825219089705298,0.999999999987737,dde
2012,1379,1006.0,0.9201768921859979,0.8144486816140488,0.633993405347792,0.42233527102827395,0,0,2,2,0,0,0,1,0,1,near,0,0,0.0002826734360239774,0.9999999999877239,dde
2012,1379,1006.0,0.9201768921859979,0.8144486816140488,0.633993405347792,0.42233527102827395,0,0,2,2,0,0,0,1,0,1,near,0,0,0.000283528272737616,0.9999999999876495,dde
2012,1379,1006.0,0.9201768921859979,0.8144486816140488,0.633993405347792,0.4390837211912088,0,0,2,2,0,0,0,1,0,1,near,0,0,0.00028612345684330114,0.9999999999874224,dde
2012,1379,1006.0,0.9201768921859979,0.8110686105502389,0.633993405347792,0.42233527102827395,0,0,2,2,0,0,0,1,0,1,near,0,0,0.0002879579371828542,0.9999999999872606,dde
2012,1379,1006.0,0.9201768921859979,0.8144486816140488,0.633993405347792,0.42233527102827395,0,0,2,2,0,0,0,1,0,1,near,0,0,0.0002902037166083125,0.9999999999870611,dde
2012,1379,1006.0,0.9201768921859979,0.8144486816140488,0.633993405347792,0.42233527102827395,0,0,2,2,0,0,0,1,0,1,near,0,0,0.0002903965966740379,0.9999999999870439,dde
2012,1379,1006.0,0.9201768921859979,0.8144486816140488,0.633993405347792,0.4390837211912088,0,0,2,2,0,0,0,1,0,1,near,0,0,0.0002917930737650083,0.999999999986919,dde
2012,1379,1006.0,0.9201768921859979,0.8144486816140488,0.633993405347792,0.42233527102827395,0,0,2,2,0,0,0,1,0,1,near,0,0,0.00030093685983045723,0.9999999999860864,dde
2012,1379,1006.0,0.9201768921859979,0.8144486816140488,0.633993405347792,0.4390837211912088,0,0,2,2,0,0,0,1,0,1,near,0,0,0.0003040915206510197,0.9999999999857931,dde
2012,1379,1006.0,0.9201768921859979,0.8144486816140488,0.633993405347792,0.42233527102827395,0,0,2,2,0,0,0,1,0,1,near,0,0,0.00030469035524005,0.9999999999857371,dde
2012,1379,1006.0,0.9201768921859979,0.8144486816140488,0.633993405347792,0.4390837211912088,0,0,2,2,0,0,0,1,0,1,near,0,0,0.00030528784722510247,0.9999999999856811,dde
2012,1379,1006.0,0.9201768921859979,0.8144486816140488,0.633993405347792,0.4390837211912088,0,0,2,2,0,0,0,1,0,1,near,0,0,0.0003071658866849693,0.9999999999855044,dde
2012,1379,1006.0,0.9201768921859979,0.8144486816140488,0.633993405347792,0.42233527102827395,0,0,2,2,0,0,0,1,0,1,near,0,0,0.0003111188519705617,0.9999999999851289,dde
2012,1379,1006.0,0.9201768921859979,0.8144486816140488,0.633993405347792,0.42233527102827395,0,0,2,2,0,0,0,1,0,1,near,0,0,0.00031561304839308133,0.9999999999846961,dde
2012,1379,1006.0,0.9201768921859979,0.8144486816140488,0.633993405347792,0.42233527102827395,0,0,2,2,0,0,0,1,0,1,near,0,0,0.00032115544987544007,0.9999999999841539,dde
2012,1379,1006.0,0.9201768921859979,0.8144486816140488,0.633993405347792,0.42233527102827395,0,0,2,2,0,0,0,1,0,1,near,0,0,0.00033424711253005686,0.9999999999828357,dde
2012,1379,1006.0,0.9201768921859979,0.8144486816140488,0.633993405347792,0.42233527102827395,0,0,2,2,0,0,0,1,0,1,near,0,0,0.00033506763076685035,0.9999999999827514,dde
2012,1379,1006.0,0.9201768921859979,0.8144486816140488,0.633993405347792,0.42233527102827395,0,0,2,2,0,0,0,1,0,1,near,0,0,0.0003352251871210426,0.9999999999827351,dde
2012,1379,1006.0,0.9201768921859979,0.8144486816140488,0.633993405347792,0.42233527102827395,0,0,2,2,0,0,0,1,0,1,near,0,0,0.00034592798282316036,0.999999999981615,dde
2012,1379,1006.0,0.9201768921859979,0.8144486816140488,0.633993405347792,0.42233527102827395,0,0,2,2,0,0,0,1,0,1,near,0,0,0.00034668331106486123,0.9999999999815347,dde
2012,1379,1006.0,0.9201768921859979,0.8110686105502389,0.633993405347792,0.42233527102827395,0,0,2,2,0,0,0,1,0,1,near,0,0,0.0003492695161668331,0.9999999999812581,dde
2012,1379,1006.0,0.9201768921859979,0.8144486816140488,0.633993405347792,0.42233527102827395,0,0,2,2,0,0,0,1,0,1,near,0,0,0.00035024382949861116,0.9999999999811534,dde
2012,1379,1006.0,0.9201768921859979,0.8144486816140488,0.633993405347792,0.42233527102827395,0,0,2,2,0,0,0,1,0,1,near,0,0,0.00035110368832020895,0.9999999999810608,dde
2012,1379,1006.0,0.9201768921859979,0.8144486816140488,0.633993405347792,0.42233527102827395,0,0,2,2,0,0,0,1,0,1,near,0,0,0.0003554646661620462,0.9999999999805874,dde
2012,1379,1006.0,0.9201768921859979,0.8144486816140488,0.633993405347792,0.42233527102827395,0,0,2,2,0,0,0,1,0,1,near,0,0,0.0003560668239759685,0.9999999999805216,dde
2012,1379,1006.0,0.9201768921859979,0.8144486816140488,0.633993405347792,0.42233527102827395,0,0,2,2,0,0,0,1,0,1,near,0,0,0.00035943158926353104,0.9999999999801517,dde
2012,1379,1006.0,0.9201768921859979,0.8144486816140488,0.633993405347792,0.42233527102827395,0,0,2,2,0,0,0,1,0,1,near,0,0,0.0003614424224784358,0.9999999999799289,dde
1980,1604,1604.0,0.5927270990508169,0.5927270990508169,0.43493100145376107,0.43493100145376107,3,0,2,1,1,0,0,1,0,1,near,0,0,0.0003642157136925483,0.9999999999796197,dde
2012,1379,1006.0,0.9201768921859979,0.8144486816140488,0.633993405347792,0.42233527102827395,0,0,2,2,0,0,0,1,0,1,near,0,0,0.00036742212856505233,0.9999999999792594,dde
2012,1379,1006.0,0.9201768921859979,0.8144486816140488,0.633993405347792,0.42233527102827395,0,0,2,2,0,0,0,1,0,1,near,0,0,0.0003680669102326895,0.9999999999791865,dde
2012,1379,1006.0,0.9201768921859979,0.8144486816140488,0.633993405347792,0.42233527102827395,0,0,2,2,0,0,0,1,0,1,near,0,0,0.0003732328625522577,0.9999999999785982,dde
2012,1379,1006.0,0.9201768921859979,0.8144486816140488,0.633993405347792,0.42233527102827395,0,0,2,2,0,0,0,1,0,1,near,0,0,0.00037492716809892063,0.9999999999784034,dde
2012,1379,1006.0,0.9201768921859979,0.8144486816140488,0.633993405347792,0.4390837211912088,0,0,2,2,0,0,0,1,0,1,near,0,0,0.00037797472369651775,0.9999999999780509,dde
2012,1379,1006.0,0.9201768921859979,0.8144486816140488,0.633993405347792,0.42233527102827395,0,0,2,2,0,0,0,1,0,1,near,0,0,0.0003788217480110017,0.9999999999779524,dde
2012,1379,1006.0,0.9201768921859979,0.8144486816140488,0.633993405347792,0.42233527102827395,0,0,2,2,0,0,0,1,0,1,near,0,0,0.00038093674371291646,0.9999999999777055,dde
2012,1379,1006.0,0.9201768921859979,0.8144486816140488,0.633993405347792,0.42233527102827395,0,0,2,2,0,0,0,1,0,1,near,0,0,0.0003818537151397394,0.9999999999775981,dde
2012,1379,1006.0,0.9201768921859979,0.8144486816140488,0.633993405347792,0.42233527102827395,0,0,2,2,0,0,0,1,0,1,near,0,0,0.00038382664166581925,0.999999999977366,dde
1455,1079,1079.0,0.6176610291914714,0.6176610291914714,0.5864733322169322,0.5864733322169322,3,0,2,1,1,0,0,1,0,1,near,0,0,0.0003849319409006457,0.9999999999772354,dde
2012,1379,1006.0,0.9201768921859979,0.8144486816140488,0.633993405347792,0.42233527102827395,0,0,2,2,0,0,0,1,0,1,near,0,0,0.000386450087199283,0.9999999999770556,dde
2012,1379,1006.0,0.9201768921859979,0.8144486816140488,0.633993405347792,0.4390837211912088,0,0,2,2,0,0,0,1,0,1,near,0,0,0.0003891784253313764,0.9999999999767304,dde
2012,1379,1006.0,0.9201768921859979,0.8144486816140488,0.633993405347792,0.4390837211912088,0,0,2,2,0,0,0,1,0,1,near,0,0,0.00039669387688310177,0.999999999975823,dde
2012,1379,1006.0,0.9201768921859979,0.8144486816140488,0.633993405347792,0.42233527102827395,0,0,2,2,0,0,0,1,0,1,near,0,0,0.00040259672630880896,0.9999999999750981,dde
2012,1379,1006.0,0.9201768921859979,0.8144486816140488,0.633993405347792,0.42233527102827395,0,0,2,2,0,0,0,1,0,1,near,0,0,0.00040320130506515245,0.9999999999750233,dde
2012,1379,1006.0,0.9201768921859979,0.8144486816140488,0.633993405347792,0.42233527102827395,0,0,2,2,0,0,0,1,0,1,near,0,0,0.00040336338747989085,0.9999999999750032,dde
2012,1379,1006.0,0.9201768921859979,0.8144486816140488,0.633993405347792,0.42233527102827395,0,0,2,2,0,0,0,1,0,1,near,0,0,0.0004054390474892389,0.9999999999747453,dde
2012,1379,1006.0,0.9201768921859979,0.8110686105502389,0.633993405347792,0.42233527102827395,0,0,2,2,0,0,0,1,0,1,near,0,0,0.00040653520106920536,0.9999999999746085,dde
2012,1379,1006.0,0.9201768921859979,0.8144486816140488,0.633993405347792,0.42233527102827395,0,0,2,2,0,0,0,1,0,1,near,0,0,0.00040661441914943903,0.9999999999745987,dde
2012,1379,1006.0,0.9201768921859979,0.8144486816140488,0.633993405347792,0.42233527102827395,0,0,2,2,0,0,0,1,0,1,near,0,0,0.00040883726668264965,0.9999999999743202,dde
2012,1379,1006.0,0.9201768921859979,0.8144486816140488,0.633993405347792,0.42233527102827395,0,0,2,2,0,0,0,1,0,1,near,0,0,0.0004102452212280522,0.999999999974143,dde
2012,1379,1006.0,0.9201768921859979,0.8144486816140488,0.633993405347792,0.42233527102827395,0,0,2,2,0,0,0,1,0,1,near,0,0,0.0004111142342201857,0.9999999999740333,dde
2012,1379,1006.0,0.9201768921859979,0.8144486816140488,0.633993405347792,0.42233527102827395,0,0,2,2,0,0,0,1,0,1,near,0,0,0.00041125630338338193,0.9999999999740153,dde
2012,1379,1006.0,0.9201768921859979,0.8144486816140488,0.633993405347792,0.42233527102827395,0,0,2,2,0,0,0,1,0,1,near,0,0,0.0004122029689447065,0.9999999999738957,dde
2012,1379,1006.0,0.9201768921859979,0.8144486816140488,0.633993405347792,0.42233527102827395,0,0,2,2,0,0,0,1,0,1,near,0,0,0.000412562797089053,0.99999999997385,dde
2012,1379,1006.0,0.9201768921859979,0.8144486816140488,0.633993405347792,0.42233527102827395,0,0,2,2,0,0,0,1,0,1,near,0,0,0.0004125877432942903,0.9999999999738469,dde
2012,1379,1006.0,0.9201768921859979,0.8144486816140488,0.633993405347792,0.42233527102827395,0,0,2,2,0,0,0,1,0,1,near,0,0,0.0004134830306664004,0.9999999999737332,dde
2012,1379,1006.0,0.9201768921859979,0.8144486816140488,0.633993405347792,0.42233527102827395,0,0,2,2,0,0,0,1,0,1,near,0,0,0.0004167549500232475,0.9999999999733159,dde
2012,1379,1006.0,0.9201768921859979,0.8144486816140488,0.633993405347792,0.42233527102827395,0,0,2,2,0,0,0,1,0,1,near,0,0,0.000419455041741796,0.9999999999729691,dde
2012,1379,1006.0,0.9201768921859979,0.8144486816140488,0.633993405347792,0.42233527102827395,0,0,2,2,0,0,0,1,0,1,near,0,0,0.00042146126145491987,0.9999999999727098,dde
2012,1379,1006.0,0.9201768921859979,0.8144486816140488,0.633993405347792,0.42233527102827395,0,0,2,2,0,0,0,1,0,1,near,0,0,0.000424345941801275,0.999999999972335,dde
2012,1379,1006.0,0.9201768921859979,0.8144486816140488,0.633993405347792,0.4390837211912088,0,0,2,2,0,0,0,1,0,1,near,0,0,0.0004250191854913566,0.9999999999722471,dde
2012,1379,1006.0,0.9201768921859979,0.8144486816140488,0.633993405347792,0.4390837211912088,0,0,2,2,0,0,0,1,0,1,near,0,0,0.00042572133245514094,0.9999999999721554,dde
2012,1379,1006.0,0.9201768921859979,0.8110686105502389,0.633993405347792,0.42233527102827395,0,0,2,2,0,0,0,1,0,1,near,0,0,0.0004278854399731215,0.9999999999718715,dde
2012,1379,1006.0,0.9201768921859979,0.8144486816140488,0.633993405347792,0.42233527102827395,0,0,2,2,0,0,0,1,0,1,near,0,0,0.00042882025943340304,0.9999999999717485,dde
2012,1379,1006.0,0.9201768921859979,0.8144486816140488,0.633993405347792,0.42233527102827395,0,0,2,2,0,0,0,1,0,1,near,0,0,0.0004289520187512278,0.9999999999717312,dde
2012,1379,1006.0,0.9201768921859979,0.8144486816140488,0.633993405347792,0.42233527102827395,0,0,2,2,0,0,0,1,0,1,near,0,0,0.00043057263649592286,0.9999999999715171,dde
2012,1379,1006.0,0.9201768921859979,0.8144486816140488,0.633993405347792,0.42233527102827395,0,0,2,2,0,0,0,1,0,1,near,0,0,0.0004319834957851711,0.9999999999713302,dde
2012,1379,1006.0,0.9201768921859979,0.8144486816140488,0.633993405347792,0.4390837211912088,0,0,2,2,0,0,0,1,0,1,near,0,0,0.0004344235352086657,0.9999999999710053,dde
2012,1379,1006.0,0.9201768921859979,0.8144486816140488,0.633993405347792,0.4390837211912088,0,0,2,2,0,0,0,1,0,1,near,0,0,0.00043792133438578894,0.9999999999705366,dde
2012,1379,1006.0,0.9201768921859979,0.8144486816140488,0.633993405347792,0.42233527102827395,0,0,2,2,0,0,0,1,0,1,near,0,0,0.00043847625479166404,0.9999999999704619,dde
2012,1379,1006.0,0.9201768921859979,0.8144486816140488,0.633993405347792,0.42233527102827395,0,0,2,2,0,0,0,1,0,1,near,0,0,0.0004385986647796703,0.9999999999704453,dde
2012,1379,1006.0,0.9201768921859979,0.8144486816140488,0.633993405347792,0.42233527102827395,0,0,2,2,0,0,0,1,0,1,near,0,0,0.0004391953716796708,0.9999999999703649,dde
2012,1379,1006.0,0.9201768921859979,0.8144486816140488,0.633993405347792,0.42233527102827395,0,0,2,2,0,0,0,1,0,1,near,0,0,0.0004410338140596639,0.9999999999701162,dde
2012,1379,1006.0,0.9201768921859979,0.8144486816140488,0.633993405347792,0.42233527102827395,0,0,2,2,0,0,0,1,0,1,near,0,0,0.00044171498304333484,0.9999999999700239,dde
2012,1379,1006.0,0.9201768921859979,0.8144486816140488,0.633993405347792,0.42233527102827395,0,0,2,2,0,0,0,1,0,1,near,0,0,0.0004418096767933092,0.999999999970011,dde
1980,1604,1604.0,0.5927270990508169,0.5927270990508169,0.43493100145376107,0.43493100145376107,3,0,2,1,1,0,0,1,0,1,near,0,0,0.00044204751339049043,0.9999999999699788,dde
2012,1379,1006.0,0.9201768921859979,0.8144486816140488,0.633993405347792,0.42233527102827395,0,0,2,2,0,0,0,1,0,1,near,0,0,0.0004432455928693384,0.9999999999698158,dde
2012,1379,1006.0,0.9201768921859979,0.8144486816140488,0.633993405347792,0.42233527102827395,0,0,2,2,0,0,0,1,0,1,near,0,0,0.0004452149153710609,0.999999999969547,dde
2012,1379,1006.0,0.9201768921859979,0.8144486816140488,0.633993405347792,0.42233527102827395,0,0,2,2,0,0,0,1,0,1,near,0,0,0.0004457210390596305,0.9999999999694777,dde
2012,1379,1006.0,0.9201768921859979,0.8144486816140488,0.633993405347792,0.42233527102827395,0,0,2,2,0,0,0,1,0,1,near,0,0,0.00044629239408911696,0.9999999999693994,dde
2012,1379,1006.0,0.9201768921859979,0.8110686105502389,0.633993405347792,0.42233527102827395,0,0,2,2,0,0,0,1,0,1,near,0,0,0.0004472365613963035,0.9999999999692698,dde
1610,1604,1604.0,0.5927270990508169,0.5927270990508169,0.43493100145376107,0.43493100145376107,3,0,2,1,1,0,0,1,1,1,near,0,0,0.00044731623498581906,0.9999999999692588,dde
2012,1379,1006.0,0.9201768921859979,0.8144486816140488,0.633993405347792,0.42233527102827395,0,0,2,2,0,0,0,1,0,1,near,0,0,0.0004479130094099653,0.9999999999691768,dde
2012,1379,1006.0,0.9201768921859979,0.8144486816140488,0.633993405347792,0.42233527102827395,0,0,2,2,0,0,0,1,0,1,near,0,0,0.00044897740690917506,0.9999999999690301,dde
2012,1379,1006.0,0.9201768921859979,0.7610436880216731,0.633993405347792,0.42233527102827395,0,0,2,2,0,0,0,1,0,1,near,0,0,0.00044917290224145956,0.9999999999690031,dde
2012,1379,1006.0,0.9201768921859979,0.8144486816140488,0.633993405347792,0.42233527102827395,0,0,2,2,0,0,0,1,0,1,near,0,0,0.00044951460136505463,0.9999999999689559,dde
2012,1379,1006.0,0.9201768921859979,0.8144486816140488,0.633993405347792,0.42233527102827395,0,0,2,2,0,0,0,1,0,1,near,0,0,0.0004504359999421348,0.9999999999688285,dde
2012,1379,1006.0,0.9201768921859979,0.8144486816140488,0.633993405347792,0.42233527102827395,0,0,2,2,0,0,0,1,0,1,near,0,0,0.0004504573292811143,0.9999999999688256,dde
2012,1379,1006.0,0.9201768921859979,0.8144486816140488,0.633993405347792,0.42233527102827395,0,0,2,2,0,0,0,1,0,1,near,0,0,0.0004506895396377212,0.9999999999687934,dde
2012,1379,1006.0,0.9201768921859979,0.8144486816140488,0.633993405347792,0.4390837211912088,0,0,2,2,0,0,0,1,0,1,near,0,0,0.0004512301261020321,0.9999999999687186,dde
2012,1379,1006.0,0.9201768921859979,0.8144486816140488,0.633993405347792,0.42233527102827395,0,0,2,2,0,0,0,1,0,1,near,0,0,0.00045187827144859164,0.9999999999686287,dde
1875,1875,1265.3333333333333,1.5966361217423324,0.9873359196861532,0.36317599356279107,0.30275978549567567,0,0,3,3,0,0,0,1,0,0,super,1,0,0.0001429957803030197,0.9999999999968585,dde
1875,1875,1265.3333333333333,1.5966361217423324,0.9873359196861532,0.36317599356279107,0.30275978549567567,0,0,3,3,0,0,0,1,0,0,super,1,0,0.00014486563350788422,0.9999999999967758,dde
1875,1875,1265.3333333333333,1.5966361217423324,0.9873359196861532,0.36317599356279107,0.30275978549567567,0,0,3,3,0,0,0,1,0,0,super,1,0,0.0001473153764918448,0.9999999999966659,dde
1875,1875,1265.3333333333333,1.5966361217423324,0.9873359196861532,0.36317599356279107,0.30275978549567567,0,0,3,3,0,0,0,1,0,0,super,1,0,0.0001496330148407455,0.9999999999965601,dde
1875,1875,1265.3333333333333,1.5966361217423324,0.9873359196861532,0.36317599356279107,0.30275978549567567,0,0,3,3,0,0,0,1,0,0,super,1,0,0.0001568643262963739,0.9999999999962196,dde
1875,1875,1265.3333333333333,1.5966361217423324,0.9873359196861532,0.36317599356279107,0.30275978549567567,0,0,3,3,0,0,0,1,0,0,super,1,0,0.00015948141417316479,0.9999999999960923,dde
1875,1875,1265.3333333333333,1.5966361217423324,0.9873359196861532,0.36317599356279107,0.30275978549567567,0,0,3,3,0,0,0,1,0,0,super,1,0,0.00015954970558040244,0.999999999996089,dde
1875,1875,1265.3333333333333,1.5966361217423324,0.9873359196861532,0.36317599356279107,0.30275978549567567,0,0,3,3,0,0,0,1,0,0,super,1,0,0.00015995030560858636,0.9999999999960694,dde
1875,1875,1265.3333333333333,1.5966361217423324,0.9873359196861532,0.36317599356279107,0.30275978549567567,0,0,3,3,0,0,0,1,0,0,super,1,0,0.00016187656803396105,0.9999999999959741,dde
1875,1875,1265.3333333333333,1.5966361217423324,0.9873359196861532,0.3451033629242359,0.2914083465212194,0,0,3,3,0,0,0,1,0,0,super,1,0,0.00016242706788467277,0.9999999999959467,dde
1875,1875,1265.3333333333333,1.5966361217423324,0.9873359196861532,0.36317599356279107,0.30275978549567567,0,0,3,3,0,0,0,1,0,0,super,1,0,0.00016318458805178663,0.9999999999959088,dde
1875,1875,1265.3333333333333,1.5966361217423324,0.9873359196861532,0.36317599356279107,0.30275978549567567,0,0,3,3,0,0,0,1,0,0,super,1,0,0.0001659202173730759,0.9999999999957705,dde
1875,1875,1265.3333333333333,1.5966361217423324,0.9873359196861532,0.36317599356279107,0.30275978549567567,0,0,3,3,0,0,0,1,0,0,super,1,0,0.00016672844624575025,0.9999999999957292,dde
1875,1875,1265.3333333333333,1.5966361217423324,0.9873359196861532,0.36317599356279107,0.30275978549567567,0,0,3,3,0,0,0,1,0,0,super,1,0,0.0001673105576154836,0.9999999999956993,dde
1875,1875,1265.3333333333333,1.5966361217423324,0.9873359196861532,0.36317599356279107,0.30275978549567567,0,0,3,3,0,0,0,1,0,0,super,1,0,0.00016818198316761372,0.9999999999956544,dde
1875,1875,1265.3333333333333,1.5966361217423324,0.9873359196861532,0.36317599356279107,0.30275978549567567,0,0,3,3,0,0,0,1,0,0,super,1,0,0.00016820137647965757,0.9999999999956534,dde
1875,1875,1265.3333333333333,1.5966361217423324,0.9873359196861532,0.36317599356279107,0.30275978549567567,0,0,3,3,0,0,0,1,0,0,super,1,0,0.00016918857085327128,0.9999999999956022,dde
1875,1875,1265.3333333333333,1.5966361217423324,0.9873359196861532,0.36317599356279107,0.30275978549567567,0,0,3,3,0,0,0,1,0,0,super,1,0,0.00016980451525011733,0.9999999999955701,dde
1875,1875,1265.3333333333333,1.5966361217423324,0.9873359196861532,0.36317599356279107,0.30275978549567567,0,0,3,3,0,0,0,1,0,0,super,1,0,0.000170241182315672,0.9999999999955473,dde
1875,1875,1265.3333333333333,1.5966361217423324,0.9873359196861532,0.36317599356279107,0.30275978549567567,0,0,3,3,0,0,0,1,0,0,super,1,0,0.00017206259932084198,0.9999999999954515,dde
1875,1875,1265.3333333333333,1.5966361217423324,0.9873359196861532,0.36317599356279107,0.30275978549567567,0,0,3,3,0,0,0,1,0,0,super,1,0,0.000172286824993285,0.9999999999954396,dde
1875,1875,1265.3333333333333,1.5966361217423324,0.9873359196861532,0.36317599356279107,0.30275978549567567,0,0,3,3,0,0,0,1,0,0,super,1,0,0.00017244199601551793,0.9999999999954314,dde
1875,1875,1265.3333333333333,1.5966361217423324,0.9873359196861532,0.36317599356279107,0.30275978549567567,0,0,3,3,0,0,0,1,0,0,super,1,0,0.00017306148600625742,0.9999999999953986,dde
1875,1875,1265.3333333333333,1.5966361217423324,0.9873359196861532,0.36317599356279107,0.30275978549567567,0,0,3,3,0,0,0,1,0,0,super,1,0,0.00017421586761860806,0.999999999995337,dde
1875,1875,1265.3333333333333,1.5966361217423324,0.9873359196861532,0.36317599356279107,0.30275978549567567,0,0,3,3,0,0,0,1,0,0,super,1,0,0.00017452709929128535,0.9999999999953203,dde
1875,1875,1265.3333333333333,1.5966361217423324,0.9873359196861532,0.36317599356279107,0.30275978549567567,0,0,3,3,0,0,0,1,0,0,super,1,0,0.00017471471479633472,0.9999999999953102,dde
1875,1875,1265.3333333333333,1.5966361217423324,0.9873359196861532,0.36317599356279107,0.30275978549567567,0,0,3,3,0,0,0,1,0,0,super,1,0,0.00017477074476037821,0.9999999999953072,dde
1875,1875,1265.3333333333333,1.5966361217423324,0.9873359196861532,0.36317599356279107,0.30275978549567567,0,0,3,3,0,0,0,1,0,0,super,1,0,0.00017592655488988003,0.9999999999952449,dde
1875,1875,1265.3333333333333,1.5966361217423324,0.9873359196861532,0.36317599356279107,0.30275978549567567,0,0,3,3,0,0,0,1,0,0,super,1,0,0.00017604637065956992,0.9999999999952385,dde
1875,1875,1265.3333333333333,1.5966361217423324,0.9873359196861532,0.36317599356279107,0.30275978549567567,0,0,3,3,0,0,0,1,0,0,super,1,0,0.0001760748592742544,0.9999999999952369,dde
1875,1875,1265.3333333333333,1.5966361217423324,0.9873359196861532,0.36317599356279107,0.30275978549567567,0,0,3,3,0,0,0,1,0,0,super,1,0,0.00017704892034538724,0.9999999999951841,dde
1875,1875,1265.3333333333333,1.5966361217423324,0.9873359196861532,0.36317599356279107,0.30275978549567567,0,0,3,3,0,0,0,1,0,0,super,1,0,0.00017780099188835713,0.9999999999951431,dde
1875,1875,1265.3333333333333,1.5966361217423324,0.9873359196861532,0.36317599356279107,0.30275978549567567,0,0,3,3,0,0,0,1,0,0,super,1,0,0.00017965718177975095,0.9999999999950412,dde
1875,1875,1265.3333333333333,1.5966361217423324,0.9873359196861532,0.36317599356279107,0.30275978549567567,0,0,3,3,0,0,0,1,0,0,super,1,0,0.00018063165127033332,0.9999999999949872,dde
1875,1875,1265.3333333333333,1.5966361217423324,0.9873359196861532,0.36317599356279107,0.30275978549567567,0,0,3,3,0,0,0,1,0,0,super,1,0,0.00018080667608868492,0.9999999999949775,dde
1875,1875,1265.3333333333333,1.5966361217423324,0.9873359196861532,0.36317599356279107,0.30275978549567567,0,0,3,3,0,0,0,1,0,0,super,1,0,0.00018144026065782415,0.9999999999949423,dde
1875,1875,1265.3333333333333,1.5966361217423324,0.9873359196861532,0.36317599356279107,0.30275978549567567,0,0,3,3,0,0,0,1,0,0,super,1,0,0.00018306199813257118,0.9999999999948515,dde
1875,1875,1265.3333333333333,1.5966361217423324,0.9873359196861532,0.36317599356279107,0.30275978549567567,0,0,3,3,0,0,0,1,0,0,super,1,0,0.0001834153776439437,0.9999999999948316,dde
1875,1875,1265.3333333333333,1.5966361217423324,0.9873359196861532,0.36317599356279107,0.30275978549567567,0,0,3,3,0,0,0,1,0,0,super,1,0,0.00018362792794038546,0.9999999999948196,dde
1875,1875,1265.3333333333333,1.5966361217423324,0.9873359196861532,0.8931467520181384,0.4794167049807914,0,0,3,3,0,0,0,1,0,0,super,1,0,0.0001847663401418917,0.9999999999947551,dde
1875,1875,1265.3333333333333,1.5966361217423324,0.9873359196861532,0.36317599356279107,0.30275978549567567,0,0,3,3,0,0,0,1,0,0,super,1,0,0.00018720019992239876,0.999999999994616,dde
1875,1875,1265.3333333333333,1.5966361217423324,0.9873359196861532,0.36317599356279107,0.30275978549567567,0,0,3,3,0,0,0,1,0,0,super,1,0,0.00018940163944756734,0.9999999999944886,dde
1875,1875,1265.3333333333333,1.5966361217423324,0.9873359196861532,0.36317599356279107,0.30275978549567567,0,0,3,3,0,0,0,1,0,0,super,1,0,0.00018967889830942322,0.9999999999944725,dde
1875,1875,1265.3333333333333,1.5966361217423324,0.9873359196861532,0.36317599356279107,0.30275978549567567,0,0,3,3,0,0,0,1,0,0,super,1,0,0.00018978507941777418,0.9999999999944663,dde
1875,1875,1265.3333333333333,1.5966361217423324,0.9873359196861532,0.36317599356279107,0.30275978549567567,0,0,3,3,0,0,0,1,0,0,super,1,0,0.00019067215229625503,0.9999999999944145,dde
1875,1875,1265.3333333333333,1.5966361217423324,0.9873359196861532,0.36317599356279107,0.30275978549567567,0,0,3,3,0,0,0,1,0,0,super,1,0,0.00019275307907433092,0.9999999999942919,dde
1875,1875,1265.3333333333333,1.5966361217423324,0.9873359196861532,0.36317599356279107,0.30275978549567567,0,0,3,3,0,0,0,1,0,0,super,1,0,0.00019287357628451155,0.9999999999942847,dde
1875,1875,1265.3333333333333,1.5966361217423324,0.9873359196861532,0.3451033629242359,0.2914083465212194,0,0,3,3,0,0,0,1,0,0,super,1,0,0.0001936339498302329,0.9999999999942396,dde
1875,1875,1265.3333333333333,1.5966361217423324,0.9873359196861532,0.3451033629242359,0.2914083465212194,0,0,3,3,0,0,0,1,0,0,super,1,0,0.00019368139018810954,0.9999999999942367,dde
1875,1875,1265.3333333333333,1.5966361217423324,0.9873359196861532,0.36317599356279107,0.30275978549567567,0,0,3,3,0,0,0,1,0,0,super,1,0,0.0001941146580112617,0.999999999994211,dde
1875,1875,1265.3333333333333,1.5966361217423324,0.9873359196861532,0.36317599356279107,0.30275978549567567,0,0,3,3,0,0,0,1,0,0,super,1,0,0.00019526946796952042,0.9999999999941419,dde
1875,1875,1265.3333333333333,1.5966361217423324,0.9873359196861532,0.36317599356279107,0.30275978549567567,0,0,3,3,0,0,0,1,0,0,super,1,0,0.00019622669854552316,0.9999999999940843,dde
1875,1875,1265.3333333333333,1.5966361217423324,0.9873359196861532,0.36317599356279107,0.30275978549567567,0,0,3,3,0,0,0,1,0,0,super,1,0,0.00019634766237231255,0.999999999994077,dde
1875,1875,1265.3333333333333,1.5966361217423324,0.9873359196861532,0.36317599356279107,0.30275978549567567,0,0,3,3,0,0,0,1,0,0,super,1,0,0.0001971113807544255,0.9999999999940308,dde
1875,1875,1265.3333333333333,1.5966361217423324,0.9873359196861532,0.36317599356279107,0.30275978549567567,0,0,3,3,0,0,0,1,0,0,super,1,0,0.00019760071074437547,0.9999999999940011,dde
1875,1875,1265.3333333333333,1.5966361217423324,0.9873359196861532,0.36317599356279107,0.30275978549567567,0,0,3,3,0,0,0,1,0,0,super,1,0,0.00019823215630294507,0.9999999999939627,dde
1875,1875,1265.3333333333333,1.5966361217423324,0.9873359196861532,0.36317599356279107,0.30275978549567567,0,0,3,3,0,0,0,1,0,0,super,1,0,0.00019827432538100861,0.9999999999939602,dde
1875,1875,1265.3333333333333,1.5966361217423324,0.9873359196861532,0.3451033629242359,0.2914083465212194,0,0,3,3,0,0,0,1,0,0,super,1,0,0.00019869940181128354,0.9999999999939343,dde
1875,1875,1265.3333333333333,1.5966361217423324,0.9873359196861532,0.36317599356279107,0.30275978549567567,0,0,3,3,0,0,0,1,0,0,super,1,0,0.00019922458341608138,0.9999999999939021,dde
1875,1875,1265.3333333333333,1.5966361217423324,0.9873359196861532,0.36317599356279107,0.30275978549567567,0,0,3,3,0,0,0,1,0,0,super,1,0,0.0001998393486181545,0.9999999999938645,dde
1875,1875,1265.3333333333333,1.5966361217423324,0.9873359196861532,0.36317599356279107,0.30275978549567567,0,0,3,3,0,0,0,1,0,0,super,1,0,0.00020016322358993875,0.9999999999938446,dde
1875,1875,1265.3333333333333,1.5966361217423324,0.9873359196861532,0.36317599356279107,0.30275978549567567,0,0,3,3,0,0,0,1,0,0,super,1,0,0.0002003914200422474,0.9999999999938305,dde
1875,1875,1265.3333333333333,1.5966361217423324,0.9873359196861532,0.36317599356279107,0.30275978549567567,0,0,3,3,0,0,0,1,0,0,super,1,0,0.00020057983560863412,0.9999999999938189,dde
1875,1875,1265.3333333333333,1.5966361217423324,0.9873359196861532,0.36317599356279107,0.30275978549567567,0,0,3,3,0,0,0,1,0,0,super,1,0,0.00020059568242111362,0.999999999993818,dde
1875,1875,1265.3333333333333,1.5966361217423324,0.9873359196861532,0.36317599356279107,0.30275978549567567,0,0,3,3,0,0,0,1,0,0,super,1,0,0.00020069096732850588,0.9999999999938121,dde
1875,1875,1265.3333333333333,1.5966361217423324,0.9873359196861532,0.36317599356279107,0.30275978549567567,0,0,3,3,0,0,0,1,0,0,super,1,0,0.00020071471451582013,0.9999999999938106,dde
1875,1875,1265.3333333333333,1.5966361217423324,0.9873359196861532,0.36317599356279107,0.30275978549567567,0,0,3,3,0,0,0,1,0,0,super,1,0,0.00020105043536677823,0.9999999999937899,dde
1875,1875,1265.3333333333333,1.5966361217423324,0.9873359196861532,0.36317599356279107,0.30275978549567567,0,0,3,3,0,0,0,1,0,0,super,1,0,0.00020275913359711178,0.9999999999936838,dde
1875,1875,1265.3333333333333,1.5966361217423324,0.9873359196861532,0.36317599356279107,0.30275978549567567,0,0,3,3,0,0,0,1,0,0,super,1,0,0.0002034553977430805,0.9999999999936404,dde
1875,1875,1265.3333333333333,1.5966361217423324,0.9873359196861532,0.36317599356279107,0.30275978549567567,0,0,3,3,0,0,0,1,0,0,super,1,0,0.00020366847475783578,0.9999999999936271,dde
1875,1875,1265.3333333333333,1.5966361217423324,0.9873359196861532,0.36317599356279107,0.30275978549567567,0,0,3,3,0,0,0,1,0,0,super,1,0,0.00020447782872899867,0.9999999999935764,dde
1875,1875,1265.3333333333333,1.5966361217423324,0.9873359196861532,0.36317599356279107,0.30275978549567567,0,0,3,3,0,0,0,1,0,0,super,1,0,0.0002047976341458412,0.9999999999935563,dde
1875,1875,1265.3333333333333,1.5966361217423324,0.9873359196861532,0.36317599356279107,0.30275978549567567,0,0,3,3,0,0,0,1,0,0,super,1,0,0.000206718932240051,0.9999999999934347,dde
1875,1875,1265.3333333333333,1.5966361217423324,0.9873359196861532,0.36317599356279107,0.30275978549567567,0,0,3,3,0,0,0,1,0,0,super,1,0,0.00020765972152625312,0.9999999999933749,dde
1875,1875,1265.3333333333333,1.5966361217423324,0.9873359196861532,0.36317599356279107,0.30275978549567567,0,0,3,3,0,0,0,1,0,0,super,1,0,0.0002076627793384149,0.9999999999933746,dde
1875,1875,1265.3333333333333,1.5966361217423324,0.9873359196861532,0.36317599356279107,0.30275978549567567,0,0,3,3,0,0,0,1,0,0,super,1,0,0.0002082625498807916,0.9999999999933363,dde
1875,1875,1265.3333333333333,1.5966361217423324,0.9873359196861532,0.36317599356279107,0.30275978549567567,0,0,3,3,0,0,0,1,0,0,super,1,0,0.00020973907945581375,0.9999999999932415,dde
1875,1875,1265.3333333333333,1.5966361217423324,0.9873359196861532,0.36317599356279107,0.30275978549567567,0,0,3,3,0,0,0,1,0,0,super,1,0,0.00021113596029888914,0.9999999999931511,dde
1875,1875,1265.3333333333333,1.5966361217423324,0.9873359196861532,0.36317599356279107,0.30275978549567567,0,0,3,3,0,0,0,1,0,0,super,1,0,0.0002118523283114284,0.9999999999931046,dde
1875,1875,1265.3333333333333,1.5966361217423324,0.9873359196861532,0.3451033629242359,0.2914083465212194,0,0,3,3,0,0,0,1,0,0,super,1,0,0.00021187621936085373,0.9999999999931031,dde
1875,1875,1265.3333333333333,1.5966361217423324,0.9873359196861532,0.36317599356279107,0.30275978549567567,0,0,3,3,0,0,0,1,0,0,super,1,0,0.00021218044739972517,0.9999999999930832,dde
1875,1875,1265.3333333333333,1.5966361217423324,0.9873359196861532,0.36317599356279107,0.30275978549567567,0,0,3,3,0,0,0,1,0,0,super,1,0,0.00021226536804880216,0.9999999999930778,dde
1875,1875,1265.3333333333333,1.5966361217423324,0.9873359196861532,0.36317599356279107,0.30275978549567567,0,0,3,3,0,0,0,1,0,0,super,1,0,0.00021285820161371424,0.999999999993039,dde
1875,1875,1265.3333333333333,1.5966361217423324,0.9873359196861532,0.36317599356279107,0.30275978549567567,0,0,3,3,0,0,0,1,0,0,super,1,0,0.00021289684389661913,0.9999999999930365,dde
1875,1875,1265.3333333333333,1.5966361217423324,0.9873359196861532,0.36317599356279107,0.30275978549567567,0,0,3,3,0,0,0,1,0,0,super,1,0,0.00021324031756806826,0.999999999993014,dde
1875,1875,1265.3333333333333,1.5966361217423324,0.9873359196861532,0.36317599356279107,0.30275978549567567,0,0,3,3,0,0,0,1,0,0,super,1,0,0.0002133428478916862,0.9999999999930073,dde
1875,1875,1265.3333333333333,1.5966361217423324,0.9873359196861532,0.36317599356279107,0.30275978549567567,0,0,3,3,0,0,0,1,0,0,super,1,0,0.0002147318343281361,0.9999999999929159,dde
1875,1875,1265.3333333333333,1.5966361217423324,0.9873359196861532,0.36317599356279107,0.30275978549567567,0,0,3,3,0,0,0,1,0,0,super,1,0,0.00021518645243356755,0.9999999999928859,dde
1875,1875,1265.3333333333333,1.5966361217423324,0.9873359196861532,0.36317599356279107,0.30275978549567567,0,0,3,3,0,0,0,1,0,0,super,1,0,0.00021520773690520578,0.9999999999928845,dde
1875,1875,1265.3333333333333,1.5966361217423324,0.9873359196861532,0.36317599356279107,0.30275978549567567,0,0,3,3,0,0,0,1,0,0,super,1,0,0.0002158485607218024,0.9999999999928421,dde
1875,1875,1265.3333333333333,1.5966361217423324,0.9873359196861532,0.36317599356279107,0.30275978549567567,0,0,3,3,0,0,0,1,0,0,super,1,0,0.00021602729624221856,0.9999999999928302,dde
1875,1875,1265.3333333333333,1.5966361217423324,0.9873359196861532,0.36317599356279107,0.30275978549567567,0,0,3,3,0,0,0,1,0,0,super,1,0,0.00021712764267767113,0.9999999999927569,dde
1875,1875,1280.3333333333333,1.5966361217423324,0.9873359196861532,0.36317599356279107,0.30275978549567567,0,0,3,3,0,0,0,1,0,0,super,1,0,0.00021754324524256551,0.9999999999927291,dde
1875,1875,1265.3333333333333,1.5966361217423324,0.9873359196861532,0.36317599356279107,0.30275978549567567,0,0,3,3,0,0,0,1,0,0,super,1,0,0.00021780488840843492,0.9999999999927117,dde
1875,1875,1265.3333333333333,1.5966361217423324,0.9873359196861532,0.36317599356279107,0.30275978549567567,0,0,3,3,0,0,0,1,0,0,super,1,0,0.00021826033697637322,0.9999999999926812,dde
1875,1875,1265.3333333333333,1.5966361217423324,0.9873359196861532,0.36317599356279107,0.30275978549567567,0,0,3,3,0,0,0,1,0,0,super,1,0,0.00021840673737560636,0.9999999999926714,dde
1875,1875,1265.3333333333333,1.5966361217423324,0.9873359196861532,0.36317599356279107,0.30275978549567567,0,0,3,3,0,0,0,1,0,0,super,1,0,0.00021903167353784446,0.9999999999926293,dde
1875,1875,1265.3333333333333,1.5966361217423324,0.9873359196861532,0.36317599356279107,0.30275978549567567,0,0,3,3,0,0,0,1,0,0,super,1,0,0.00021922107067051387,0.9999999999926166,dde
1875,1875,1265.3333333333333,1.5966361217423324,0.9873359196861532,0.36317599356279107,0.30275978549567567,0,0,3,3,0,0,0,1,0,0,super,1,0,0.00021988502173825338,0.9999999999925718,dde
1875,1875,1265.3333333333333,1.5966361217423324,0.9873359196861532,0.36317599356279107,0.30275978549567567,0,0,3,3,0,0,0,1,0,0,super,1,0,0.0002213452646236989,0.9999999999924728,dde
1577,1061,1061.0,2.0,2.0,1.0,1.0,5,0,3,1,1,0,0,0,0,0,super,1,1,4.1368687642793206e-05,0.9999999999997371,dde
1577,1061,1061.0,2.0,2.0,1.0,1.0,5,0,3,1,1,0,0,0,0,0,super,1,1,4.175211609882917e-05,0.9999999999997322,dde
1577,1061,1061.0,2.0,2.0,1.0,1.0,5,0,3,1,1,0,0,0,0,0,super,1,1,4.2858904663818916e-05,0.9999999999997178,dde
1577,1061,1061.0,2.0,2.0,1.0,1.0,5,0,3,1,1,0,0,0,0,0,super,1,1,4.723067659285739e-05,0.9999999999996573,dde
1577,1061,1061.0,2.0,2.0,1.0,1.0,5,0,3,1,1,0,0,0,0,0,super,1,1,4.725363716697814e-05,0.9999999999996569,dde
1577,1061,1061.0,2.0,2.0,1.0,1.0,5,0,3,1,1,0,0,0,0,0,super,1,1,4.774459359139074e-05,0.9999999999996498,dde
1577,1061,1061.0,2.0,2.0,1.0,1.0,5,0,3,1,1,0,0,0,0,0,super,1,1,4.85930523322398e-05,0.9999999999996372,dde
1577,1061,1061.0,2.0,2.0,1.0,1.0,5,0,3,1,1,0,0,0,0,0,super,1,1,5.290958006225201e-05,0.9999999999995699,dde
1577,1061,1061.0,2.0,2.0,1.0,1.0,5,0,3,1,1,0,0,0,0,0,super,1,1,5.411455435892708e-05,0.9999999999995501,dde
1577,1061,1061.0,2.0,2.0,1.0,1.0,5,0,3,1,1,0,0,0,0,0,super,1,1,5.5103337937390776e-05,0.9999999999995335,dde
1577,1061,1061.0,2.0,2.0,1.0,1.0,5,0,3,1,1,0,0,0,0,0,super,1,1,5.58150393526576e-05,0.9999999999995214,dde
1577,1061,1061.0,2.0,2.0,1.0,1.0,5,0,3,1,1,0,0,0,0,0,super,1,1,5.631338235661122e-05,0.9999999999995128,dde
1577,1061,1061.0,2.0,2.0,1.0,1.0,5,0,3,1,1,0,0,0,0,0,super,1,1,5.8076457968212084e-05,0.9999999999994819,dde
1577,1061,1061.0,2.0,2.0,1.0,1.0,5,0,3,1,1,0,0,0,0,0,super,1,1,5.8222349573154595e-05,0.9999999999994792,dde
1577,1061,1061.0,2.0,2.0,1.0,1.0,5,0,3,1,1,0,0,0,0,0,super,1,1,5.894015304469697e-05,0.9999999999994663,dde
1577,1061,1061.0,2.0,2.0,1.0,1.0,5,0,3,1,1,0,0,0,0,0,super,1,1,5.902265730404901e-05,0.9999999999994648,dde
1577,1061,1061.0,2.0,2.0,1.0,1.0,5,0,3,1,1,0,0,0,0,0,super,1,1,5.9305222303036e-05,0.9999999999994597,dde
1577,1061,1061.0,2.0,2.0,1.0,1.0,5,0,3,1,1,0,0,0,0,0,super,1,1,5.930982146160263e-05,0.9999999999994595,dde
1577,1061,1061.0,2.0,2.0,1.0,1.0,5,0,3,1,1,0,0,0,0,0,super,1,1,5.945063001389774e-05,0.999999999999457,dde
1577,1061,1061.0,2.0,2.0,1.0,1.0,5,0,3,1,1,0,0,0,0,0,super,1,1,5.998391437710337e-05,0.9999999999994472,dde
1577,1061,1061.0,2.0,2.0,1.0,1.0,5,0,3,1,1,0,0,0,0,0,super,1,1,6.0015636090790053e-05,0.9999999999994467,dde
1577,1061,1061.0,2.0,2.0,1.0,1.0,5,0,3,1,1,0,0,0,0,0,super,1,1,6.006911714457664e-05,0.9999999999994457,dde
1577,1061,1061.0,2.0,2.0,1.0,1.0,5,0,3,1,1,0,0,0,0,0,super,1,1,6.0196767391572045e-05,0.9999999999994433,dde
1577,1061,1061.0,2.0,2.0,1.0,1.0,5,0,3,1,1,0,0,0,0,0,super,1,1,6.108019410629242e-05,0.9999999999994268,dde
1577,1061,1061.0,2.0,2.0,1.0,1.0,5,0,3,1,1,0,0,0,0,0,super,1,1,6.168293357864645e-05,0.9999999999994155,dde
1577,1061,1061.0,2.0,2.0,1.0,1.0,5,0,3,1,1,0,0,0,0,0,super,1,1,6.260117939512104e-05,0.9999999999993979,dde
1577,1061,1061.0,2.0,2.0,1.0,1.0,5,0,3,1,1,0,0,0,0,0,super,1,1,6.368822805269846e-05,0.9999999999993768,dde
1577,1061,1061.0,2.0,2.0,1.0,1.0,5,0,3,1,1,0,0,0,0,0,super,1,1,6.386558422111234e-05,0.9999999999993734,dde
1577,1061,1061.0,2.0,2.0,1.0,1.0,5,0,3,1,1,0,0,0,0,0,super,1,1,6.530426502001739e-05,0.9999999999993447,dde
1577,1061,1061.0,2.0,2.0,1.0,1.0,5,0,3,1,1,0,0,0,0,0,super,1,1,6.621069366031718e-05,0.9999999999993265,dde
1577,1061,1061.0,2.0,2.0,1.0,1.0,5,0,3,1,1,0,0,0,0,0,super,1,1,6.980349796656477e-05,0.9999999999992514,dde
1577,1061,1061.0,2.0,2.0,1.0,1.0,5,0,3,1,1,0,0,0,0,0,super,1,1,6.987051480029036e-05,0.9999999999992499,dde
1577,1061,1061.0,2.0,2.0,1.0,1.0,5,0,3,1,1,0,0,0,0,0,super,1,1,7.004442579674629e-05,0.9999999999992463,dde
1577,1061,1061.0,2.0,2.0,1.0,1.0,5,0,3,1,1,0,0,0,0,0,super,1,1,7.098854578068614e-05,0.9999999999992257,dde
1577,1061,1061.0,2.0,2.0,1.0,1.0,5,0,3,1,1,0,0,0,0,0,super,1,1,7.114045347832161e-05,0.9999999999992225,dde
1577,1061,1061.0,2.0,2.0,1.0,1.0,5,0,3,1,1,0,0,0,0,0,super,1,1,7.122655835156621e-05,0.9999999999992206,dde
1577,1061,1061.0,2.0,2.0,1.0,1.0,5,0,3,1,1,0,0,0,0,0,super,1,1,7.173950863943648e-05,0.9999999999992093,dde
1577,1061,1061.0,2.0,2.0,1.0,1.0,5,0,3,1,1,0,0,0,0,0,super,1,1,7.214934554055417e-05,0.9999999999992002,dde
1577,1061,1061.0,2.0,2.0,1.0,1.0,5,0,3,1,1,0,0,0,0,0,super,1,1,7.292876156006077e-05,0.9999999999991829,dde
1577,1061,1061.0,2.0,2.0,1.0,1.0,5,0,3,1,1,0,0,0,0,0,super,1,1,7.365958510430136e-05,0.9999999999991664,dde
1577,1061,1061.0,2.0,2.0,1.0,1.0,5,0,3,1,1,0,0,0,0,0,super,1,1,7.447838748438224e-05,0.9999999999991478,dde
1577,1061,1061.0,2.0,2.0,1.0,1.0,5,0,3,1,1,0,0,0,0,0,super,1,1,7.479599054016177e-05,0.9999999999991405,dde
1577,1061,1061.0,2.0,2.0,1.0,1.0,5,0,3,1,1,0,0,0,0,0,super,1,1,7.506914702442555e-05,0.9999999999991342,dde
1577,1061,1061.0,2.0,2.0,1.0,1.0,5,0,3,1,1,0,0,0,0,0,super,1,1,7.597604858656142e-05,0.9999999999991132,dde
1577,1061,1061.0,2.0,2.0,1.0,1.0,5,0,3,1,1,0,0,0,0,0,super,1,1,7.606690170951486e-05,0.999999999999111,dde
1577,1061,1061.0,2.0,2.0,1.0,1.0,5,0,3,1,1,0,0,0,0,0,super,1,1,7.635803354205202e-05,0.9999999999991043,dde
1577,1061,1061.0,2.0,2.0,1.0,1.0,5,0,3,1,1,0,0,0,0,0,super,1,1,7.63605899545833e-05,0.9999999999991042,dde
1577,1061,1061.0,2.0,2.0,1.0,1.0,5,0,3,1,1,0,0,0,0,0,super,1,1,7.688716202873221e-05,0.9999999999990917,dde
1577,1061,1061.0,2.0,2.0,1.0,1.0,5,0,3,1,1,0,0,0,0,0,super,1,1,7.837855126498639e-05,0.9999999999990562,dde
1577,1061,1061.0,2.0,2.0,1.0,1.0,5,0,3,1,1,0,0,0,0,0,super,1,1,8.013260271494232e-05,0.9999999999990135,dde
1577,1061,1061.0,2.0,2.0,1.0,1.0,5,0,3,1,1,0,0,0,0,0,super,1,1,8.049505487775125e-05,0.9999999999990046,dde
1577,1061,1061.0,2.0,2.0,1.0,1.0,5,0,3,1,1,0,0,0,0,0,super,1,1,8.096932928392617e-05,0.9999999999989928,dde
1577,1061,1061.0,2.0,2.0,1.0,1.0,5,0,3,1,1,0,0,0,0,0,super,1,1,8.176704194298074e-05,0.9999999999989728,dde
1577,1061,1061.0,2.0,2.0,1.0,1.0,5,0,3,1,1,0,0,0,0,0,super,1,1,8.180183161627575e-05,0.9999999999989719,dde
1577,1061,1061.0,2.0,2.0,1.0,1.0,5,0,3,1,1,0,0,0,0,0,super,1,1,8.266204150633758e-05,0.9999999999989502,dde
1577,1061,1061.0,2.0,2.0,1.0,1.0,5,0,3,1,1,0,0,0,0,0,super,1,1,8.269260384526903e-05,0.9999999999989494,dde
1577,1061,1061.0,2.0,2.0,1.0,1.0,5,0,3,1,1,0,0,0,0,0,super,1,1,8.354402768227036e-05,0.9999999999989276,dde
1577,1061,1061.0,2.0,2.0,1.0,1.0,5,0,3,1,1,0,0,0,0,0,super,1,1,8.41224506112325e-05,0.9999999999989128,dde
1577,1061,1061.0,2.0,2.0,1.0,1.0,5,0,3,1,1,0,0,0,0,0,super,1,1,8.4866799178336e-05,0.9999999999988934,dde
1577,1061,1061.0,2.0,2.0,1.0,1.0,5,0,3,1,1,0,0,0,0,0,super,1,1,8.561815150893352e-05,0.9999999999988738,dde
1577,1061,1061.0,2.0,2.0,1.0,1.0,5,0,3,1,1,0,0,0,0,0,super,1,1,8.63921135203658e-05,0.9999999999988534,dde
1577,1061,1061.0,2.0,2.0,1.0,1.0,5,0,3,1,1,0,0,0,0,0,super,1,1,8.693003346234468e-05,0.999999999998839,dde
1577,1061,1061.0,2.0,2.0,1.0,1.0,5,0,3,1,1,0,0,0,0,0,super,1,1,8.733885445270315e-05,0.999999999998828,dde
1577,1061,1061.0,2.0,2.0,1.0,1.0,5,0,3,1,1,0,0,0,0,0,super,1,1,8.759200020842702e-05,0.9999999999988213,dde
1577,1061,1061.0,2.0,2.0,1.0,1.0,5,0,3,1,1,0,0,0,0,0,super,1,1,8.809212187082662e-05,0.9999999999988077,dde
1577,1061,1061.0,2.0,2.0,1.0,1.0,5,0,3,1,1,0,0,0,0,0,super,1,1,8.843113898278444e-05,0.9999999999987985,dde
1577,1061,1061.0,2.0,2.0,1.0,1.0,5,0,3,1,1,0,0,0,0,0,super,1,1,8.889596372015486e-05,0.9999999999987859,dde
1577,1061,1061.0,2.0,2.0,1.0,1.0,5,0,3,1,1,0,0,0,0,0,super,1,1,8.890534382005099e-05,0.9999999999987856,dde
1577,1061,1061.0,2.0,2.0,1.0,1.0,5,0,3,1,1,0,0,0,0,0,super,1,1,9.010527380280766e-05,0.9999999999987527,dde
1577,1061,1061.0,2.0,2.0,1.0,1.0,5,0,3,1,1,0,0,0,0,0,super,1,1,9.064923316013746e-05,0.9999999999987376,dde
1577,1061,1061.0,2.0,2.0,1.0,1.0,5,0,3,1,1,0,0,0,0,0,super,1,1,9.070049473244179e-05,0.9999999999987361,dde
1577,1061,1061.0,2.0,2.0,1.0,1.0,5,0,3,1,1,0,0,0,0,0,super,1,1,9.09169799196946e-05,0.99999999999873,dde
1577,1061,1061.0,2.0,2.0,1.0,1.0,5,0,3,1,1,0,0,0,0,0,super,1,1,9.093885090455008e-05,0.9999999999987295,dde
1577,1061,1061.0,2.0,2.0,1.0,1.0,5,0,3,1,1,0,0,0,0,0,super,1,1,9.102791860859808e-05,0.999999999998727,dde
1577,1061,1061.0,2.0,2.0,1.0,1.0,5,0,3,1,1,0,0,0,0,0,super,1,1,9.10784290429386e-05,0.9999999999987256,dde
1577,1061,1061.0,2.0,2.0,1.0,1.0,5,0,3,1,1,0,0,0,0,0,super,1,1,9.126792016246966e-05,0.9999999999987202,dde
1577,1061,1061.0,2.0,2.0,1.0,1.0,5,0,3,1,1,0,0,0,0,0,super,1,1,9.148558271271092e-05,0.9999999999987141,dde
1577,1061,1061.0,2.0,2.0,1.0,1.0,5,0,3,1,1,0,0,0,0,0,super,1,1,9.165863293180629e-05,0.9999999999987093,dde
1577,1061,1061.0,2.0,2.0,1.0,1.0,5,0,3,1,1,0,0,0,0,0,super,1,1,9.227436601497223e-05,0.9999999999986918,dde
1577,1061,1061.0,2.0,2.0,1.0,1.0,5,0,3,1,1,0,0,0,0,0,super,1,1,9.266155582249739e-05,0.9999999999986808,dde
1577,1061,1061.0,2.0,2.0,1.0,1.0,5,0,3,1,1,0,0,0,0,0,super,1,1,9.27117274000623e-05,0.9999999999986794,dde
1577,1061,1061.0,2.0,2.0,1.0,1.0,5,0,3,1,1,0,0,0,0,0,super,1,1,9.287693296008535e-05,0.9999999999986747,dde
1577,1061,1061.0,2.0,2.0,1.0,1.0,5,0,3,1,1,0,0,0,0,0,super,1,1,9.300198645803094e-05,0.9999999999986712,dde
1577,1061,1061.0,2.0,2.0,1.0,1.0,5,0,3,1,1,0,0,0,0,0,super,1,1,9.332956543661668e-05,0.9999999999986617,dde
1577,1061,1061.0,2.0,2.0,1.0,1.0,5,0,3,1,1,0,0,0,0,0,super,1,1,9.463329556186708e-05,0.9999999999986241,dde
1577,1061,1061.0,2.0,2.0,1.0,1.0,5,0,3,1,1,0,0,0,0,0,super,1,1,9.601197097312085e-05,0.9999999999985837,dde
1577,1061,1061.0,2.0,2.0,1.0,1.0,5,0,3,1,1,0,0,0,0,0,super,1,1,9.608764837284732e-05,0.9999999999985815,dde
1577,1061,1061.0,2.0,2.0,1.0,1.0,5,0,3,1,1,0,0,0,0,0,super,1,1,9.650422415212245e-05,0.9999999999985691,dde
1577,1061,1061.0,2.0,2.0,1.0,1.0,5,0,3,1,1,0,0,0,0,0,super,1,1,9.696092822541047e-05,0.9999999999985556,dde
1577,1061,1061.0,2.0,2.0,1.0,1.0,5,0,3,1,1,0,0,0,0,0,super,1,1,9.7432522213002e-05,0.9999999999985415,dde
1577,1061,1061.0,2.0,2.0,1.0,1.0,5,0,3,1,1,0,0,0,0,0,super,1,1,9.753275450013094e-05,0.9999999999985385,dde
1577,1061,1061.0,2.0,2.0,1.0,1.0,5,0,3,1,1,0,0,0,0,0,super,1,1,9.794076071647644e-05,0.9999999999985263,dde
1577,1061,1061.0,2.0,2.0,1.0,1.0,5,0,3,1,1,0,0,0,0,0,super,1,1,9.822932114431067e-05,0.9999999999985175,dde
1577,1061,1061.0,2.0,2.0,1.0,1.0,5,0,3,1,1,0,0,0,0,0,super,1,1,9.877706203739193e-05,0.999999999998501,dde
1577,1061,1061.0,2.0,2.0,1.0,1.0,5,0,3,1,1,0,0,0,0,0,super,1,1,9.963188301176367e-05,0.9999999999984749,dde
1577,1061,1061.0,2.0,2.0,1.0,1.0,5,0,3,1,1,0,0,0,0,0,super,1,1,0.00010102077624528672,0.9999999999984321,dde
1577,1061,1061.0,2.0,2.0,1.0,1.0,5,0,3,1,1,0,0,0,0,0,super,1,1,0.00010158344590286202,0.9999999999984146,dde
1577,1061,1061.0,2.0,2.0,1.0,1.0,5,0,3,1,1,0,0,0,0,0,super,1,1,0.00010224969598814856,0.9999999999983937,dde
1577,1061,1061.0,2.0,2.0,1.0,1.0,5,0,3,1,1,0,0,0,0,0,super,1,1,0.00010239098520175258,0.9999999999983893,dde
1577,1061,1061.0,2.0,2.0,1.0,1.0,5,0,3,1,1,0,0,0,0,0,super,1,1,0.00010245875239855042,0.9999999999983872,dde
9,0,0.0,0.0,0.0,0.0,0.0,2,0,2,0,1,1,0,0,1,0,near,0,0,0.46560365011826976,0.7832132409965439,sunspots
9,0,0.0,0.0,0.0,0.0,0.0,2,0,2,0,1,1,0,0,1,0,near,0,0,0.46560365011826976,0.7832132409965439,sunspots
9,0,0.0,0.0,0.0,0.0,0.0,2,0,2,0,1,1,0,0,1,0,near,0,0,0.46560365011826976,0.7832132409965439,sunspots
9,0,0.0,0.0,0.0,0.0,0.0,2,0,2,0,1,1,0,0,1,0,near,0,0,0.46560365011826976,0.7832132409965439,sunspots
9,0,0.0,0.0,0.0,0.0,0.0,2,0,2,0,1,1,0,0,1,0,near,0,0,0.46560365011826976,0.7832132409965439,sunspots
9,0,0.0,0.0,0.0,0.0,0.0,2,0,2,0,1,1,0,0,1,0,near,0,0,0.46560365011826976,0.7832132409965439,sunspots
9,0,0.0,0.0,0.0,0.0,0.0,2,0,2,0,1,1,0,0,1,0,near,0,0,0.46560365011826976,0.7832132409965439,sunspots
9,0,0.0,0.0,0.0,0.0,0.0,2,0,2,0,1,1,0,0,1,0,near,0,0,0.46560365011826976,0.7832132409965439,sunspots
9,0,0.0,0.0,0.0,0.0,0.0,2,0,2,0,1,1,0,0,1,0,near,0,0,0.46560365011826976,0.7832132409965439,sunspots
9,0,0.0,0.0,0.0,0.0,0.0,2,0,2,0,1,1,0,0,1,0,near,0,0,0.46560365011826976,0.7832132409965439,sunspots
9,0,0.0,0.0,0.0,0.0,0.0,2,0,2,0,1,1,0,0,1,0,near,0,0,0.46560365011826976,0.7832132409965439,sunspots
9,0,0.0,0.0,0.0,0.0,0.0,2,0,2,0,1,1,0,0,1,0,near,0,0,0.46560365011826976,0.7832132409965439,sunspots
9,0,0.0,0.0,0.0,0.0,0.0,2,0,2,0,1,1,0,0,1,0,near,0,0,0.46560365011826976,0.7832132409965439,sunspots
9,0,0.0,0.0,0.0,0.0,0.0,2,0,2,0,1,1,0,0,1,0,near,0,0,0.46560365011826976,0.7832132409965439,sunspots
9,0,0.0,0.0,0.0,0.0,0.0,2,0,2,0,1,1,0,0,1,0,near,0,0,0.46560365011826976,0.7832132409965439,sunspots
9,0,0.0,0.0,0.0,0.0,0.0,2,0,2,0,1,1,0,0,1,0,near,0,0,0.46560365011826976,0.7832132409965439,sunspots
9,0,0.0,0.0,0.0,0.0,0.0,2,0,2,0,1,1,0,0,1,0,near,0,0,0.46560365011826976,0.7832132409965439,sunspots
9,0,0.0,0.0,0.0,0.0,0.0,2,0,2,0,1,1,0,0,1,0,near,0,0,0.46560365011826976,0.7832132409965439,sunspots
9,0,0.0,0.0,0.0,0.0,0.0,2,0,2,0,1,1,0,0,1,0,near,0,0,0.46560365011826976,0.7832132409965439,sunspots
9,0,0.0,0.0,0.0,0.0,0.0,2,0,2,0,1,1,0,0,1,0,near,0,0,0.46560365011826976,0.7832132409965439,sunspots
9,0,0.0,0.0,0.0,0.0,0.0,2,0,2,0,1,1,0,0,1,0,near,0,0,0.46560365011826976,0.7832132409965439,sunspots
9,0,0.0,0.0,0.0,0.0,0.0,2,0,2,0,1,1,0,0,1,0,near,0,0,0.46560365011826976,0.7832132409965439,sunspots
9,0,0.0,0.0,0.0,0.0,0.0,2,0,2,0,1,1,0,0,1,0,near,0,0,0.46560365011826976,0.7832132409965439,sunspots
9,0,0.0,0.0,0.0,0.0,0.0,2,0,2,0,1,1,0,0,1,0,near,0,0,0.46560365011826976,0.7832132409965439,sunspots
9,0,0.0,0.0,0.0,0.0,0.0,2,0,2,0,1,1,0,0,1,0,near,0,0,0.46560365011826976,0.7832132409965439,sunspots
9,0,0.0,0.0,0.0,0.0,0.0,2,0,2,0,1,1,0,0,1,0,near,0,0,0.46560365011826976,0.7832132409965439,sunspots
9,0,0.0,0.0,0.0,0.0,0.0,2,0,2,0,1,1,0,0,1,0,near,0,0,0.46560365011826976,0.7832132409965439,sunspots
9,0,0.0,0.0,0.0,0.0,0.0,2,0,2,0,1,1,0,0,1,0,near,0,0,0.46560365011826976,0.7832132409965439,sunspots
9,0,0.0,0.0,0.0,0.0,0.0,2,0,2,0,1,1,0,0,1,0,near,0,0,0.46560365011826976,0.7832132409965439,sunspots
9,0,0.0,0.0,0.0,0.0,0.0,2,0,2,0,1,1,0,0,1,0,near,0,0,0.46560365011826976,0.7832132409965439,sunspots
9,0,0.0,0.0,0.0,0.0,0.0,2,0,2,0,1,1,0,0,1,0,near,0,0,0.46560365011826976,0.7832132409965439,sunspots
9,0,0.0,0.0,0.0,0.0,0.0,2,0,2,0,1,1,0,0,1,0,near,0,0,0.46560365011826976,0.7832132409965439,sunspots
9,0,0.0,0.0,0.0,0.0,0.0,2,0,2,0,1,1,0,0,1,0,near,0,0,0.46560365011826976,0.7832132409965439,sunspots
9,0,0.0,0.0,0.0,0.0,0.0,2,0,2,0,1,1,0,0,1,0,near,0,0,0.46560365011826976,0.7832132409965439,sunspots
9,0,0.0,0.0,0.0,0.0,0.0,2,0,2,0,1,1,0,0,1,0,near,0,0,0.46560365011826976,0.7832132409965439,sunspots
9,0,0.0,0.0,0.0,0.0,0.0,2,0,2,0,1,1,0,0,1,0,near,0,0,0.46560365011826976,0.7832132409965439,sunspots
9,0,0.0,0.0,0.0,0.0,0.0,2,0,2,0,1,1,0,0,1,0,near,0,0,0.46560365011826976,0.7832132409965439,sunspots
9,0,0.0,0.0,0.0,0.0,0.0,2,0,2,0,1,1,0,0,1,0,near,0,0,0.46560365011826976,0.7832132409965439,sunspots
9,0,0.0,0.0,0.0,0.0,0.0,2,0,2,0,1,1,0,0,1,0,near,0,0,0.46560365011826976,0.7832132409965439,sunspots
9,0,0.0,0.0,0.0,0.0,0.0,2,0,2,0,1,1,0,0,1,0,near,0,0,0.46560365011826976,0.7832132409965439,sunspots
9,0,0.0,0.0,0.0,0.0,0.0,2,0,2,0,1,1,0,0,1,0,near,0,0,0.46560365011826976,0.7832132409965439,sunspots
9,0,0.0,0.0,0.0,0.0,0.0,2,0,2,0,1,1,0,0,1,0,near,0,0,0.46560365011826976,0.7832132409965439,sunspots
9,0,0.0,0.0,0.0,0.0,0.0,2,0,2,0,1,1,0,0,1,0,near,0,0,0.46560365011826976,0.7832132409965439,sunspots
9,0,0.0,0.0,0.0,0.0,0.0,2,0,2,0,1,1,0,0,1,0,near,0,0,0.46560365011826976,0.7832132409965439,sunspots
9,0,0.0,0.0,0.0,0.0,0.0,2,0,2,0,1,1,0,0,1,0,near,0,0,0.46560365011826976,0.7832132409965439,sunspots
9,0,0.0,0.0,0.0,0.0,0.0,2,0,2,0,1,1,0,0,1,0,near,0,0,0.46560365011826976,0.7832132409965439,sunspots
9,0,0.0,0.0,0.0,0.0,0.0,2,0,2,0,1,1,0,0,1,0,near,0,0,0.46560365011826976,0.7832132409965439,sunspots
9,0,0.0,0.0,0.0,0.0,0.0,2,0,2,0,1,1,0,0,1,0,near,0,0,0.46560365011826976,0.7832132409965439,sunspots
9,0,0.0,0.0,0.0,0.0,0.0,2,0,2,0,1,1,0,0,1,0,near,0,0,0.46560365011826976,0.7832132409965439,sunspots
9,0,0.0,0.0,0.0,0.0,0.0,2,0,2,0,1,1,0,0,1,0,near,0,0,0.46560365011826976,0.7832132409965439,sunspots
9,0,0.0,0.0,0.0,0.0,0.0,2,0,2,0,1,1,0,0,1,0,near,0,0,0.4656036607235048,0.7832132311208714,sunspots
9,0,0.0,0.0,0.0,0.0,0.0,2,0,2,0,1,1,0,0,1,0,near,0,0,0.4656036607235048,0.7832132311208714,sunspots
9,0,0.0,0.0,0.0,0.0,0.0,2,0,2,0,1,1,0,0,1,0,near,0,0,0.4656036607235048,0.7832132311208714,sunspots
9,0,0.0,0.0,0.0,0.0,0.0,2,0,2,0,1,1,0,0,1,0,near,0,0,0.4656036607235048,0.7832132311208714,sunspots
9,0,0.0,0.0,0.0,0.0,0.0,2,0,2,0,1,1,0,0,1,0,near,0,0,0.4656036607235048,0.7832132311208714,sunspots
9,0,0.0,0.0,0.0,0.0,0.0,2,0,2,0,1,1,0,0,1,0,near,0,0,0.4656036607235048,0.7832132311208714,sunspots
9,0,0.0,0.0,0.0,0.0,0.0,2,0,2,0,1,1,0,0,1,0,near,0,0,0.4656036607235048,0.7832132311208714,sunspots
9,0,0.0,0.0,0.0,0.0,0.0,2,0,2,0,1,1,0,0,1,0,near,0,0,0.4656036607235048,0.7832132311208714,sunspots
9,0,0.0,0.0,0.0,0.0,0.0,2,0,2,0,1,1,0,0,1,0,near,0,0,0.4656036607235048,0.7832132311208714,sunspots
9,0,0.0,0.0,0.0,0.0,0.0,2,0,2,0,1,1,0,0,1,0,near,0,0,0.4656036607235048,0.7832132311208714,sunspots
9,0,0.0,0.0,0.0,0.0,0.0,2,0,2,0,1,1,0,0,1,0,near,0,0,0.4656036607235048,0.7832132311208714,sunspots
9,0,0.0,0.0,0.0,0.0,0.0,2,0,2,0,1,1,0,0,1,0,near,0,0,0.4656036607235048,0.7832132311208714,sunspots
9,0,0.0,0.0,0.0,0.0,0.0,2,0,2,0,1,1,0,0,1,0,near,0,0,0.4656036607235048,0.7832132311208714,sunspots
9,0,0.0,0.0,0.0,0.0,0.0,2,0,2,0,1,1,0,0,1,0,near,0,0,0.4656036607235048,0.7832132311208714,sunspots
9,0,0.0,0.0,0.0,0.0,0.0,2,0,2,0,1,1,0,0,1,0,near,0,0,0.4656036607235048,0.7832132311208714,sunspots
9,0,0.0,0.0,0.0,0.0,0.0,2,0,2,0,1,1,0,0,1,0,near,0,0,0.4656036607235048,0.7832132311208714,sunspots
9,0,0.0,0.0,0.0,0.0,0.0,2,0,2,0,1,1,0,0,1,0,near,0,0,0.4656036607235048,0.7832132311208714,sunspots
9,0,0.0,0.0,0.0,0.0,0.0,2,0,2,0,1,1,0,0,1,0,near,0,0,0.4656036607235048,0.7832132311208714,sunspots
9,0,0.0,0.0,0.0,0.0,0.0,2,0,2,0,1,1,0,0,1,0,near,0,0,0.4656036607235048,0.7832132311208714,sunspots
9,0,0.0,0.0,0.0,0.0,0.0,2,0,2,0,1,1,0,0,1,0,near,0,0,0.4656036607235048,0.7832132311208714,sunspots
9,0,0.0,0.0,0.0,0.0,0.0,2,0,2,0,1,1,0,0,1,0,near,0,0,0.4656036607235048,0.7832132311208714,sunspots
9,0,0.0,0.0,0.0,0.0,0.0,2,0,2,0,1,1,0,0,1,0,near,0,0,0.4656036607235048,0.7832132311208714,sunspots
9,0,0.0,0.0,0.0,0.0,0.0,2,0,2,0,1,1,0,0,1,0,near,0,0,0.4656036607235048,0.7832132311208714,sunspots
9,0,0.0,0.0,0.0,0.0,0.0,2,0,2,0,1,1,0,0,1,0,near,0,0,0.4656036607235048,0.7832132311208714,sunspots
9,0,0.0,0.0,0.0,0.0,0.0,2,0,2,0,1,1,0,0,1,0,near,0,0,0.4656036607235048,0.7832132311208714,sunspots
9,0,0.0,0.0,0.0,0.0,0.0,2,0,2,0,1,1,0,0,1,0,near,0,0,0.4656036607235048,0.7832132311208714,sunspots
9,0,0.0,0.0,0.0,0.0,0.0,2,0,2,0,1,1,0,0,1,0,near,0,0,0.4656036607235048,0.7832132311208714,sunspots
9,0,0.0,0.0,0.0,0.0,0.0,2,0,2,0,1,1,0,0,1,0,near,0,0,0.4656036607235048,0.7832132311208714,sunspots
9,0,0.0,0.0,0.0,0.0,0.0,2,0,2,0,1,1,0,0,1,0,near,0,0,0.4656036607235048,0.7832132311208714,sunspots
9,0,0.0,0.0,0.0,0.0,0.0,2,0,2,0,1,1,0,0,1,0,near,0,0,0.4656036607235048,0.7832132311208714,sunspots
9,0,0.0,0.0,0.0,0.0,0.0,2,0,2,0,1,1,0,0,1,0,near,0,0,0.4656036607235048,0.7832132311208714,sunspots
9,0,0.0,0.0,0.0,0.0,0.0,2,0,2,0,1,1,0,0,1,0,near,0,0,0.4656036607235048,0.7832132311208714,sunspots
9,0,0.0,0.0,0.0,0.0,0.0,2,0,2,0,1,1,0,0,1,0,near,0,0,0.4656036607235048,0.7832132311208714,sunspots
9,0,0.0,0.0,0.0,0.0,0.0,2,0,2,0,1,1,0,0,1,0,near,0,0,0.4656036607235048,0.7832132311208714,sunspots
9,0,0.0,0.0,0.0,0.0,0.0,2,0,2,0,1,1,0,0,1,0,near,0,0,0.4656036607235048,0.7832132311208714,sunspots
9,0,0.0,0.0,0.0,0.0,0.0,2,0,2,0,1,1,0,0,1,0,near,0,0,0.4656036607235048,0.7832132311208714,sunspots
9,0,0.0,0.0,0.0,0.0,0.0,2,0,2,0,1,1,0,0,1,0,near,0,0,0.4656036607235048,0.7832132311208714,sunspots
9,0,0.0,0.0,0.0,0.0,0.0,2,0,2,0,1,1,0,0,1,0,near,0,0,0.4656036607235048,0.7832132311208714,sunspots
9,0,0.0,0.0,0.0,0.0,0.0,2,0,2,0,1,1,0,0,1,0,near,0,0,0.4656036607235048,0.7832132311208714,sunspots
9,0,0.0,0.0,0.0,0.0,0.0,2,0,2,0,1,1,0,0,1,0,near,0,0,0.4656036607235048,0.7832132311208714,sunspots
9,0,0.0,0.0,0.0,0.0,0.0,2,0,2,0,1,1,0,0,1,0,near,0,0,0.4656036607235048,0.7832132311208714,sunspots
9,0,0.0,0.0,0.0,0.0,0.0,2,0,2,0,1,1,0,0,1,0,near,0,0,0.4656036607235048,0.7832132311208714,sunspots
9,0,0.0,0.0,0.0,0.0,0.0,2,0,2,0,1,1,0,0,1,0,near,0,0,0.4656036607235048,0.7832132311208714,sunspots
9,0,0.0,0.0,0.0,0.0,0.0,2,0,2,0,1,1,0,0,1,0,near,0,0,0.4656036607235048,0.7832132311208714,sunspots
9,0,0.0,0.0,0.0,0.0,0.0,2,0,2,0,1,1,0,0,1,0,near,0,0,0.4656036607235048,0.7832132311208714,sunspots
9,0,0.0,0.0,0.0,0.0,0.0,2,0,2,0,1,1,0,0,1,0,near,0,0,0.4656036607235048,0.7832132311208714,sunspots
9,0,0.0,0.0,0.0,0.0,0.0,2,0,2,0,1,1,0,0,1,0,near,0,0,0.4656036607235048,0.7832132311208714,sunspots
9,0,0.0,0.0,0.0,0.0,0.0,2,0,2,0,1,1,0,0,1,0,near,0,0,0.4656036607235048,0.7832132311208714,sunspots
9,0,0.0,0.0,0.0,0.0,0.0,2,0,2,0,1,1,0,0,1,0,near,0,0,0.4656036607235048,0.7832132311208714,sunspots
9,0,0.0,0.0,0.0,0.0,0.0,2,0,2,0,1,1,0,0,1,0,near,0,0,0.4656036607235048,0.7832132311208714,sunspots
17,0,0.0,0.0,0.0,0.0,0.0,2,0,3,0,1,1,0,0,1,0,near,0,0,0.46598926528747336,0.7828540046368407,sunspots
17,0,0.0,0.0,0.0,0.0,0.0,2,0,3,0,1,1,0,0,1,0,near,0,0,0.46598926528747336,0.7828540046368407,sunspots
17,0,0.0,0.0,0.0,0.0,0.0,2,0,3,0,1,1,0,0,1,0,near,0,0,0.46598926528747336,0.7828540046368407,sunspots
17,0,0.0,0.0,0.0,0.0,0.0,2,0,3,0,1,1,0,0,1,0,near,0,0,0.46598926528747336,0.7828540046368407,sunspots
17,0,0.0,0.0,0.0,0.0,0.0,2,0,3,0,1,1,0,0,1,0,near,0,0,0.46598926528747336,0.7828540046368407,sunspots
17,0,0.0,0.0,0.0,0.0,0.0,2,0,3,0,1,1,0,0,1,0,near,0,0,0.46598926528747336,0.7828540046368407,sunspots
17,0,0.0,0.0,0.0,0.0,0.0,2,0,3,0,1,1,0,0,1,0,near,0,0,0.46598926528747336,0.7828540046368407,sunspots
17,0,0.0,0.0,0.0,0.0,0.0,2,0,3,0,1,1,0,0,1,0,near,0,0,0.46598926528747336,0.7828540046368407,sunspots
17,0,0.0,0.0,0.0,0.0,0.0,2,0,3,0,1,1,0,0,1,0,near,0,0,0.46598926528747336,0.7828540046368407,sunspots
17,0,0.0,0.0,0.0,0.0,0.0,2,0,3,0,1,1,0,0,1,0,near,0,0,0.46598926528747336,0.7828540046368407,sunspots
17,0,0.0,0.0,0.0,0.0,0.0,2,0,3,0,1,1,0,0,1,0,near,0,0,0.46598926528747336,0.7828540046368407,sunspots
17,0,0.0,0.0,0.0,0.0,0.0,2,0,3,0,1,1,0,0,1,0,near,0,0,0.46598926528747336,0.7828540046368407,sunspots
17,0,0.0,0.0,0.0,0.0,0.0,2,0,3,0,1,1,0,0,1,0,near,0,0,0.46598926528747336,0.7828540046368407,sunspots
17,0,0.0,0.0,0.0,0.0,0.0,2,0,3,0,1,1,0,0,1,0,near,0,0,0.46598926528747336,0.7828540046368407,sunspots
17,0,0.0,0.0,0.0,0.0,0.0,2,0,3,0,1,1,0,0,1,0,near,0,0,0.46598926528747336,0.7828540046368407,sunspots
17,0,0.0,0.0,0.0,0.0,0.0,2,0,3,0,1,1,0,0,1,0,near,0,0,0.46598926528747336,0.7828540046368407,sunspots
17,0,0.0,0.0,0.0,0.0,0.0,2,0,3,0,1,1,0,0,1,0,near,0,0,0.46598926528747336,0.7828540046368407,sunspots
17,0,0.0,0.0,0.0,0.0,0.0,2,0,3,0,1,1,0,0,1,0,near,0,0,0.46598926528747336,0.7828540046368407,sunspots
17,0,0.0,0.0,0.0,0.0,0.0,2,0,3,0,1,1,0,0,1,0,near,0,0,0.46598926528747336,0.7828540046368407,sunspots
17,0,0.0,0.0,0.0,0.0,0.0,2,0,3,0,1,1,0,0,1,0,near,0,0,0.46598926528747336,0.7828540046368407,sunspots
17,0,0.0,0.0,0.0,0.0,0.0,2,0,3,0,1,1,0,0,1,0,near,0,0,0.46598926528747336,0.7828540046368407,sunspots
17,0,0.0,0.0,0.0,0.0,0.0,2,0,3,0,1,1,0,0,1,0,near,0,0,0.46598926528747336,0.7828540046368407,sunspots
17,0,0.0,0.0,0.0,0.0,0.0,2,0,3,0,1,1,0,0,1,0,near,0,0,0.46598926528747336,0.7828540046368407,sunspots
17,0,0.0,0.0,0.0,0.0,0.0,2,0,3,0,1,1,0,0,1,0,near,0,0,0.46598926528747336,0.7828540046368407,sunspots
17,0,0.0,0.0,0.0,0.0,0.0,2,0,3,0,1,1,0,0,1,0,near,0,0,0.46598926528747336,0.7828540046368407,sunspots
17,0,0.0,0.0,0.0,0.0,0.0,2,0,3,0,1,1,0,0,1,0,near,0,0,0.46598926528747336,0.7828540046368407,sunspots
17,0,0.0,0.0,0.0,0.0,0.0,2,0,3,0,1,1,0,0,1,0,near,0,0,0.46598926528747336,0.7828540046368407,sunspots
17,0,0.0,0.0,0.0,0.0,0.0,2,0,3,0,1,1,0,0,1,0,near,0,0,0.46598926528747336,0.7828540046368407,sunspots
17,0,0.0,0.0,0.0,0.0,0.0,2,0,3,0,1,1,0,0,1,0,near,0,0,0.46598926528747336,0.7828540046368407,sunspots
17,0,0.0,0.0,0.0,0.0,0.0,2,0,3,0,1,1,0,0,1,0,near,0,0,0.46598926528747336,0.7828540046368407,sunspots
17,0,0.0,0.0,0.0,0.0,0.0,2,0,3,0,1,1,0,0,1,0,near,0,0,0.46598926528747336,0.7828540046368407,sunspots
17,0,0.0,0.0,0.0,0.0,0.0,2,0,3,0,1,1,0,0,1,0,near,0,0,0.46598926528747336,0.7828540046368407,sunspots
17,0,0.0,0.0,0.0,0.0,0.0,2,0,3,0,1,1,0,0,1,0,near,0,0,0.46598926528747336,0.7828540046368407,sunspots
17,0,0.0,0.0,0.0,0.0,0.0,2,0,3,0,1,1,0,0,1,0,near,0,0,0.46598926528747336,0.7828540046368407,sunspots
17,0,0.0,0.0,0.0,0.0,0.0,2,0,3,0,1,1,0,0,1,0,near,0,0,0.46598926528747336,0.7828540046368407,sunspots
17,0,0.0,0.0,0.0,0.0,0.0,2,0,3,0,1,1,0,0,1,0,near,0,0,0.46598926528747336,0.7828540046368407,sunspots
17,0,0.0,0.0,0.0,0.0,0.0,2,0,3,0,1,1,0,0,1,0,near,0,0,0.46598926528747336,0.7828540046368407,sunspots
17,0,0.0,0.0,0.0,0.0,0.0,2,0,3,0,1,1,0,0,1,0,near,0,0,0.46598926528747336,0.7828540046368407,sunspots
17,0,0.0,0.0,0.0,0.0,0.0,2,0,3,0,1,1,0,0,1,0,near,0,0,0.46598926528747336,0.7828540046368407,sunspots
17,0,0.0,0.0,0.0,0.0,0.0,2,0,3,0,1,1,0,0,1,0,near,0,0,0.46598926528747336,0.7828540046368407,sunspots
17,0,0.0,0.0,0.0,0.0,0.0,2,0,3,0,1,1,0,0,1,0,near,0,0,0.46598926528747336,0.7828540046368407,sunspots
17,0,0.0,0.0,0.0,0.0,0.0,2,0,3,0,1,1,0,0,1,0,near,0,0,0.46598926528747336,0.7828540046368407,sunspots
17,0,0.0,0.0,0.0,0.0,0.0,2,0,3,0,1,1,0,0,1,0,near,0,0,0.46598926528747336,0.7828540046368407,sunspots
17,0,0.0,0.0,0.0,0.0,0.0,2,0,3,0,1,1,0,0,1,0,near,0,0,0.46598926528747336,0.7828540046368407,sunspots
17,0,0.0,0.0,0.0,0.0,0.0,2,0,3,0,1,1,0,0,1,0,near,0,0,0.46598926528747336,0.7828540046368407,sunspots
17,0,0.0,0.0,0.0,0.0,0.0,2,0,3,0,1,1,0,0,1,0,near,0,0,0.46598926528747336,0.7828540046368407,sunspots
17,0,0.0,0.0,0.0,0.0,0.0,2,0,3,0,1,1,0,0,1,0,near,0,0,0.46598926528747336,0.7828540046368407,sunspots
17,0,0.0,0.0,0.0,0.0,0.0,2,0,3,0,1,1,0,0,1,0,near,0,0,0.46598926528747336,0.7828540046368407,sunspots
17,0,0.0,0.0,0.0,0.0,0.0,2,0,3,0,1,1,0,0,1,0,near,0,0,0.46598926528747336,0.7828540046368407,sunspots
17,0,0.0,0.0,0.0,0.0,0.0,2,0,3,0,1,1,0,0,1,0,near,0,0,0.46598926528747336,0.7828540046368407,sunspots
17,0,0.0,0.0,0.0,0.0,0.0,2,0,3,0,1,1,0,0,1,0,near,0,0,0.46598926528747336,0.7828540046368407,sunspots
17,0,0.0,0.0,0.0,0.0,0.0,2,0,3,0,1,1,0,0,1,0,near,0,0,0.46598926528747336,0.7828540046368407,sunspots
17,0,0.0,0.0,0.0,0.0,0.0,2,0,3,0,1,1,0,0,1,0,near,0,0,0.46598926528747336,0.7828540046368407,sunspots
17,0,0.0,0.0,0.0,0.0,0.0,2,0,3,0,1,1,0,0,1,0,near,0,0,0.46598926528747336,0.7828540046368407,sunspots
17,0,0.0,0.0,0.0,0.0,0.0,2,0,3,0,1,1,0,0,1,0,near,0,0,0.46598926528747336,0.7828540046368407,sunspots
17,0,0.0,0.0,0.0,0.0,0.0,2,0,3,0,1,1,0,0,1,0,near,0,0,0.46598926528747336,0.7828540046368407,sunspots
17,0,0.0,0.0,0.0,0.0,0.0,2,0,3,0,1,1,0,0,1,0,near,0,0,0.46598926528747336,0.7828540046368407,sunspots
17,0,0.0,0.0,0.0,0.0,0.0,2,0,3,0,1,1,0,0,1,0,near,0,0,0.46598926528747336,0.7828540046368407,sunspots
17,0,0.0,0.0,0.0,0.0,0.0,2,0,3,0,1,1,0,0,1,0,near,0,0,0.46598926528747336,0.7828540046368407,sunspots
17,0,0.0,0.0,0.0,0.0,0.0,2,0,3,0,1,1,0,0,1,0,near,0,0,0.46598926528747336,0.7828540046368407,sunspots
17,0,0.0,0.0,0.0,0.0,0.0,2,0,3,0,1,1,0,0,1,0,near,0,0,0.46598926528747336,0.7828540046368407,sunspots
17,0,0.0,0.0,0.0,0.0,0.0,2,0,3,0,1,1,0,0,1,0,near,0,0,0.46598926528747336,0.7828540046368407,sunspots
17,0,0.0,0.0,0.0,0.0,0.0,2,0,3,0,1,1,0,0,1,0,near,0,0,0.46598926528747336,0.7828540046368407,sunspots
17,0,0.0,0.0,0.0,0.0,0.0,2,0,3,0,1,1,0,0,1,0,near,0,0,0.46598926528747336,0.7828540046368407,sunspots
17,0,0.0,0.0,0.0,0.0,0.0,2,0,3,0,1,1,0,0,1,0,near,0,0,0.46598926528747336,0.7828540046368407,sunspots
17,0,0.0,0.0,0.0,0.0,0.0,2,0,3,0,1,1,0,0,1,0,near,0,0,0.46598926528747336,0.7828540046368407,sunspots
17,0,0.0,0.0,0.0,0.0,0.0,2,0,3,0,1,1,0,0,1,0,near,0,0,0.46598926528747336,0.7828540046368407,sunspots
17,0,0.0,0.0,0.0,0.0,0.0,2,0,3,0,1,1,0,0,1,0,near,0,0,0.46598926528747336,0.7828540046368407,sunspots
17,0,0.0,0.0,0.0,0.0,0.0,2,0,3,0,1,1,0,0,1,0,near,0,0,0.46598926528747336,0.7828540046368407,sunspots
17,0,0.0,0.0,0.0,0.0,0.0,2,0,3,0,1,1,0,0,1,0,near,0,0,0.46598926528747336,0.7828540046368407,sunspots
17,0,0.0,0.0,0.0,0.0,0.0,2,0,3,0,1,1,0,0,1,0,near,0,0,0.46598926528747336,0.7828540046368407,sunspots
17,0,0.0,0.0,0.0,0.0,0.0,2,0,3,0,1,1,0,0,1,0,near,0,0,0.46598926528747336,0.7828540046368407,sunspots
17,0,0.0,0.0,0.0,0.0,0.0,2,0,3,0,1,1,0,0,1,0,near,0,0,0.46598926528747336,0.7828540046368407,sunspots
17,0,0.0,0.0,0.0,0.0,0.0,2,0,3,0,1,1,0,0,1,0,near,0,0,0.46598926528747336,0.7828540046368407,sunspots
17,0,0.0,0.0,0.0,0.0,0.0,2,0,3,0,1,1,0,0,1,0,near,0,0,0.46598926528747336,0.7828540046368407,sunspots
17,0,0.0,0.0,0.0,0.0,0.0,2,0,3,0,1,1,0,0,1,0,near,0,0,0.46598926528747336,0.7828540046368407,sunspots
17,0,0.0,0.0,0.0,0.0,0.0,2,0,3,0,1,1,0,0,1,0,near,0,0,0.46598926528747336,0.7828540046368407,sunspots
17,0,0.0,0.0,0.0,0.0,0.0,2,0,3,0,1,1,0,0,1,0,near,0,0,0.46598926528747336,0.7828540046368407,sunspots
17,0,0.0,0.0,0.0,0.0,0.0,2,0,3,0,1,1,0,0,1,0,near,0,0,0.46598926528747336,0.7828540046368407,sunspots
17,0,0.0,0.0,0.0,0.0,0.0,2,0,3,0,1,1,0,0,1,0,near,0,0,0.46598926528747336,0.7828540046368407,sunspots
17,0,0.0,0.0,0.0,0.0,0.0,2,0,3,0,1,1,0,0,1,0,near,0,0,0.46598926528747336,0.7828540046368407,sunspots
17,0,0.0,0.0,0.0,0.0,0.0,2,0,3,0,1,1,0,0,1,0,near,0,0,0.46598926528747336,0.7828540046368407,sunspots
17,0,0.0,0.0,0.0,0.0,0.0,2,0,3,0,1,1,0,0,1,0,near,0,0,0.46598926528747336,0.7828540046368407,sunspots
17,0,0.0,0.0,0.0,0.0,0.0,2,0,3,0,1,1,0,0,1,0,near,0,0,0.46598926528747336,0.7828540046368407,sunspots
17,0,0.0,0.0,0.0,0.0,0.0,2,0,3,0,1,1,0,0,1,0,near,0,0,0.46598926528747336,0.7828540046368407,sunspots
17,0,0.0,0.0,0.0,0.0,0.0,2,0,3,0,1,1,0,0,1,0,near,0,0,0.46598926528747336,0.7828540046368407,sunspots
17,0,0.0,0.0,0.0,0.0,0.0,2,0,3,0,1,1,0,0,1,0,near,0,0,0.46598926528747336,0.7828540046368407,sunspots
17,0,0.0,0.0,0.0,0.0,0.0,2,0,3,0,1,1,0,0,1,0,near,0,0,0.46598926528747336,0.7828540046368407,sunspots
17,0,0.0,0.0,0.0,0.0,0.0,2,0,3,0,1,1,0,0,1,0,near,0,0,0.46598926528747336,0.7828540046368407,sunspots
17,0,0.0,0.0,0.0,0.0,0.0,2,0,3,0,1,1,0,0,1,0,near,0,0,0.46598926528747336,0.7828540046368407,sunspots
17,0,0.0,0.0,0.0,0.0,0.0,2,0,3,0,1,1,0,0,1,0,near,0,0,0.46598926528747336,0.7828540046368407,sunspots
17,0,0.0,0.0,0.0,0.0,0.0,2,0,3,0,1,1,0,0,1,0,near,0,0,0.46598926528747336,0.7828540046368407,sunspots
17,0,0.0,0.0,0.0,0.0,0.0,2,0,3,0,1,1,0,0,1,0,near,0,0,0.46598926528747336,0.7828540046368407,sunspots
17,0,0.0,0.0,0.0,0.0,0.0,2,0,3,0,1,1,0,0,1,0,near,0,0,0.46598926528747336,0.7828540046368407,sunspots
17,0,0.0,0.0,0.0,0.0,0.0,2,0,3,0,1,1,0,0,1,0,near,0,0,0.46598926528747336,0.7828540046368407,sunspots
17,0,0.0,0.0,0.0,0.0,0.0,2,0,3,0,1,1,0,0,1,0,near,0,0,0.46598926528747336,0.7828540046368407,sunspots
17,0,0.0,0.0,0.0,0.0,0.0,2,0,3,0,1,1,0,0,1,0,near,0,0,0.46598926528747336,0.7828540046368407,sunspots
17,0,0.0,0.0,0.0,0.0,0.0,2,0,3,0,1,1,0,0,1,0,near,0,0,0.46598926528747336,0.7828540046368407,sunspots
17,0,0.0,0.0,0.0,0.0,0.0,2,0,3,0,1,1,0,0,1,0,near,0,0,0.46598926528747336,0.7828540046368407,sunspots
17,0,0.0,0.0,0.0,0.0,0.0,2,0,3,0,1,1,0,0,1,0,near,0,0,0.46598926528747336,0.7828540046368407,sunspots
1,0,0.0,0.0,0.0,0.0,0.0,2,0,2,0,1,0,0,0,1,0,near,0,0,0.46986447947501125,0.7792273709276767,sunspots
1,0,0.0,0.0,0.0,0.0,0.0,2,0,2,0,1,0,0,0,1,0,near,0,0,0.46986447947501125,0.7792273709276767,sunspots
1,0,0.0,0.0,0.0,0.0,0.0,2,0,2,0,1,0,0,0,1,0,near,0,0,0.46986447947501125,0.7792273709276767,sunspots
1,0,0.0,0.0,0.0,0.0,0.0,2,0,2,0,1,0,0,0,1,0,near,0,0,0.46986447947501125,0.7792273709276767,sunspots
1,0,0.0,0.0,0.0,0.0,0.0,2,0,2,0,1,0,0,0,1,0,near,0,0,0.46986447947501125,0.7792273709276767,sunspots
1,0,0.0,0.0,0.0,0.0,0.0,2,0,2,0,1,0,0,0,1,0,near,0,0,0.46986447947501125,0.7792273709276767,sunspots
1,0,0.0,0.0,0.0,0.0,0.0,2,0,2,0,1,0,0,0,1,0,near,0,0,0.46986447947501125,0.7792273709276767,sunspots
1,0,0.0,0.0,0.0,0.0,0.0,2,0,2,0,1,0,0,0,1,0,near,0,0,0.46986447947501125,0.7792273709276767,sunspots
1,0,0.0,0.0,0.0,0.0,0.0,2,0,2,0,1,0,0,0,1,0,near,0,0,0.46986447947501125,0.7792273709276767,sunspots
1,0,0.0,0.0,0.0,0.0,0.0,2,0,2,0,1,0,0,0,1,0,near,0,0,0.46986447947501125,0.7792273709276767,sunspots
1,0,0.0,0.0,0.0,0.0,0.0,2,0,2,0,1,0,0,0,1,0,near,0,0,0.46986447947501125,0.7792273709276767,sunspots
1,0,0.0,0.0,0.0,0.0,0.0,2,0,2,0,1,0,0,0,1,0,near,0,0,0.46986447947501125,0.7792273709276767,sunspots
1,0,0.0,0.0,0.0,0.0,0.0,2,0,2,0,1,0,0,0,1,0,near,0,0,0.46986447947501125,0.7792273709276767,sunspots
1,0,0.0,0.0,0.0,0.0,0.0,2,0,2,0,1,0,0,0,1,0,near,0,0,0.46986447947501125,0.7792273709276767,sunspots
1,0,0.0,0.0,0.0,0.0,0.0,2,0,2,0,1,0,0,0,1,0,near,0,0,0.46986447947501125,0.7792273709276767,sunspots
1,0,0.0,0.0,0.0,0.0,0.0,2,0,2,0,1,0,0,0,1,0,near,0,0,0.46986447947501125,0.7792273709276767,sunspots
1,0,0.0,0.0,0.0,0.0,0.0,2,0,2,0,1,0,0,0,1,0,near,0,0,0.46986447947501125,0.7792273709276767,sunspots
1,0,0.0,0.0,0.0,0.0,0.0,2,0,2,0,1,0,0,0,1,0,near,0,0,0.46986447947501125,0.7792273709276767,sunspots
1,0,0.0,0.0,0.0,0.0,0.0,2,0,2,0,1,0,0,0,1,0,near,0,0,0.46986447947501125,0.7792273709276767,sunspots
1,0,0.0,0.0,0.0,0.0,0.0,2,0,2,0,1,0,0,0,1,0,near,0,0,0.46986447947501125,0.7792273709276767,sunspots
1,0,0.0,0.0,0.0,0.0,0.0,2,0,2,0,1,0,0,0,1,0,near,0,0,0.46986447947501125,0.7792273709276767,sunspots
1,0,0.0,0.0,0.0,0.0,0.0,2,0,2,0,1,0,0,0,1,0,near,0,0,0.46986447947501125,0.7792273709276767,sunspots
1,0,0.0,0.0,0.0,0.0,0.0,2,0,2,0,1,0,0,0,1,0,near,0,0,0.46986447947501125,0.7792273709276767,sunspots
1,0,0.0,0.0,0.0,0.0,0.0,2,0,2,0,1,0,0,0,1,0,near,0,0,0.46986447947501125,0.7792273709276767,sunspots
1,0,0.0,0.0,0.0,0.0,0.0,2,0,2,0,1,0,0,0,1,0,near,0,0,0.46986447947501125,0.7792273709276767,sunspots
1,0,0.0,0.0,0.0,0.0,0.0,2,0,2,0,1,0,0,0,1,0,near,0,0,0.46986447947501125,0.7792273709276767,sunspots
1,0,0.0,0.0,0.0,0.0,0.0,2,0,2,0,1,0,0,0,1,0,near,0,0,0.46986447947501125,0.7792273709276767,sunspots
1,0,0.0,0.0,0.0,0.0,0.0,2,0,2,0,1,0,0,0,1,0,near,0,0,0.46986447947501125,0.7792273709276767,sunspots
1,0,0.0,0.0,0.0,0.0,0.0,2,0,2,0,1,0,0,0,1,0,near,0,0,0.46986447947501125,0.7792273709276767,sunspots
1,0,0.0,0.0,0.0,0.0,0.0,2,0,2,0,1,0,0,0,1,0,near,0,0,0.46986447947501125,0.7792273709276767,sunspots
1,0,0.0,0.0,0.0,0.0,0.0,2,0,2,0,1,0,0,0,1,0,near,0,0,0.46986447947501125,0.7792273709276767,sunspots
1,0,0.0,0.0,0.0,0.0,0.0,2,0,2,0,1,0,0,0,1,0,near,0,0,0.46986447947501125,0.7792273709276767,sunspots
1,0,0.0,0.0,0.0,0.0,0.0,2,0,2,0,1,0,0,0,1,0,near,0,0,0.46986447947501125,0.7792273709276767,sunspots
1,0,0.0,0.0,0.0,0.0,0.0,2,0,2,0,1,0,0,0,1,0,near,0,0,0.46986447947501125,0.7792273709276767,sunspots
1,0,0.0,0.0,0.0,0.0,0.0,2,0,2,0,1,0,0,0,1,0,near,0,0,0.46986447947501125,0.7792273709276767,sunspots
1,0,0.0,0.0,0.0,0.0,0.0,2,0,2,0,1,0,0,0,1,0,near,0,0,0.46986447947501125,0.7792273709276767,sunspots
1,0,0.0,0.0,0.0,0.0,0.0,2,0,2,0,1,0,0,0,1,0,near,0,0,0.46986447947501125,0.7792273709276767,sunspots
1,0,0.0,0.0,0.0,0.0,0.0,2,0,2,0,1,0,0,0,1,0,near,0,0,0.46986447947501125,0.7792273709276767,sunspots
1,0,0.0,0.0,0.0,0.0,0.0,2,0,2,0,1,0,0,0,1,0,near,0,0,0.46986447947501125,0.7792273709276767,sunspots
1,0,0.0,0.0,0.0,0.0,0.0,2,0,2,0,1,0,0,0,1,0,near,0,0,0.46986447947501125,0.7792273709276767,sunspots
1,0,0.0,0.0,0.0,0.0,0.0,2,0,2,0,1,0,0,0,1,0,near,0,0,0.46986447947501125,0.7792273709276767,sunspots
1,0,0.0,0.0,0.0,0.0,0.0,2,0,2,0,1,0,0,0,1,0,near,0,0,0.46986447947501125,0.7792273709276767,sunspots
1,0,0.0,0.0,0.0,0.0,0.0,2,0,2,0,1,0,0,0,1,0,near,0,0,0.46986447947501125,0.7792273709276767,sunspots
1,0,0.0,0.0,0.0,0.0,0.0,2,0,2,0,1,0,0,0,1,0,near,0,0,0.46986447947501125,0.7792273709276767,sunspots
1,0,0.0,0.0,0.0,0.0,0.0,2,0,2,0,1,0,0,0,1,0,near,0,0,0.46986447947501125,0.7792273709276767,sunspots
1,0,0.0,0.0,0.0,0.0,0.0,2,0,2,0,1,0,0,0,1,0,near,0,0,0.46986447947501125,0.7792273709276767,sunspots
1,0,0.0,0.0,0.0,0.0,0.0,2,0,2,0,1,0,0,0,1,0,near,0,0,0.46986447947501125,0.7792273709276767,sunspots
1,0,0.0,0.0,0.0,0.0,0.0,2,0,2,0,1,0,0,0,1,0,near,0,0,0.46986447947501125,0.7792273709276767,sunspots
1,0,0.0,0.0,0.0,0.0,0.0,2,0,2,0,1,0,0,0,1,0,near,0,0,0.46986447947501125,0.7792273709276767,sunspots
1,0,0.0,0.0,0.0,0.0,0.0,2,0,2,0,1,0,0,0,1,0,near,0,0,0.46986447947501125,0.7792273709276767,sunspots
1,0,0.0,0.0,0.0,0.0,0.0,2,0,2,0,1,0,0,0,1,0,near,0,0,0.46986447947501125,0.7792273709276767,sunspots
1,0,0.0,0.0,0.0,0.0,0.0,2,0,2,0,1,0,0,0,1,0,near,0,0,0.46986447947501125,0.7792273709276767,sunspots
1,0,0.0,0.0,0.0,0.0,0.0,2,0,2,0,1,0,0,0,1,0,near,0,0,0.46986447947501125,0.7792273709276767,sunspots
1,0,0.0,0.0,0.0,0.0,0.0,2,0,2,0,1,0,0,0,1,0,near,0,0,0.46986447947501125,0.7792273709276767,sunspots
1,0,0.0,0.0,0.0,0.0,0.0,2,0,2,0,1,0,0,0,1,0,near,0,0,0.46986447947501125,0.7792273709276767,sunspots
1,0,0.0,0.0,0.0,0.0,0.0,2,0,2,0,1,0,0,0,1,0,near,0,0,0.46986447947501125,0.7792273709276767,sunspots
1,0,0.0,0.0,0.0,0.0,0.0,2,0,2,0,1,0,0,0,1,0,near,0,0,0.46986447947501125,0.7792273709276767,sunspots
1,0,0.0,0.0,0.0,0.0,0.0,2,0,2,0,1,0,0,0,1,0,near,0,0,0.46986447947501125,0.7792273709276767,sunspots
1,0,0.0,0.0,0.0,0.0,0.0,2,0,2,0,1,0,0,0,1,0,near,0,0,0.46986447947501125,0.7792273709276767,sunspots
1,0,0.0,0.0,0.0,0.0,0.0,2,0,2,0,1,0,0,0,1,0,near,0,0,0.46986447947501125,0.7792273709276767,sunspots
1,0,0.0,0.0,0.0,0.0,0.0,2,0,2,0,1,0,0,0,1,0,near,0,0,0.46986447947501125,0.7792273709276767,sunspots
1,0,0.0,0.0,0.0,0.0,0.0,2,0,2,0,1,0,0,0,1,0,near,0,0,0.46986447947501125,0.7792273709276767,sunspots
1,0,0.0,0.0,0.0,0.0,0.0,2,0,2,0,1,0,0,0,1,0,near,0,0,0.46986447947501125,0.7792273709276767,sunspots
1,0,0.0,0.0,0.0,0.0,0.0,2,0,2,0,1,0,0,0,1,0,near,0,0,0.46986447947501125,0.7792273709276767,sunspots
1,0,0.0,0.0,0.0,0.0,0.0,2,0,2,0,1,0,0,0,1,0,near,0,0,0.46986447947501125,0.7792273709276767,sunspots
1,0,0.0,0.0,0.0,0.0,0.0,2,0,2,0,1,0,0,0,1,0,near,0,0,0.46986447947501125,0.7792273709276767,sunspots
1,0,0.0,0.0,0.0,0.0,0.0,2,0,2,0,1,0,0,0,1,0,near,0,0,0.46986447947501125,0.7792273709276767,sunspots
1,0,0.0,0.0,0.0,0.0,0.0,2,0,2,0,1,0,0,0,1,0,near,0,0,0.46986447947501125,0.7792273709276767,sunspots
1,0,0.0,0.0,0.0,0.0,0.0,2,0,2,0,1,0,0,0,1,0,near,0,0,0.46986447947501125,0.7792273709276767,sunspots
1,0,0.0,0.0,0.0,0.0,0.0,2,0,2,0,1,0,0,0,1,0,near,0,0,0.46986447947501125,0.7792273709276767,sunspots
1,0,0.0,0.0,0.0,0.0,0.0,2,0,2,0,1,0,0,0,1,0,near,0,0,0.46986447947501125,0.7792273709276767,sunspots
1,0,0.0,0.0,0.0,0.0,0.0,2,0,2,0,1,0,0,0,1,0,near,0,0,0.46986447947501125,0.7792273709276767,sunspots
1,0,0.0,0.0,0.0,0.0,0.0,2,0,2,0,1,0,0,0,1,0,near,0,0,0.46986447947501125,0.7792273709276767,sunspots
1,0,0.0,0.0,0.0,0.0,0.0,2,0,2,0,1,0,0,0,1,0,near,0,0,0.46986447947501125,0.7792273709276767,sunspots
1,0,0.0,0.0,0.0,0.0,0.0,2,0,2,0,1,0,0,0,1,0,near,0,0,0.46986447947501125,0.7792273709276767,sunspots
1,0,0.0,0.0,0.0,0.0,0.0,2,0,2,0,1,0,0,0,1,0,near,0,0,0.46986447947501125,0.7792273709276767,sunspots
1,0,0.0,0.0,0.0,0.0,0.0,2,0,2,0,1,0,0,0,1,0,near,0,0,0.46986447947501125,0.7792273709276767,sunspots
1,0,0.0,0.0,0.0,0.0,0.0,2,0,2,0,1,0,0,0,1,0,near,0,0,0.46986447947501125,0.7792273709276767,sunspots
1,0,0.0,0.0,0.0,0.0,0.0,2,0,2,0,1,0,0,0,1,0,near,0,0,0.46986447947501125,0.7792273709276767,sunspots
1,0,0.0,0.0,0.0,0.0,0.0,2,0,2,0,1,0,0,0,1,0,near,0,0,0.46986447947501125,0.7792273709276767,sunspots
1,0,0.0,0.0,0.0,0.0,0.0,2,0,2,0,1,0,0,0,1,0,near,0,0,0.46986447947501125,0.7792273709276767,sunspots
1,0,0.0,0.0,0.0,0.0,0.0,2,0,2,0,1,0,0,0,1,0,near,0,0,0.46986447947501125,0.7792273709276767,sunspots
1,0,0.0,0.0,0.0,0.0,0.0,2,0,2,0,1,0,0,0,1,0,near,0,0,0.46986447947501125,0.7792273709276767,sunspots
1,0,0.0,0.0,0.0,0.0,0.0,2,0,2,0,1,0,0,0,1,0,near,0,0,0.46986447947501125,0.7792273709276767,sunspots
1,0,0.0,0.0,0.0,0.0,0.0,2,0,2,0,1,0,0,0,1,0,near,0,0,0.46986447947501125,0.7792273709276767,sunspots
1,0,0.0,0.0,0.0,0.0,0.0,2,0,2,0,1,0,0,0,1,0,near,0,0,0.46986447947501125,0.7792273709276767,sunspots
1,0,0.0,0.0,0.0,0.0,0.0,2,0,2,0,1,0,0,0,1,0,near,0,0,0.46986447947501125,0.7792273709276767,sunspots
1,0,0.0,0.0,0.0,0.0,0.0,2,0,2,0,1,0,0,0,1,0,near,0,0,0.46986447947501125,0.7792273709276767,sunspots
1,0,0.0,0.0,0.0,0.0,0.0,2,0,2,0,1,0,0,0,1,0,near,0,0,0.46986447947501125,0.7792273709276767,sunspots
1,0,0.0,0.0,0.0,0.0,0.0,2,0,2,0,1,0,0,0,1,0,near,0,0,0.46986447947501125,0.7792273709276767,sunspots
1,0,0.0,0.0,0.0,0.0,0.0,2,0,2,0,1,0,0,0,1,0,near,0,0,0.46986447947501125,0.7792273709276767,sunspots
1,0,0.0,0.0,0.0,0.0,0.0,2,0,2,0,1,0,0,0,1,0,near,0,0,0.46986447947501125,0.7792273709276767,sunspots
1,0,0.0,0.0,0.0,0.0,0.0,2,0,2,0,1,0,0,0,1,0,near,0,0,0.46986447947501125,0.7792273709276767,sunspots
1,0,0.0,0.0,0.0,0.0,0.0,2,0,2,0,1,0,0,0,1,0,near,0,0,0.46986447947501125,0.7792273709276767,sunspots
1,0,0.0,0.0,0.0,0.0,0.0,2,0,2,0,1,0,0,0,1,0,near,0,0,0.46986447947501125,0.7792273709276767,sunspots
1,0,0.0,0.0,0.0,0.0,0.0,2,0,2,0,1,0,0,0,1,0,near,0,0,0.46986447947501125,0.7792273709276767,sunspots
1,0,0.0,0.0,0.0,0.0,0.0,2,0,2,0,1,0,0,0,1,0,near,0,0,0.46986447947501125,0.7792273709276767,sunspots
1,0,0.0,0.0,0.0,0.0,0.0,2,0,2,0,1,0,0,0,1,0,near,0,0,0.46986447947501125,0.7792273709276767,sunspots
1,0,0.0,0.0,0.0,0.0,0.0,2,0,2,0,1,0,0,0,1,0,near,0,0,0.46986447947501125,0.7792273709276767,sunspots
1,0,0.0,0.0,0.0,0.0,0.0,2,0,2,0,1,0,0,0,1,0,near,0,0,0.46986447947501125,0.7792273709276767,sunspots
2,225,225.0,0.6435468794458636,0.6435468794458636,0.25209034273898495,0.25209034273898495,4,0,2,1,1,0,0,1,1,1,near,0,1,0.4658315544807854,0.7830009628500151,sunspots
2,225,225.0,0.6435468794458636,0.6435468794458636,0.25209034273898495,0.25209034273898495,4,0,2,1,1,0,0,1,1,1,near,0,1,0.46741497236657514,0.7815232436075539,sunspots
2,225,225.0,0.6435468794458636,0.6435468794458636,0.25209034273898495,0.25209034273898495,4,0,2,1,1,0,0,1,1,1,near,0,1,0.46763439855887723,0.7813180692844772,sunspots
2,225,225.0,0.6435468794458636,0.6435468794458636,0.25209034273898495,0.25209034273898495,4,0,2,1,1,0,0,1,1,1,near,0,1,0.468032582474873,0.7809455017419012,sunspots
2,225,225.0,0.6435468794458636,0.6435468794458636,0.25209034273898495,0.25209034273898495,4,0,2,1,1,0,0,1,1,1,near,0,1,0.46805879073892415,0.780920968412016,sunspots
2,225,225.0,0.6435468794458636,0.6435468794458636,0.25209034273898495,0.25209034273898495,4,0,2,1,1,0,0,1,1,1,near,0,1,0.46954101259528697,0.7795312374909926,sunspots
2,0,0.0,0.0,0.0,0.0,0.0,2,0,1,0,1,1,0,0,1,0,near,0,0,0.4701384155484007,0.7789698702256393,sunspots
2,0,0.0,0.0,0.0,0.0,0.0,2,0,1,0,1,1,0,0,1,0,near,0,0,0.4701384155484007,0.7789698702256393,sunspots
2,0,0.0,0.0,0.0,0.0,0.0,2,0,1,0,1,1,0,0,1,0,near,0,0,0.4701384155484007,0.7789698702256393,sunspots
2,0,0.0,0.0,0.0,0.0,0.0,2,0,1,0,1,1,0,0,1,0,near,0,0,0.4701384155484007,0.7789698702256393,sunspots
2,0,0.0,0.0,0.0,0.0,0.0,2,0,1,0,1,1,0,0,1,0,near,0,0,0.4701384155484007,0.7789698702256393,sunspots
2,0,0.0,0.0,0.0,0.0,0.0,2,0,1,0,1,1,0,0,1,0,near,0,0,0.4701384155484007,0.7789698702256393,sunspots
2,0,0.0,0.0,0.0,0.0,0.0,2,0,1,0,1,1,0,0,1,0,near,0,0,0.4701384155484007,0.7789698702256393,sunspots
2,0,0.0,0.0,0.0,0.0,0.0,2,0,1,0,1,1,0,0,1,0,near,0,0,0.4701384155484007,0.7789698702256393,sunspots
2,0,0.0,0.0,0.0,0.0,0.0,2,0,1,0,1,1,0,0,1,0,near,0,0,0.4701384155484007,0.7789698702256393,sunspots
2,0,0.0,0.0,0.0,0.0,0.0,2,0,1,0,1,1,0,0,1,0,near,0,0,0.4701384155484007,0.7789698702256393,sunspots
2,0,0.0,0.0,0.0,0.0,0.0,2,0,1,0,1,1,0,0,1,0,near,0,0,0.4701384155484007,0.7789698702256393,sunspots
2,0,0.0,0.0,0.0,0.0,0.0,2,0,1,0,1,1,0,0,1,0,near,0,0,0.4701384155484007,0.7789698702256393,sunspots
2,0,0.0,0.0,0.0,0.0,0.0,2,0,1,0,1,1,0,0,1,0,near,0,0,0.4701384155484007,0.7789698702256393,sunspots
2,0,0.0,0.0,0.0,0.0,0.0,2,0,1,0,1,1,0,0,1,0,near,0,0,0.4701384155484007,0.7789698702256393,sunspots
2,0,0.0,0.0,0.0,0.0,0.0,2,0,1,0,1,1,0,0,1,0,near,0,0,0.4701384155484007,0.7789698702256393,sunspots
2,0,0.0,0.0,0.0,0.0,0.0,2,0,1,0,1,1,0,0,1,0,near,0,0,0.4701384155484007,0.7789698702256393,sunspots
2,0,0.0,0.0,0.0,0.0,0.0,2,0,1,0,1,1,0,0,1,0,near,0,0,0.4701384155484007,0.7789698702256393,sunspots
2,0,0.0,0.0,0.0,0.0,0.0,2,0,1,0,1,1,0,0,1,0,near,0,0,0.4701384155484007,0.7789698702256393,sunspots
2,0,0.0,0.0,0.0,0.0,0.0,2,0,1,0,1,1,0,0,1,0,near,0,0,0.4701384155484007,0.7789698702256393,sunspots
2,0,0.0,0.0,0.0,0.0,0.0,2,0,1,0,1,1,0,0,1,0,near,0,0,0.4701384155484007,0.7789698702256393,sunspots
2,0,0.0,0.0,0.0,0.0,0.0,2,0,1,0,1,1,0,0,1,0,near,0,0,0.4701384155484007,0.7789698702256393,sunspots
2,0,0.0,0.0,0.0,0.0,0.0,2,0,1,0,1,1,0,0,1,0,near,0,0,0.4701384155484007,0.7789698702256393,sunspots
2,0,0.0,0.0,0.0,0.0,0.0,2,0,1,0,1,1,0,0,1,0,near,0,0,0.4701384155484007,0.7789698702256393,sunspots
2,0,0.0,0.0,0.0,0.0,0.0,2,0,1,0,1,1,0,0,1,0,near,0,0,0.4701384155484007,0.7789698702256393,sunspots
2,0,0.0,0.0,0.0,0.0,0.0,2,0,1,0,1,1,0,0,1,0,near,0,0,0.4701384155484007,0.7789698702256393,sunspots
2,0,0.0,0.0,0.0,0.0,0.0,2,0,1,0,1,1,0,0,1,0,near,0,0,0.4701384155484007,0.7789698702256393,sunspots
2,0,0.0,0.0,0.0,0.0,0.0,2,0,1,0,1,1,0,0,1,0,near,0,0,0.4701384155484007,0.7789698702256393,sunspots
2,0,0.0,0.0,0.0,0.0,0.0,2,0,1,0,1,1,0,0,1,0,near,0,0,0.4701384155484007,0.7789698702256393,sunspots
2,0,0.0,0.0,0.0,0.0,0.0,2,0,1,0,1,1,0,0,1,0,near,0,0,0.4701384155484007,0.7789698702256393,sunspots
2,0,0.0,0.0,0.0,0.0,0.0,2,0,1,0,1,1,0,0,1,0,near,0,0,0.4701384155484007,0.7789698702256393,sunspots
2,0,0.0,0.0,0.0,0.0,0.0,2,0,1,0,1,1,0,0,1,0,near,0,0,0.4701384155484007,0.7789698702256393,sunspots
2,0,0.0,0.0,0.0,0.0,0.0,2,0,1,0,1,1,0,0,1,0,near,0,0,0.4701384155484007,0.7789698702256393,sunspots
2,0,0.0,0.0,0.0,0.0,0.0,2,0,1,0,1,1,0,0,1,0,near,0,0,0.4701384155484007,0.7789698702256393,sunspots
2,0,0.0,0.0,0.0,0.0,0.0,2,0,1,0,1,1,0,0,1,0,near,0,0,0.4701384155484007,0.7789698702256393,sunspots
2,0,0.0,0.0,0.0,0.0,0.0,2,0,1,0,1,1,0,0,1,0,near,0,0,0.4701384155484007,0.7789698702256393,sunspots
2,0,0.0,0.0,0.0,0.0,0.0,2,0,1,0,1,1,0,0,1,0,near,0,0,0.4701384155484007,0.7789698702256393,sunspots
2,0,0.0,0.0,0.0,0.0,0.0,2,0,1,0,1,1,0,0,1,0,near,0,0,0.4701384155484007,0.7789698702256393,sunspots
2,0,0.0,0.0,0.0,0.0,0.0,2,0,1,0,1,1,0,0,1,0,near,0,0,0.4701384155484007,0.7789698702256393,sunspots
2,0,0.0,0.0,0.0,0.0,0.0,2,0,1,0,1,1,0,0,1,0,near,0,0,0.4701384155484007,0.7789698702256393,sunspots
2,0,0.0,0.0,0.0,0.0,0.0,2,0,1,0,1,1,0,0,1,0,near,0,0,0.4701384155484007,0.7789698702256393,sunspots
2,0,0.0,0.0,0.0,0.0,0.0,2,0,1,0,1,1,0,0,1,0,near,0,0,0.4701384155484007,0.7789698702256393,sunspots
2,0,0.0,0.0,0.0,0.0,0.0,2,0,1,0,1,1,0,0,1,0,near,0,0,0.4701384155484007,0.7789698702256393,sunspots
2,0,0.0,0.0,0.0,0.0,0.0,2,0,1,0,1,1,0,0,1,0,near,0,0,0.4701384155484007,0.7789698702256393,sunspots
2,0,0.0,0.0,0.0,0.0,0.0,2,0,1,0,1,1,0,0,1,0,near,0,0,0.4701384155484007,0.7789698702256393,sunspots
2,0,0.0,0.0,0.0,0.0,0.0,2,0,1,0,1,1,0,0,1,0,near,0,0,0.4701384155484007,0.7789698702256393,sunspots
2,0,0.0,0.0,0.0,0.0,0.0,2,0,1,0,1,1,0,0,1,0,near,0,0,0.4701384155484007,0.7789698702256393,sunspots
2,0,0.0,0.0,0.0,0.0,0.0,2,0,1,0,1,1,0,0,1,0,near,0,0,0.4701384155484007,0.7789698702256393,sunspots
2,0,0.0,0.0,0.0,0.0,0.0,2,0,1,0,1,1,0,0,1,0,near,0,0,0.4701384155484007,0.7789698702256393,sunspots
2,0,0.0,0.0,0.0,0.0,0.0,2,0,1,0,1,1,0,0,1,0,near,0,0,0.4701384155484007,0.7789698702256393,sunspots
2,0,0.0,0.0,0.0,0.0,0.0,2,0,1,0,1,1,0,0,1,0,near,0,0,0.4701384155484007,0.7789698702256393,sunspots
2,0,0.0,0.0,0.0,0.0,0.0,2,0,1,0,1,1,0,0,1,0,near,0,0,0.4701384155484007,0.7789698702256393,sunspots
2,0,0.0,0.0,0.0,0.0,0.0,2,0,1,0,1,1,0,0,1,0,near,0,0,0.4701384155484007,0.7789698702256393,sunspots
2,0,0.0,0.0,0.0,0.0,0.0,2,0,1,0,1,1,0,0,1,0,near,0,0,0.4701384155484007,0.7789698702256393,sunspots
2,0,0.0,0.0,0.0,0.0,0.0,2,0,1,0,1,1,0,0,1,0,near,0,0,0.4701384155484007,0.7789698702256393,sunspots
2,0,0.0,0.0,0.0,0.0,0.0,2,0,1,0,1,1,0,0,1,0,near,0,0,0.4701384155484007,0.7789698702256393,sunspots
2,0,0.0,0.0,0.0,0.0,0.0,2,0,1,0,1,1,0,0,1,0,near,0,0,0.4701384155484007,0.7789698702256393,sunspots
2,0,0.0,0.0,0.0,0.0,0.0,2,0,1,0,1,1,0,0,1,0,near,0,0,0.4701384155484007,0.7789698702256393,sunspots
2,0,0.0,0.0,0.0,0.0,0.0,2,0,1,0,1,1,0,0,1,0,near,0,0,0.4701384155484007,0.7789698702256393,sunspots
2,0,0.0,0.0,0.0,0.0,0.0,2,0,1,0,1,1,0,0,1,0,near,0,0,0.4701384155484007,0.7789698702256393,sunspots
2,0,0.0,0.0,0.0,0.0,0.0,2,0,1,0,1,1,0,0,1,0,near,0,0,0.4701384155484007,0.7789698702256393,sunspots
2,0,0.0,0.0,0.0,0.0,0.0,2,0,1,0,1,1,0,0,1,0,near,0,0,0.4701384155484007,0.7789698702256393,sunspots
2,0,0.0,0.0,0.0,0.0,0.0,2,0,1,0,1,1,0,0,1,0,near,0,0,0.4701384155484007,0.7789698702256393,sunspots
2,0,0.0,0.0,0.0,0.0,0.0,2,0,1,0,1,1,0,0,1,0,near,0,0,0.4701384155484007,0.7789698702256393,sunspots
2,0,0.0,0.0,0.0,0.0,0.0,2,0,1,0,1,1,0,0,1,0,near,0,0,0.4701384155484007,0.7789698702256393,sunspots
2,0,0.0,0.0,0.0,0.0,0.0,2,0,1,0,1,1,0,0,1,0,near,0,0,0.4701384155484007,0.7789698702256393,sunspots
2,0,0.0,0.0,0.0,0.0,0.0,2,0,1,0,1,1,0,0,1,0,near,0,0,0.4701384155484007,0.7789698702256393,sunspots
2,0,0.0,0.0,0.0,0.0,0.0,2,0,1,0,1,1,0,0,1,0,near,0,0,0.4701384155484007,0.7789698702256393,sunspots
2,0,0.0,0.0,0.0,0.0,0.0,2,0,1,0,1,1,0,0,1,0,near,0,0,0.4701384155484007,0.7789698702256393,sunspots
2,0,0.0,0.0,0.0,0.0,0.0,2,0,1,0,1,1,0,0,1,0,near,0,0,0.4701384155484007,0.7789698702256393,sunspots
2,0,0.0,0.0,0.0,0.0,0.0,2,0,1,0,1,1,0,0,1,0,near,0,0,0.4701384155484007,0.7789698702256393,sunspots
2,0,0.0,0.0,0.0,0.0,0.0,2,0,1,0,1,1,0,0,1,0,near,0,0,0.4701384155484007,0.7789698702256393,sunspots
2,0,0.0,0.0,0.0,0.0,0.0,2,0,1,0,1,1,0,0,1,0,near,0,0,0.4701384155484007,0.7789698702256393,sunspots
2,0,0.0,0.0,0.0,0.0,0.0,2,0,1,0,1,1,0,0,1,0,near,0,0,0.4701384155484007,0.7789698702256393,sunspots
2,0,0.0,0.0,0.0,0.0,0.0,2,0,1,0,1,1,0,0,1,0,near,0,0,0.4701384155484007,0.7789698702256393,sunspots
2,0,0.0,0.0,0.0,0.0,0.0,2,0,1,0,1,1,0,0,1,0,near,0,0,0.4701384155484007,0.7789698702256393,sunspots
2,0,0.0,0.0,0.0,0.0,0.0,2,0,1,0,1,1,0,0,1,0,near,0,0,0.4701384155484007,0.7789698702256393,sunspots
2,0,0.0,0.0,0.0,0.0,0.0,2,0,1,0,1,1,0,0,1,0,near,0,0,0.4701384155484007,0.7789698702256393,sunspots
2,0,0.0,0.0,0.0,0.0,0.0,2,0,1,0,1,1,0,0,1,0,near,0,0,0.4701384155484007,0.7789698702256393,sunspots
2,0,0.0,0.0,0.0,0.0,0.0,2,0,1,0,1,1,0,0,1,0,near,0,0,0.4701384155484007,0.7789698702256393,sunspots
2,0,0.0,0.0,0.0,0.0,0.0,2,0,1,0,1,1,0,0,1,0,near,0,0,0.4701384155484007,0.7789698702256393,sunspots
2,0,0.0,0.0,0.0,0.0,0.0,2,0,1,0,1,1,0,0,1,0,near,0,0,0.4701384155484007,0.7789698702256393,sunspots
2,0,0.0,0.0,0.0,0.0,0.0,2,0,1,0,1,1,0,0,1,0,near,0,0,0.4701384155484007,0.7789698702256393,sunspots
2,0,0.0,0.0,0.0,0.0,0.0,2,0,1,0,1,1,0,0,1,0,near,0,0,0.4701384155484007,0.7789698702256393,sunspots
2,0,0.0,0.0,0.0,0.0,0.0,2,0,1,0,1,1,0,0,1,0,near,0,0,0.4701384155484007,0.7789698702256393,sunspots
2,0,0.0,0.0,0.0,0.0,0.0,2,0,1,0,1,1,0,0,1,0,near,0,0,0.4701384155484007,0.7789698702256393,sunspots
2,0,0.0,0.0,0.0,0.0,0.0,2,0,1,0,1,1,0,0,1,0,near,0,0,0.4701384155484007,0.7789698702256393,sunspots
2,0,0.0,0.0,0.0,0.0,0.0,2,0,1,0,1,1,0,0,1,0,near,0,0,0.4701384155484007,0.7789698702256393,sunspots
2,0,0.0,0.0,0.0,0.0,0.0,2,0,1,0,1,1,0,0,1,0,near,0,0,0.4701384155484007,0.7789698702256393,sunspots
2,0,0.0,0.0,0.0,0.0,0.0,2,0,1,0,1,1,0,0,1,0,near,0,0,0.4701384155484007,0.7789698702256393,sunspots
2,0,0.0,0.0,0.0,0.0,0.0,2,0,1,0,1,1,0,0,1,0,near,0,0,0.4701384155484007,0.7789698702256393,sunspots
2,0,0.0,0.0,0.0,0.0,0.0,2,0,1,0,1,1,0,0,1,0,near,0,0,0.4701384155484007,0.7789698702256393,sunspots
2,0,0.0,0.0,0.0,0.0,0.0,2,0,1,0,1,1,0,0,1,0,near,0,0,0.4701384155484007,0.7789698702256393,sunspots
2,0,0.0,0.0,0.0,0.0,0.0,2,0,1,0,1,1,0,0,1,0,near,0,0,0.4701384155484007,0.7789698702256393,sunspots
2,0,0.0,0.0,0.0,0.0,0.0,2,0,1,0,1,1,0,0,1,0,near,0,0,0.4701384155484007,0.7789698702256393,sunspots
24,0,0.0,0.0,0.0,0.0,0.0,2,0,2,0,1,1,0,0,0,0,near,0,0,0.46605269356590395,0.7827948868199657,sunspots
24,0,0.0,0.0,0.0,0.0,0.0,2,0,2,0,1,1,0,0,0,0,near,0,0,0.46605269356590395,0.7827948868199657,sunspots
24,0,0.0,0.0,0.0,0.0,0.0,2,0,2,0,1,1,0,0,0,0,near,0,0,0.46605269356590395,0.7827948868199657,sunspots
24,0,0.0,0.0,0.0,0.0,0.0,2,0,2,0,1,1,0,0,0,0,near,0,0,0.46605269356590395,0.7827948868199657,sunspots
24,0,0.0,0.0,0.0,0.0,0.0,2,0,2,0,1,1,0,0,0,0,near,0,0,0.46605269356590395,0.7827948868199657,sunspots
24,0,0.0,0.0,0.0,0.0,0.0,2,0,2,0,1,1,0,0,0,0,near,0,0,0.46605269356590395,0.7827948868199657,sunspots
24,0,0.0,0.0,0.0,0.0,0.0,2,0,2,0,1,1,0,0,0,0,near,0,0,0.46605269356590395,0.7827948868199657,sunspots
24,0,0.0,0.0,0.0,0.0,0.0,2,0,2,0,1,1,0,0,0,0,near,0,0,0.46605269356590395,0.7827948868199657,sunspots
24,0,0.0,0.0,0.0,0.0,0.0,2,0,2,0,1,1,0,0,0,0,near,0,0,0.46605269356590395,0.7827948868199657,sunspots
24,0,0.0,0.0,0.0,0.0,0.0,2,0,2,0,1,1,0,0,0,0,near,0,0,0.46605269356590395,0.7827948868199657,sunspots
24,0,0.0,0.0,0.0,0.0,0.0,2,0,2,0,1,1,0,0,0,0,near,0,0,0.46605269356590395,0.7827948868199657,sunspots
24,0,0.0,0.0,0.0,0.0,0.0,2,0,2,0,1,1,0,0,0,0,near,0,0,0.46605269356590395,0.7827948868199657,sunspots
24,0,0.0,0.0,0.0,0.0,0.0,2,0,2,0,1,1,0,0,0,0,near,0,0,0.46605269356590395,0.7827948868199657,sunspots
24,0,0.0,0.0,0.0,0.0,0.0,2,0,2,0,1,1,0,0,0,0,near,0,0,0.46605269356590395,0.7827948868199657,sunspots
24,0,0.0,0.0,0.0,0.0,0.0,2,0,2,0,1,1,0,0,0,0,near,0,0,0.46605269356590395,0.7827948868199657,sunspots
24,0,0.0,0.0,0.0,0.0,0.0,2,0,2,0,1,1,0,0,0,0,near,0,0,0.46605269356590395,0.7827948868199657,sunspots
24,0,0.0,0.0,0.0,0.0,0.0,2,0,2,0,1,1,0,0,0,0,near,0,0,0.46605269356590395,0.7827948868199657,sunspots
24,0,0.0,0.0,0.0,0.0,0.0,2,0,2,0,1,1,0,0,0,0,near,0,0,0.46605269356590395,0.7827948868199657,sunspots
24,0,0.0,0.0,0.0,0.0,0.0,2,0,2,0,1,1,0,0,0,0,near,0,0,0.46605269356590395,0.7827948868199657,sunspots
24,0,0.0,0.0,0.0,0.0,0.0,2,0,2,0,1,1,0,0,0,0,near,0,0,0.46605269356590395,0.7827948868199657,sunspots
24,0,0.0,0.0,0.0,0.0,0.0,2,0,2,0,1,1,0,0,0,0,near,0,0,0.46605269356590395,0.7827948868199657,sunspots
24,0,0.0,0.0,0.0,0.0,0.0,2,0,2,0,1,1,0,0,0,0,near,0,0,0.46605269356590395,0.7827948868199657,sunspots
24,0,0.0,0.0,0.0,0.0,0.0,2,0,2,0,1,1,0,0,0,0,near,0,0,0.46605269356590395,0.7827948868199657,sunspots
24,0,0.0,0.0,0.0,0.0,0.0,2,0,2,0,1,1,0,0,0,0,near,0,0,0.46605269356590395,0.7827948868199657,sunspots
24,0,0.0,0.0,0.0,0.0,0.0,2,0,2,0,1,1,0,0,0,0,near,0,0,0.46605269356590395,0.7827948868199657,sunspots
24,0,0.0,0.0,0.0,0.0,0.0,2,0,2,0,1,1,0,0,0,0,near,0,0,0.46605269356590395,0.7827948868199657,sunspots
24,0,0.0,0.0,0.0,0.0,0.0,2,0,2,0,1,1,0,0,0,0,near,0,0,0.46605269356590395,0.7827948868199657,sunspots
24,0,0.0,0.0,0.0,0.0,0.0,2,0,2,0,1,1,0,0,0,0,near,0,0,0.46605269356590395,0.7827948868199657,sunspots
24,0,0.0,0.0,0.0,0.0,0.0,2,0,2,0,1,1,0,0,0,0,near,0,0,0.46605269356590395,0.7827948868199657,sunspots
24,0,0.0,0.0,0.0,0.0,0.0,2,0,2,0,1,1,0,0,0,0,near,0,0,0.46605269356590395,0.7827948868199657,sunspots
24,0,0.0,0.0,0.0,0.0,0.0,2,0,2,0,1,1,0,0,0,0,near,0,0,0.46605269356590395,0.7827948868199657,sunspots
24,0,0.0,0.0,0.0,0.0,0.0,2,0,2,0,1,1,0,0,0,0,near,0,0,0.46605269356590395,0.7827948868199657,sunspots
24,0,0.0,0.0,0.0,0.0,0.0,2,0,2,0,1,1,0,0,0,0,near,0,0,0.46605269356590395,0.7827948868199657,sunspots
24,0,0.0,0.0,0.0,0.0,0.0,2,0,2,0,1,1,0,0,0,0,near,0,0,0.46605269356590395,0.7827948868199657,sunspots
24,0,0.0,0.0,0.0,0.0,0.0,2,0,2,0,1,1,0,0,0,0,near,0,0,0.46605269356590395,0.7827948868199657,sunspots
24,0,0.0,0.0,0.0,0.0,0.0,2,0,2,0,1,1,0,0,0,0,near,0,0,0.46605269356590395,0.7827948868199657,sunspots
24,0,0.0,0.0,0.0,0.0,0.0,2,0,2,0,1,1,0,0,0,0,near,0,0,0.46605269356590395,0.7827948868199657,sunspots
24,0,0.0,0.0,0.0,0.0,0.0,2,0,2,0,1,1,0,0,0,0,near,0,0,0.46605269356590395,0.7827948868199657,sunspots
24,0,0.0,0.0,0.0,0.0,0.0,2,0,2,0,1,1,0,0,0,0,near,0,0,0.46605269356590395,0.7827948868199657,sunspots
24,0,0.0,0.0,0.0,0.0,0.0,2,0,2,0,1,1,0,0,0,0,near,0,0,0.46605269356590395,0.7827948868199657,sunspots
24,0,0.0,0.0,0.0,0.0,0.0,2,0,2,0,1,1,0,0,0,0,near,0,0,0.46605269356590395,0.7827948868199657,sunspots
24,0,0.0,0.0,0.0,0.0,0.0,2,0,2,0,1,1,0,0,0,0,near,0,0,0.46605269356590395,0.7827948868199657,sunspots
24,0,0.0,0.0,0.0,0.0,0.0,2,0,2,0,1,1,0,0,0,0,near,0,0,0.46605269356590395,0.7827948868199657,sunspots
24,0,0.0,0.0,0.0,0.0,0.0,2,0,2,0,1,1,0,0,0,0,near,0,0,0.46605269356590395,0.7827948868199657,sunspots
24,0,0.0,0.0,0.0,0.0,0.0,2,0,2,0,1,1,0,0,0,0,near,0,0,0.46605269356590395,0.7827948868199657,sunspots
24,0,0.0,0.0,0.0,0.0,0.0,2,0,2,0,1,1,0,0,0,0,near,0,0,0.46605269356590395,0.7827948868199657,sunspots
24,0,0.0,0.0,0.0,0.0,0.0,2,0,2,0,1,1,0,0,0,0,near,0,0,0.46605269356590395,0.7827948868199657,sunspots
24,0,0.0,0.0,0.0,0.0,0.0,2,0,2,0,1,1,0,0,0,0,near,0,0,0.46605269356590395,0.7827948868199657,sunspots
24,0,0.0,0.0,0.0,0.0,0.0,2,0,2,0,1,1,0,0,0,0,near,0,0,0.46605269356590395,0.7827948868199657,sunspots
24,0,0.0,0.0,0.0,0.0,0.0,2,0,2,0,1,1,0,0,0,0,near,0,0,0.46605269356590395,0.7827948868199657,sunspots
24,0,0.0,0.0,0.0,0.0,0.0,2,0,2,0,1,1,0,0,0,0,near,0,0,0.46605269356590395,0.7827948868199657,sunspots
24,0,0.0,0.0,0.0,0.0,0.0,2,0,2,0,1,1,0,0,0,0,near,0,0,0.46605269356590395,0.7827948868199657,sunspots
24,0,0.0,0.0,0.0,0.0,0.0,2,0,2,0,1,1,0,0,0,0,near,0,0,0.46605269356590395,0.7827948868199657,sunspots
24,0,0.0,0.0,0.0,0.0,0.0,2,0,2,0,1,1,0,0,0,0,near,0,0,0.46605269356590395,0.7827948868199657,sunspots
24,0,0.0,0.0,0.0,0.0,0.0,2,0,2,0,1,1,0,0,0,0,near,0,0,0.46605269356590395,0.7827948868199657,sunspots
24,0,0.0,0.0,0.0,0.0,0.0,2,0,2,0,1,1,0,0,0,0,near,0,0,0.46605269356590395,0.7827948868199657,sunspots
24,0,0.0,0.0,0.0,0.0,0.0,2,0,2,0,1,1,0,0,0,0,near,0,0,0.46605269356590395,0.7827948868199657,sunspots
24,0,0.0,0.0,0.0,0.0,0.0,2,0,2,0,1,1,0,0,0,0,near,0,0,0.46605269356590395,0.7827948868199657,sunspots
24,0,0.0,0.0,0.0,0.0,0.0,2,0,2,0,1,1,0,0,0,0,near,0,0,0.46605269356590395,0.7827948868199657,sunspots
24,0,0.0,0.0,0.0,0.0,0.0,2,0,2,0,1,1,0,0,0,0,near,0,0,0.46605269356590395,0.7827948868199657,sunspots
24,0,0.0,0.0,0.0,0.0,0.0,2,0,2,0,1,1,0,0,0,0,near,0,0,0.46605269356590395,0.7827948868199657,sunspots
24,0,0.0,0.0,0.0,0.0,0.0,2,0,2,0,1,1,0,0,0,0,near,0,0,0.46605269356590395,0.7827948868199657,sunspots
24,0,0.0,0.0,0.0,0.0,0.0,2,0,2,0,1,1,0,0,0,0,near,0,0,0.46605269356590395,0.7827948868199657,sunspots
24,0,0.0,0.0,0.0,0.0,0.0,2,0,2,0,1,1,0,0,0,0,near,0,0,0.46605269356590395,0.7827948868199657,sunspots
24,0,0.0,0.0,0.0,0.0,0.0,2,0,2,0,1,1,0,0,0,0,near,0,0,0.46605269356590395,0.7827948868199657,sunspots
24,0,0.0,0.0,0.0,0.0,0.0,2,0,2,0,1,1,0,0,0,0,near,0,0,0.46605269356590395,0.7827948868199657,sunspots
24,0,0.0,0.0,0.0,0.0,0.0,2,0,2,0,1,1,0,0,0,0,near,0,0,0.46605269356590395,0.7827948868199657,sunspots
24,0,0.0,0.0,0.0,0.0,0.0,2,0,2,0,1,1,0,0,0,0,near,0,0,0.46605269356590395,0.7827948868199657,sunspots
24,0,0.0,0.0,0.0,0.0,0.0,2,0,2,0,1,1,0,0,0,0,near,0,0,0.46605269356590395,0.7827948868199657,sunspots
24,0,0.0,0.0,0.0,0.0,0.0,2,0,2,0,1,1,0,0,0,0,near,0,0,0.46605269356590395,0.7827948868199657,sunspots
24,0,0.0,0.0,0.0,0.0,0.0,2,0,2,0,1,1,0,0,0,0,near,0,0,0.46605269356590395,0.7827948868199657,sunspots
24,0,0.0,0.0,0.0,0.0,0.0,2,0,2,0,1,1,0,0,0,0,near,0,0,0.46605269356590395,0.7827948868199657,sunspots
24,0,0.0,0.0,0.0,0.0,0.0,2,0,2,0,1,1,0,0,0,0,near,0,0,0.46605269356590395,0.7827948868199657,sunspots
24,0,0.0,0.0,0.0,0.0,0.0,2,0,2,0,1,1,0,0,0,0,near,0,0,0.46605269356590395,0.7827948868199657,sunspots
24,0,0.0,0.0,0.0,0.0,0.0,2,0,2,0,1,1,0,0,0,0,near,0,0,0.46605269356590395,0.7827948868199657,sunspots
24,0,0.0,0.0,0.0,0.0,0.0,2,0,2,0,1,1,0,0,0,0,near,0,0,0.46605269356590395,0.7827948868199657,sunspots
24,0,0.0,0.0,0.0,0.0,0.0,2,0,2,0,1,1,0,0,0,0,near,0,0,0.46605269356590395,0.7827948868199657,sunspots
24,0,0.0,0.0,0.0,0.0,0.0,2,0,2,0,1,1,0,0,0,0,near,0,0,0.46605269356590395,0.7827948868199657,sunspots
24,0,0.0,0.0,0.0,0.0,0.0,2,0,2,0,1,1,0,0,0,0,near,0,0,0.46605269356590395,0.7827948868199657,sunspots
24,0,0.0,0.0,0.0,0.0,0.0,2,0,2,0,1,1,0,0,0,0,near,0,0,0.46605269356590395,0.7827948868199657,sunspots
24,0,0.0,0.0,0.0,0.0,0.0,2,0,2,0,1,1,0,0,0,0,near,0,0,0.46605269356590395,0.7827948868199657,sunspots
24,0,0.0,0.0,0.0,0.0,0.0,2,0,2,0,1,1,0,0,0,0,near,0,0,0.46605269356590395,0.7827948868199657,sunspots
24,0,0.0,0.0,0.0,0.0,0.0,2,0,2,0,1,1,0,0,0,0,near,0,0,0.46605269356590395,0.7827948868199657,sunspots
24,0,0.0,0.0,0.0,0.0,0.0,2,0,2,0,1,1,0,0,0,0,near,0,0,0.46605269356590395,0.7827948868199657,sunspots
24,0,0.0,0.0,0.0,0.0,0.0,2,0,2,0,1,1,0,0,0,0,near,0,0,0.46605269356590395,0.7827948868199657,sunspots
24,0,0.0,0.0,0.0,0.0,0.0,2,0,2,0,1,1,0,0,0,0,near,0,0,0.46605269356590395,0.7827948868199657,sunspots
24,0,0.0,0.0,0.0,0.0,0.0,2,0,2,0,1,1,0,0,0,0,near,0,0,0.46605269356590395,0.7827948868199657,sunspots
24,0,0.0,0.0,0.0,0.0,0.0,2,0,2,0,1,1,0,0,0,0,near,0,0,0.46605269356590395,0.7827948868199657,sunspots
24,0,0.0,0.0,0.0,0.0,0.0,2,0,2,0,1,1,0,0,0,0,near,0,0,0.46605269356590395,0.7827948868199657,sunspots
24,0,0.0,0.0,0.0,0.0,0.0,2,0,2,0,1,1,0,0,0,0,near,0,0,0.46605269356590395,0.7827948868199657,sunspots
24,0,0.0,0.0,0.0,0.0,0.0,2,0,2,0,1,1,0,0,0,0,near,0,0,0.46605269356590395,0.7827948868199657,sunspots
24,0,0.0,0.0,0.0,0.0,0.0,2,0,2,0,1,1,0,0,0,0,near,0,0,0.46605269356590395,0.7827948868199657,sunspots
24,0,0.0,0.0,0.0,0.0,0.0,2,0,2,0,1,1,0,0,0,0,near,0,0,0.46605269356590395,0.7827948868199657,sunspots
24,0,0.0,0.0,0.0,0.0,0.0,2,0,2,0,1,1,0,0,0,0,near,0,0,0.46605269356590395,0.7827948868199657,sunspots
24,0,0.0,0.0,0.0,0.0,0.0,2,0,2,0,1,1,0,0,0,0,near,0,0,0.46605269356590395,0.7827948868199657,sunspots
24,0,0.0,0.0,0.0,0.0,0.0,2,0,2,0,1,1,0,0,0,0,near,0,0,0.46605269356590395,0.7827948868199657,sunspots
24,0,0.0,0.0,0.0,0.0,0.0,2,0,2,0,1,1,0,0,0,0,near,0,0,0.46605269356590395,0.7827948868199657,sunspots
24,0,0.0,0.0,0.0,0.0,0.0,2,0,2,0,1,1,0,0,0,0,near,0,0,0.46605269356590395,0.7827948868199657,sunspots
24,0,0.0,0.0,0.0,0.0,0.0,2,0,2,0,1,1,0,0,0,0,near,0,0,0.46605269356590395,0.7827948868199657,sunspots
24,0,0.0,0.0,0.0,0.0,0.0,2,0,2,0,1,1,0,0,0,0,near,0,0,0.46605269356590395,0.7827948868199657,sunspots
312,312,312.0,0.8148850114656866,0.8148850114656866,0.912864100344172,0.912864100344172,0,0,1,1,0,0,0,0,0,1,near,0,0,0.04262583323857398,0.9858939497649806,water
312,312,312.0,0.8148850114656866,0.8148850114656866,0.912864100344172,0.912864100344172,0,0,1,1,0,0,0,0,0,1,near,0,0,0.04293512135789567,0.9856885033713605,water
312,312,312.0,0.8148850114656866,0.8148850114656866,0.912864100344172,0.912864100344172,0,0,1,1,0,0,0,0,0,1,near,0,0,0.04295874195389771,0.98567275220743,water
312,312,312.0,0.8148850114656866,0.8148850114656866,0.912864100344172,0.912864100344172,0,0,1,1,0,0,0,0,0,1,near,0,0,0.04316819751472022,0.985532699801875,water
312,312,312.0,0.8148850114656866,0.8148850114656866,0.912864100344172,0.912864100344172,0,0,1,1,0,0,0,0,0,1,near,0,0,0.04319871281100184,0.9855122389063645,water
312,312,312.0,0.8148850114656866,0.8148850114656866,0.912864100344172,0.912864100344172,0,0,1,1,0,0,0,0,0,1,near,0,0,0.04341657093547935,0.9853657421678632,water
312,312,312.0,0.8148850114656866,0.8148850114656866,0.912864100344172,0.912864100344172,0,0,1,1,0,0,0,0,0,1,near,0,0,0.043417663725804696,0.9853650054732651,water
312,312,312.0,0.8148850114656866,0.8148850114656866,0.912864100344172,0.912864100344172,0,0,1,1,0,0,0,0,0,1,near,0,0,0.04342530226821475,0.9853598555020104,water
312,312,312.0,0.8148850114656866,0.8148850114656866,0.912864100344172,0.912864100344172,0,0,1,1,0,0,0,0,0,1,near,0,0,0.043434504294862154,0.9853536502130866,water
441,441,441.0,0.7585774258481361,0.7585774258481361,0.5917344344554039,0.5917344344554039,0,0,1,1,0,0,0,0,0,1,near,0,0,0.043449680126689094,0.9853434136799412,water
312,312,312.0,0.8148850114656866,0.8148850114656866,0.912864100344172,0.912864100344172,0,0,1,1,0,0,0,0,0,1,near,0,0,0.04353859580443349,0.9852833656547036,water
312,312,312.0,0.8148850114656866,0.8148850114656866,0.912864100344172,0.912864100344172,0,0,1,1,0,0,0,0,0,1,near,0,0,0.04355108394283071,0.9852749221245317,water
312,312,312.0,0.8148850114656866,0.8148850114656866,0.912864100344172,0.912864100344172,0,0,1,1,0,0,0,0,0,1,near,0,0,0.04355644661455796,0.9852712955502475,water
312,312,312.0,0.8148850114656866,0.8148850114656866,0.912864100344172,0.912864100344172,0,0,1,1,0,0,0,0,0,1,near,0,0,0.04359838988993908,0.9852429154779567,water
312,312,312.0,0.8148850114656866,0.8148850114656866,0.912864100344172,0.912864100344172,0,0,1,1,0,0,0,0,0,1,near,0,0,0.04364127477519205,0.9852138700417622,water
312,312,312.0,0.8148850114656866,0.8148850114656866,0.912864100344172,0.912864100344172,0,0,1,1,0,0,0,0,0,1,near,0,0,0.04368115564234182,0.9851868335665918,water
312,312,312.0,0.8148850114656866,0.8148850114656866,0.912864100344172,0.912864100344172,0,0,1,1,0,0,0,0,0,1,near,0,0,0.043687582206506564,0.9851824744892677,water
312,312,312.0,0.8148850114656866,0.8148850114656866,0.7774338561189906,0.7774338561189906,0,0,1,1,0,0,0,0,0,1,near,0,0,0.043691826482446385,0.9851795952856716,water
441,441,441.0,0.7585774258481361,0.7585774258481361,0.5917344344554039,0.5917344344554039,0,0,1,1,0,0,0,0,0,1,near,0,0,0.04369915688541581,0.9851746218770969,water
312,312,312.0,0.8148850114656866,0.8148850114656866,0.912864100344172,0.912864100344172,0,0,1,1,0,0,0,0,0,1,near,0,0,0.04370406620091737,0.985171290620746,water
312,312,312.0,0.8148850114656866,0.8148850114656866,0.912864100344172,0.912864100344172,0,0,1,1,0,0,0,0,0,1,near,0,0,0.04374896277174885,0.9851408083237474,water
312,312,312.0,0.8148850114656866,0.8148850114656866,0.912864100344172,0.912864100344172,0,0,1,1,0,0,0,0,0,1,near,0,0,0.04375807133121322,0.9851346202949605,water
441,441,441.0,0.7585774258481361,0.7585774258481361,0.5917344344554039,0.5917344344554039,0,0,1,1,0,0,0,0,0,1,near,0,0,0.04376750757254205,0.9851282082922947,water
312,312,312.0,0.8148850114656866,0.8148850114656866,0.912864100344172,0.912864100344172,0,0,1,1,0,0,0,0,0,1,near,0,0,0.04377701175796112,0.9851217487235273,water
312,312,312.0,0.8148850114656866,0.8148850114656866,0.912864100344172,0.912864100344172,0,0,1,1,0,0,0,0,0,1,near,0,0,0.0437995381769112,0.9851064329247381,water
441,441,441.0,0.7585774258481361,0.7585774258481361,0.5917344344554039,0.5917344344554039,0,0,1,1,0,0,0,0,0,1,near,0,0,0.043811911926694196,0.9850980166120692,water
312,312,312.0,0.8148850114656866,0.8148850114656866,0.6747353745613747,0.6747353745613747,0,0,1,1,0,0,0,0,0,1,near,0,0,0.04382331123166477,0.9850902609883067,water
312,312,312.0,0.8148850114656866,0.8148850114656866,0.912864100344172,0.912864100344172,0,0,1,1,0,0,0,0,0,1,near,0,0,0.04383902402876201,0.9850795673325076,water
312,312,312.0,0.8148850114656866,0.8148850114656866,0.912864100344172,0.912864100344172,0,0,1,1,0,0,0,0,0,1,near,0,0,0.043839700765703364,0.9850791066796474,water
312,312,312.0,0.8148850114656866,0.8148850114656866,0.912864100344172,0.912864100344172,0,0,1,1,0,0,0,0,0,1,near,0,0,0.043859357904188274,0.9850657230197426,water
312,312,312.0,0.8148850114656866,0.8148850114656866,0.912864100344172,0.912864100344172,0,0,1,1,0,0,0,0,0,1,near,0,0,0.043862176810839655,0.9850638032613336,water
312,312,312.0,0.8148850114656866,0.8148850114656866,0.912864100344172,0.912864100344172,0,0,1,1,0,0,0,0,0,1,near,0,0,0.0438694814929646,0.9850588279836701,water
312,312,312.0,0.8148850114656866,0.8148850114656866,0.912864100344172,0.912864100344172,0,0,1,1,0,0,0,0,0,1,near,0,0,0.04387866744031787,0.9850525701851134,water
441,441,441.0,0.7585774258481361,0.7585774258481361,0.5917344344554039,0.5917344344554039,0,0,1,1,0,0,0,0,0,1,near,0,0,0.04390184480616058,0.9850367751043887,water
312,312,312.0,0.8148850114656866,0.8148850114656866,0.912864100344172,0.912864100344172,0,0,1,1,0,0,0,0,0,1,near,0,0,0.043922758216750624,0.9850225157217727,water
312,312,312.0,0.8148850114656866,0.8148850114656866,0.912864100344172,0.912864100344172,0,0,1,1,0,0,0,0,0,1,near,0,0,0.043940008078572415,0.9850107491443661,water
312,312,312.0,0.8148850114656866,0.8148850114656866,0.912864100344172,0.912864100344172,0,0,1,1,0,0,0,0,0,1,near,0,0,0.04395764708290426,0.9849987123450584,water
312,312,312.0,0.8148850114656866,0.8148850114656866,0.912864100344172,0.912864100344172,0,0,1,1,0,0,0,0,0,1,near,0,0,0.043965747979956254,0.984993182700378,water
312,312,312.0,0.8148850114656866,0.8148850114656866,0.912864100344172,0.912864100344172,0,0,1,1,0,0,0,0,0,1,near,0,0,0.04396981861107633,0.9849904037168171,water
312,312,312.0,0.8148850114656866,0.8148850114656866,0.912864100344172,0.912864100344172,0,0,1,1,0,0,0,0,0,1,near,0,0,0.043982693710537736,0.9849816123074118,water
312,312,312.0,0.8148850114656866,0.8148850114656866,0.912864100344172,0.912864100344172,0,0,1,1,0,0,0,0,0,1,near,0,0,0.04398420355831393,0.9849805811805502,water
312,312,312.0,0.8148850114656866,0.8148850114656866,0.912864100344172,0.912864100344172,0,0,1,1,0,0,0,0,0,1,near,0,0,0.04398915277809297,0.9849772009403353,water
140,140,140.0,0.8805470585887716,0.8805470585887716,0.9411045264294366,0.9411045264294366,0,0,1,1,0,0,0,0,0,1,near,0,0,0.043992839071845626,0.9849746830118378,water
312,312,312.0,0.8148850114656866,0.8148850114656866,0.912864100344172,0.912864100344172,0,0,1,1,0,0,0,0,0,1,near,0,0,0.04399494226263477,0.9849732463296711,water
312,312,312.0,0.8148850114656866,0.8148850114656866,0.912864100344172,0.912864100344172,0,0,1,1,0,0,0,0,0,1,near,0,0,0.044000329307266675,0.9849695661453336,water
312,312,312.0,0.8148850114656866,0.8148850114656866,0.912864100344172,0.912864100344172,0,0,1,1,0,0,0,0,0,1,near,0,0,0.044002541174401756,0.984968054967631,water
312,312,312.0,0.8148850114656866,0.8148850114656866,0.912864100344172,0.912864100344172,0,0,1,1,0,0,0,0,0,1,near,0,0,0.044003132260039296,0.9849676511170236,water
312,312,312.0,0.8148850114656866,0.8148850114656866,0.912864100344172,0.912864100344172,0,0,1,1,0,0,0,0,0,1,near,0,0,0.04400976682100442,0.9849631177782088,water
312,312,312.0,0.8148850114656866,0.8148850114656866,0.912864100344172,0.912864100344172,0,0,1,1,0,0,0,0,0,1,near,0,0,0.0440164893109715,0.9849585236611497,water
312,312,312.0,0.8148850114656866,0.8148850114656866,0.912864100344172,0.912864100344172,0,0,1,1,0,0,0,0,0,1,near,0,0,0.04403556127951062,0.9849454861510125,water
441,441,441.0,0.7585774258481361,0.7585774258481361,0.5917344344554039,0.5917344344554039,0,0,1,1,0,0,0,0,0,1,near,0,0,0.04404390183797091,0.9849397828085166,water
441,441,441.0,0.7585774258481361,0.7585774258481361,0.5917344344554039,0.5917344344554039,0,0,1,1,0,0,0,0,0,1,near,0,0,0.044064422942812966,0.9849257457100558,water
312,312,312.0,0.8148850114656866,0.8148850114656866,0.912864100344172,0.912864100344172,0,0,1,1,0,0,0,0,0,1,near,0,0,0.044073393859068305,0.98491960725961,water
312,312,312.0,0.8148850114656866,0.8148850114656866,0.912864100344172,0.912864100344172,0,0,1,1,0,0,0,0,0,1,near,0,0,0.044076222197016124,0.9849176716784398,water
312,312,312.0,0.8148850114656866,0.8148850114656866,0.912864100344172,0.912864100344172,0,0,1,1,0,0,0,0,0,1,near,0,0,0.04407744715688189,0.9849168333351024,water
312,312,312.0,0.8148850114656866,0.8148850114656866,0.912864100344172,0.912864100344172,0,0,1,1,0,0,0,0,0,1,near,0,0,0.044081672887441366,0.9849139411325049,water
312,312,312.0,0.8148850114656866,0.8148850114656866,0.912864100344172,0.912864100344172,0,0,1,1,0,0,0,0,0,1,near,0,0,0.044107153011182336,0.9848964959805598,water
441,441,441.0,0.7585774258481361,0.7585774258481361,0.5917344344554039,0.5917344344554039,0,0,1,1,0,0,0,0,0,1,near,0,0,0.044122346690963044,0.9848860887195008,water
312,312,312.0,0.8148850114656866,0.8148850114656866,0.912864100344172,0.912864100344172,0,0,1,1,0,0,0,0,0,1,near,0,0,0.04412835902560997,0.9848819694425152,water
441,441,441.0,0.7585774258481361,0.7585774258481361,0.5917344344554039,0.5917344344554039,0,0,1,1,0,0,0,0,0,1,near,0,0,0.04413117827630674,0.9848800376743454,water
312,312,312.0,0.8148850114656866,0.8148850114656866,0.912864100344172,0.912864100344172,0,0,1,1,0,0,0,0,0,1,near,0,0,0.0441337553837415,0.9848782717162823,water
441,441,441.0,0.7585774258481361,0.7585774258481361,0.5917344344554039,0.5917344344554039,0,0,1,1,0,0,0,0,0,1,near,0,0,0.04415235737482793,0.9848655216779577,water
312,312,312.0,0.8148850114656866,0.8148850114656866,0.912864100344172,0.912864100344172,0,0,1,1,0,0,0,0,0,1,near,0,0,0.04415782909844033,0.9848617702672212,water
312,312,312.0,0.8148850114656866,0.8148850114656866,0.912864100344172,0.912864100344172,0,0,1,1,0,0,0,0,0,1,near,0,0,0.044161822544411804,0.9848590320693811,water
441,441,441.0,0.7585774258481361,0.7585774258481361,0.5917344344554039,0.5917344344554039,0,0,1,1,0,0,0,0,0,1,near,0,0,0.04416901714583175,0.9848540983009586,water
312,312,312.0,0.8148850114656866,0.8148850114656866,0.912864100344172,0.912864100344172,0,0,1,1,0,0,0,0,0,1,near,0,0,0.044176159646030416,0.9848491994664516,water
441,441,441.0,0.7585774258481361,0.7585774258481361,0.5917344344554039,0.5917344344554039,0,0,1,1,0,0,0,0,0,1,near,0,0,0.04418221490352999,0.984845045719867,water
441,441,441.0,0.7585774258481361,0.7585774258481361,0.5917344344554039,0.5917344344554039,0,0,1,1,0,0,0,0,0,1,near,0,0,0.0441843423123268,0.98484358623852,water
312,312,312.0,0.8148850114656866,0.8148850114656866,0.912864100344172,0.912864100344172,0,0,1,1,0,0,0,0,0,1,near,0,0,0.04419810803729533,0.9848341407420661,water
441,441,441.0,0.7585774258481361,0.7585774258481361,0.5917344344554039,0.5917344344554039,0,0,1,1,0,0,0,0,0,1,near,0,0,0.0442009240558148,0.9848322081389322,water
441,441,441.0,0.7585774258481361,0.7585774258481361,0.5917344344554039,0.5917344344554039,0,0,1,1,0,0,0,0,0,1,near,0,0,0.044228587216526345,0.9848132166643047,water
441,441,441.0,0.7585774258481361,0.7585774258481361,0.5917344344554039,0.5917344344554039,0,0,1,1,0,0,0,0,0,1,near,0,0,0.04423356994413692,0.9848097946301891,water
441,441,441.0,0.7585774258481361,0.7585774258481361,0.5917344344554039,0.5917344344554039,0,0,1,1,0,0,0,0,0,1,near,0,0,0.04425417729112926,0.984795637837064,water
441,441,441.0,0.7585774258481361,0.7585774258481361,0.5917344344554039,0.5917344344554039,0,0,1,1,0,0,0,0,0,1,near,0,0,0.04425608726841527,0.9847943253908802,water
312,312,312.0,0.8148850114656866,0.8148850114656866,0.912864100344172,0.912864100344172,0,0,1,1,0,0,0,0,0,1,near,0,0,0.044258252098392716,0.9847928377534793,water
312,312,312.0,0.8148850114656866,0.8148850114656866,0.912864100344172,0.912864100344172,0,0,1,1,0,0,0,0,0,1,near,0,0,0.0442927174690873,0.9847691438869485,water
312,312,312.0,0.8148850114656866,0.8148850114656866,0.912864100344172,0.912864100344172,0,0,1,1,0,0,0,0,0,1,near,0,0,0.044299562548707615,0.9847644359130544,water
312,312,312.0,0.8148850114656866,0.8148850114656866,0.912864100344172,0.912864100344172,0,0,1,1,0,0,0,0,0,1,near,0,0,0.04430375027455978,0.9847615552804878,water
312,312,312.0,0.8148850114656866,0.8148850114656866,0.912864100344172,0.912864100344172,0,0,1,1,0,0,0,0,0,1,near,0,0,0.04430793026116384,0.984758679700013,water
441,441,441.0,0.7585774258481361,0.7585774258481361,0.5917344344554039,0.5917344344554039,0,0,1,1,0,0,0,0,0,1,near,0,0,0.04430834046369995,0.9847583974906142,water
312,312,312.0,0.8148850114656866,0.8148850114656866,0.912864100344172,0.912864100344172,0,0,1,1,0,0,0,0,0,1,near,0,0,0.0443174125742264,0.9847521554306844,water
312,312,312.0,0.8148850114656866,0.8148850114656866,0.912864100344172,0.912864100344172,0,0,1,1,0,0,0,0,0,1,near,0,0,0.04432325000829427,0.9847481383121656,water
441,441,441.0,0.7585774258481361,0.7585774258481361,0.5917344344554039,0.5917344344554039,0,0,1,1,0,0,0,0,0,1,near,0,0,0.044332990485611595,0.9847414340774081,water
441,441,441.0,0.7585774258481361,0.7585774258481361,0.5917344344554039,0.5917344344554039,0,0,1,1,0,0,0,0,0,1,near,0,0,0.04433786804674002,0.9847380763665323,water
441,441,441.0,0.7585774258481361,0.7585774258481361,0.5917344344554039,0.5917344344554039,0,0,1,1,0,0,0,0,0,1,near,0,0,0.04433987452203732,0.9847366950026097,water
312,312,312.0,0.8148850114656866,0.8148850114656866,0.912864100344172,0.912864100344172,0,0,1,1,0,0,0,0,0,1,near,0,0,0.044351825469548224,0.9847284660420413,water
312,312,312.0,0.8148850114656866,0.8148850114656866,0.912864100344172,0.912864100344172,0,0,1,1,0,0,0,0,0,1,near,0,0,0.04437437208252288,0.9847129352772387,water
441,441,441.0,0.7585774258481361,0.7585774258481361,0.5917344344554039,0.5917344344554039,0,0,1,1,0,0,0,0,0,1,near,0,0,0.04437622219432373,0.9847116605158339,water
441,441,441.0,0.7585774258481361,0.7585774258481361,0.5917344344554039,0.5917344344554039,0,0,1,1,0,0,0,0,0,1,near,0,0,0.04437790626642557,0.9847105001126596,water
312,312,312.0,0.8148850114656866,0.8148850114656866,0.912864100344172,0.912864100344172,0,0,1,1,0,0,0,0,0,1,near,0,0,0.04438170465848362,0.9847078826840683,water
312,312,312.0,0.8148850114656866,0.8148850114656866,0.912864100344172,0.912864100344172,0,0,1,1,0,0,0,0,0,1,near,0,0,0.04439173980163413,0.984700966503774,water
441,441,441.0,0.7585774258481361,0.7585774258481361,0.5917344344554039,0.5917344344554039,0,0,1,1,0,0,0,0,0,1,near,0,0,0.04439906015435165,0.9846959203597816,water
441,441,441.0,0.7585774258481361,0.7585774258481361,0.5917344344554039,0.5917344344554039,0,0,1,1,0,0,0,0,0,1,near,0,0,0.04439908213089828,0.9846959052094202,water
441,441,441.0,0.7585774258481361,0.7585774258481361,0.5917344344554039,0.5917344344554039,0,0,1,1,0,0,0,0,0,1,near,0,0,0.044409335043947805,0.9846888361591987,water
441,441,441.0,0.7585774258481361,0.7585774258481361,0.5917344344554039,0.5917344344554039,0,0,1,1,0,0,0,0,0,1,near,0,0,0.04442150259904798,0.9846804449076181,water
312,312,312.0,0.8148850114656866,0.8148850114656866,0.5365462994586958,0.5365462994586958,0,0,1,1,0,0,0,0,0,1,near,0,0,0.044431445169694925,0.9846735863910986,water
312,312,312.0,0.8148850114656866,0.8148850114656866,0.912864100344172,0.912864100344172,0,0,1,1,0,0,0,0,0,1,near,0,0,0.04443440902351323,0.9846715415886216,water
312,312,312.0,0.8148850114656866,0.8148850114656866,0.912864100344172,0.912864100344172,0,0,1,1,0,0,0,0,0,1,near,0,0,0.04443646231994974,0.9846701249119099,water
312,312,312.0,0.8148850114656866,0.8148850114656866,0.912864100344172,0.912864100344172,0,0,1,1,0,0,0,0,0,1,near,0,0,0.04443718656658024,0.9846696252006243,water
312,312,312.0,0.8148850114656866,0.8148850114656866,0.912864100344172,0.912864100344172,0,0,1,1,0,0,0,0,0,1,near,0,0,0.044440358753733936,0.9846674363782648,water
1,185,185.0,1.0,1.0,1.0,1.0,0,0,1,1,0,0,0,1,1,0,sub,0,0,0.04108642364448106,0.986894417074604,water
1,185,185.0,1.0,1.0,1.0,1.0,0,0,1,1,0,0,0,1,1,0,sub,0,0,0.04148262303324246,0.9866404422116898,water
185,185,185.0,1.0,1.0,1.0,1.0,0,0,1,1,0,0,0,1,0,0,sub,0,0,0.04171132613533378,0.9864927275994151,water
199,199,199.0,1.0,1.0,1.0,1.0,0,0,1,1,0,0,0,1,0,0,sub,0,0,0.041746524530975083,0.9864699215675118,water
1,185,185.0,1.0,1.0,1.0,1.0,0,0,1,1,0,0,0,1,1,0,sub,0,0,0.041786979401807214,0.9864436859566413,water
1,185,185.0,1.0,1.0,1.0,1.0,0,0,1,1,0,0,0,1,1,0,sub,0,0,0.041859193793557056,0.9863967906373167,water
1,185,185.0,1.0,1.0,1.0,1.0,0,0,1,1,0,0,0,1,1,0,sub,0,0,0.04187338669940256,0.9863875643821753,water
185,185,185.0,1.0,1.0,1.0,1.0,0,0,1,1,0,0,0,1,0,0,sub,0,0,0.04207560059681274,0.9862557732696233,water
1,185,185.0,1.0,1.0,1.0,1.0,0,0,1,1,0,0,0,1,1,0,sub,0,0,0.042166102411140244,0.9861965838493064,water
1,185,185.0,1.0,1.0,1.0,1.0,0,0,1,1,0,0,0,1,1,0,sub,0,0,0.042179519465001626,0.9861877980885915,water
1,185,185.0,1.0,1.0,1.0,1.0,0,0,1,1,0,0,0,1,1,0,sub,0,0,0.04218643559872893,0.9861832681713029,water
1,185,185.0,1.0,1.0,1.0,1.0,0,0,1,1,0,0,0,1,1,0,sub,0,0,0.042199282146383715,0.9861748519907485,water
185,185,185.0,1.0,1.0,1.0,1.0,0,0,1,1,0,0,0,1,0,0,sub,0,0,0.042244546237140204,0.9861451776295691,water
185,185,185.0,1.0,1.0,1.0,1.0,0,0,1,1,0,0,0,1,0,0,sub,0,0,0.042262254527586814,0.9861335597208435,water
199,199,199.0,1.0,1.0,1.0,1.0,0,0,1,1,0,0,0,1,0,0,sub,0,0,0.0422634008993378,0.9861328074509425,water
185,185,185.0,1.0,1.0,1.0,1.0,0,0,1,1,0,0,0,1,0,0,sub,0,0,0.04226935786339544,0.9861288980547528,water
185,185,185.0,1.0,1.0,1.0,1.0,0,0,1,1,0,0,0,1,0,0,sub,0,0,0.04227955090633283,0.9861222073552742,water
1,185,185.0,1.0,1.0,1.0,1.0,0,0,1,1,0,0,0,1,1,0,sub,0,0,0.04229361560002425,0.9861129726607771,water
185,185,185.0,1.0,1.0,1.0,1.0,0,0,1,1,0,0,0,1,0,0,sub,0,0,0.042376270379349705,0.986058640546099,water
185,185,185.0,1.0,1.0,1.0,1.0,0,0,1,1,0,0,0,1,0,0,sub,0,0,0.04239241502341324,0.9860480156770558,water
1,185,185.0,1.0,1.0,1.0,1.0,0,0,1,1,0,0,0,1,1,0,sub,0,0,0.04241872788016471,0.9860306903843679,water
185,185,185.0,1.0,1.0,1.0,1.0,0,0,1,1,0,0,0,1,0,0,sub,0,0,0.04242901664944519,0.9860239129800703,water
185,185,185.0,1.0,1.0,1.0,1.0,0,0,1,1,0,0,0,1,0,0,sub,0,0,0.04243598086870648,0.9860193245860843,water
199,199,199.0,1.0,1.0,1.0,1.0,0,0,1,1,0,0,0,1,0,0,sub,0,0,0.042458758260669416,0.9860043123828048,water
185,185,185.0,1.0,1.0,1.0,1.0,0,0,1,1,0,0,0,1,0,0,sub,0,0,0.04247301840602113,0.9859949096558609,water
200,200,200.0,1.0,1.0,1.0,1.0,0,0,1,1,0,0,0,1,0,0,sub,0,0,0.04247927422196623,0.985990783755559,water
185,185,185.0,1.0,1.0,1.0,1.0,0,0,1,1,0,0,0,1,0,0,sub,0,0,0.042481539228782214,0.9859892897650513,water
1,185,185.0,1.0,1.0,1.0,1.0,0,0,1,1,0,0,0,1,1,0,sub,0,0,0.042494102791326045,0.9859810014371612,water
185,185,185.0,1.0,1.0,1.0,1.0,0,0,1,1,0,0,0,1,0,0,sub,0,0,0.042506256097390484,0.9859729814281255,water
185,185,185.0,1.0,1.0,1.0,1.0,0,0,1,1,0,0,0,1,0,0,sub,0,0,0.042534241761834235,0.9859545048697032,water
200,200,200.0,1.0,1.0,1.0,1.0,0,0,1,1,0,0,0,1,0,0,sub,0,0,0.04254679307119892,0.9859462143556317,water
1,185,185.0,1.0,1.0,1.0,1.0,0,0,1,1,0,0,0,1,1,0,sub,0,0,0.04257278301170814,0.9859290394483785,water
185,185,185.0,1.0,1.0,1.0,1.0,0,0,1,1,0,0,0,1,0,0,sub,0,0,0.04257418100068312,0.9859281153194256,water
1,185,185.0,1.0,1.0,1.0,1.0,0,0,1,1,0,0,0,1,1,0,sub,0,0,0.04258984899730429,0.9859177560450368,water
1,185,185.0,1.0,1.0,1.0,1.0,0,0,1,1,0,0,0,1,1,0,sub,0,0,0.042610896818942326,0.9859038337698327,water
185,185,185.0,1.0,1.0,1.0,1.0,0,0,1,1,0,0,0,1,0,0,sub,0,0,0.04265364452070827,0.9858755367373024,water
1,185,185.0,1.0,1.0,1.0,1.0,0,0,1,1,0,0,0,1,1,0,sub,0,0,0.042658380460819934,0.9858724000146848,water
1,185,185.0,1.0,1.0,1.0,1.0,0,0,1,1,0,0,0,1,1,0,sub,0,0,0.042679958420516695,0.9858581040250164,water
185,185,185.0,1.0,1.0,1.0,1.0,0,0,1,1,0,0,0,1,0,0,sub,0,0,0.04269909883010435,0.98584541692846,water
1,185,185.0,1.0,1.0,1.0,1.0,0,0,1,1,0,0,0,1,1,0,sub,0,0,0.0427308532844856,0.9858243561470379,water
185,185,185.0,1.0,1.0,1.0,1.0,0,0,1,1,0,0,0,1,0,0,sub,0,0,0.04273213272184725,0.9858235072466064,water
1,185,185.0,1.0,1.0,1.0,1.0,0,0,1,1,0,0,0,1,1,0,sub,0,0,0.04273794047979575,0.9858196535080617,water
1,185,185.0,1.0,1.0,1.0,1.0,0,0,1,1,0,0,0,1,1,0,sub,0,0,0.042772592151737066,0.9857966495022441,water
205,205,205.0,1.0,1.0,1.0,1.0,0,0,1,1,0,0,0,1,0,0,sub,0,0,0.04277900371911485,0.9857923910479651,water
185,185,185.0,1.0,1.0,1.0,1.0,0,0,1,1,0,0,0,1,0,0,sub,0,0,0.042782342674998176,0.9857901731173592,water
199,199,199.0,1.0,1.0,1.0,1.0,0,0,1,1,0,0,0,1,0,0,sub,0,0,0.04278874358444321,0.9857859207733487,water
1,185,185.0,1.0,1.0,1.0,1.0,0,0,1,1,0,0,0,1,1,0,sub,0,0,0.04279778227231728,0.9857799149790919,water
1,185,185.0,1.0,1.0,1.0,1.0,0,0,1,1,0,0,0,1,1,0,sub,0,0,0.042802440884620166,0.9857768190491162,water
1,185,185.0,1.0,1.0,1.0,1.0,0,0,1,1,0,0,0,1,1,0,sub,0,0,0.04282986003149812,0.9857585905372812,water
185,185,185.0,1.0,1.0,1.0,1.0,0,0,1,1,0,0,0,1,0,0,sub,0,0,0.04283656215234444,0.9857541331276557,water
185,185,185.0,1.0,1.0,1.0,1.0,0,0,1,1,0,0,0,1,0,0,sub,0,0,0.042841662369269236,0.985750740636147,water
1,185,185.0,1.0,1.0,1.0,1.0,0,0,1,1,0,0,0,1,1,0,sub,0,0,0.04284937636929725,0.985745608777253,water
1,185,185.0,1.0,1.0,1.0,1.0,0,0,1,1,0,0,0,1,1,0,sub,0,0,0.04285630388080144,0.9857409993546727,water
1,185,185.0,1.0,1.0,1.0,1.0,0,0,1,1,0,0,0,1,1,0,sub,0,0,0.042868268193905684,0.9857330367939224,water
185,185,185.0,1.0,1.0,1.0,1.0,0,0,1,1,0,0,0,1,0,0,sub,0,0,0.042869022410282835,0.9857325347688856,water
1,185,185.0,1.0,1.0,1.0,1.0,0,0,1,1,0,0,0,1,1,0,sub,0,0,0.04290032928753674,0.9857116883461244,water
1,185,185.0,1.0,1.0,1.0,1.0,0,0,1,1,0,0,0,1,1,0,sub,0,0,0.04293174731384895,0.9856907526125942,water
1,185,185.0,1.0,1.0,1.0,1.0,0,0,1,1,0,0,0,1,1,0,sub,0,0,0.04293574339078199,0.9856880886858648,water
1,185,185.0,1.0,1.0,1.0,1.0,0,0,1,1,0,0,0,1,1,0,sub,0,0,0.04295624330531715,0.9856744188165826,water
185,185,185.0,1.0,1.0,1.0,1.0,0,0,1,1,0,0,0,1,0,0,sub,0,0,0.04296095661956247,0.9856712749350423,water
1,185,185.0,1.0,1.0,1.0,1.0,0,0,1,1,0,0,0,1,1,0,sub,0,0,0.04297119943492028,0.9856644415685232,water
1,185,185.0,1.0,1.0,1.0,1.0,0,0,1,1,0,0,0,1,1,0,sub,0,0,0.042988439812801094,0.9856529361869151,water
185,185,185.0,1.0,1.0,1.0,1.0,0,0,1,1,0,0,0,1,0,0,sub,0,0,0.042999340605805875,0.9856456591513966,water
205,205,205.0,1.0,1.0,1.0,1.0,0,0,1,1,0,0,0,1,0,0,sub,0,0,0.04300267706351721,0.9856434314656407,water
1,185,185.0,1.0,1.0,1.0,1.0,0,0,1,1,0,0,0,1,1,0,sub,0,0,0.04300488790580312,0.9856419552354676,water
1,185,185.0,1.0,1.0,1.0,1.0,0,0,1,1,0,0,0,1,1,0,sub,0,0,0.043011540659456275,0.9856375125812573,water
185,185,185.0,1.0,1.0,1.0,1.0,0,0,1,1,0,0,0,1,0,0,sub,0,0,0.04302946418974832,0.9856255399752526,water
1,185,185.0,1.0,1.0,1.0,1.0,0,0,1,1,0,0,0,1,1,0,sub,0,0,0.04303491009650243,0.9856219012163612,water
211,211,211.0,1.0,1.0,1.0,1.0,0,0,1,1,0,0,0,1,0,0,sub,0,0,0.04304092162802402,0.9856178839926301,water
1,185,185.0,1.0,1.0,1.0,1.0,0,0,1,1,0,0,0,1,1,0,sub,0,0,0.04304242530293311,0.9856168790696904,water
185,185,185.0,1.0,1.0,1.0,1.0,0,0,1,1,0,0,0,1,0,0,sub,0,0,0.04304364465624774,0.985616064136309,water
1,185,185.0,1.0,1.0,1.0,1.0,0,0,1,1,0,0,0,1,1,0,sub,0,0,0.043059833187378854,0.985605242627897,water
185,185,185.0,1.0,1.0,1.0,1.0,0,0,1,1,0,0,0,1,0,0,sub,0,0,0.04306256001433271,0.9856034194320165,water
202,202,202.0,1.0,1.0,1.0,1.0,0,0,1,1,0,0,0,1,0,0,sub,0,0,0.04306610653544619,0.9856010480040557,water
1,185,185.0,1.0,1.0,1.0,1.0,0,0,1,1,0,0,0,1,1,0,sub,0,0,0.04310402728450423,0.9855756795888088,water
205,205,205.0,1.0,1.0,1.0,1.0,0,0,1,1,0,0,0,1,0,0,sub,0,0,0.04312129616808054,0.9855641195642483,water
200,200,200.0,1.0,1.0,1.0,1.0,0,0,1,1,0,0,0,1,0,0,sub,0,0,0.043137655068319236,0.9855531644240317,water
1,185,185.0,1.0,1.0,1.0,1.0,0,0,1,1,0,0,0,1,1,0,sub,0,0,0.0431392905521641,0.9855520689535406,water
185,185,185.0,1.0,1.0,1.0,1.0,0,0,1,1,0,0,0,1,0,0,sub,0,0,0.04315236245107667,0.9855433117159591,water
1,185,185.0,1.0,1.0,1.0,1.0,0,0,1,1,0,0,0,1,1,0,sub,0,0,0.043171916655594327,0.9855302068441691,water
1,185,185.0,1.0,1.0,1.0,1.0,0,0,1,1,0,0,0,1,1,0,sub,0,0,0.04317201515584701,0.9855301408160648,water
1,185,185.0,1.0,1.0,1.0,1.0,0,0,1,1,0,0,0,1,1,0,sub,0,0,0.04317428221189816,0.9855286210888523,water
185,185,185.0,1.0,1.0,1.0,1.0,0,0,1,1,0,0,0,1,0,0,sub,0,0,0.043186233852508873,0.9855206079546327,water
1,185,185.0,1.0,1.0,1.0,1.0,0,0,1,1,0,0,0,1,1,0,sub,0,0,0.04320698904211434,0.9855066870953392,water
185,185,185.0,1.0,1.0,1.0,1.0,0,0,1,1,0,0,0,1,0,0,sub,0,0,0.04320850556532045,0.9855056696751686,water
1,185,185.0,1.0,1.0,1.0,1.0,0,0,1,1,0,0,0,1,1,0,sub,0,0,0.043211697040467484,0.9855035284299314,water
1,185,185.0,1.0,1.0,1.0,1.0,0,0,1,1,0,0,0,1,1,0,sub,0,0,0.04325216439978007,0.9854763640900586,water
185,185,185.0,1.0,1.0,1.0,1.0,0,0,1,1,0,0,0,1,0,0,sub,0,0,0.04325513527296744,0.985474368843672,water
1,185,185.0,1.0,1.0,1.0,1.0,0,0,1,1,0,0,0,1,1,0,sub,0,0,0.043263521772150745,0.9854687357089016,water
1,185,185.0,1.0,1.0,1.0,1.0,0,0,1,1,0,0,0,1,1,0,sub,0,0,0.043268788524269824,0.9854651975214277,water
1,185,185.0,1.0,1.0,1.0,1.0,0,0,1,1,0,0,0,1,1,0,sub,0,0,0.04327193526858449,0.9854630833429745,water
1,185,185.0,1.0,1.0,1.0,1.0,0,0,1,1,0,0,0,1,1,0,sub,0,0,0.04327248948493725,0.9854627109700508,water
1,185,185.0,1.0,1.0,1.0,1.0,0,0,1,1,0,0,0,1,1,0,sub,0,0,0.04328900114428619,0.9854516147487473,water
185,185,185.0,1.0,1.0,1.0,1.0,0,0,1,1,0,0,0,1,0,0,sub,0,0,0.043291759189161776,0.9854497608654715,water
185,185,185.0,1.0,1.0,1.0,1.0,0,0,1,1,0,0,0,1,0,0,sub,0,0,0.043301648117106316,0.9854431128242418,water
185,185,185.0,1.0,1.0,1.0,1.0,0,0,1,1,0,0,0,1,0,0,sub,0,0,0.04330209031532584,0.9854428155116572,water
185,185,185.0,1.0,1.0,1.0,1.0,0,0,1,1,0,0,0,1,0,0,sub,0,0,0.04332061743346137,0.9854303560496817,water
1,185,185.0,1.0,1.0,1.0,1.0,0,0,1,1,0,0,0,1,1,0,sub,0,0,0.04332352983240177,0.9854283969805608,water
185,185,185.0,1.0,1.0,1.0,1.0,0,0,1,1,0,0,0,1,0,0,sub,0,0,0.04332622699699527,0.9854265825746117,water
445,445,445.0,0.6200737292316048,0.6200737292316048,0.6593147670243307,0.6593147670243307,0,0,1,1,0,0,0,0,0,1,near,0,0,0.043330122918630955,0.985423961555017,water
441,441,441.0,0.7378600834439945,0.7378600834439945,0.7038687065726615,0.7038687065726615,0,0,1,1,0,0,0,0,0,1,near,0,0,0.0424119690732438,0.9860351416420708,water
441,441,441.0,0.7378600834439945,0.7378600834439945,0.7038687065726615,0.7038687065726615,0,0,1,1,0,0,0,0,0,1,near,0,0,0.04269393839712067,0.985848838048131,water
441,441,441.0,0.7378600834439945,0.7378600834439945,0.7038687065726615,0.7038687065726615,0,0,1,1,0,0,0,0,0,1,near,0,0,0.04270303912896451,0.9858428044208208,water
441,441,441.0,0.7378600834439945,0.7378600834439945,0.7038687065726615,0.7038687065726615,0,0,1,1,0,0,0,0,0,1,near,0,0,0.04281667257273946,0.9857673591434105,water
441,441,441.0,0.7378600834439945,0.7378600834439945,0.7038687065726615,0.7038687065726615,0,0,1,1,0,0,0,0,0,1,near,0,0,0.04295726154316598,0.9856737396593412,water
441,441,441.0,0.7378600834439945,0.7378600834439945,0.7038687065726615,0.7038687065726615,0,0,1,1,0,0,0,0,0,1,near,0,0,0.04299318887889478,0.9856497660826663,water
441,441,441.0,0.7378600834439945,0.7378600834439945,0.7038687065726615,0.7038687065726615,0,0,1,1,0,0,0,0,0,1,near,0,0,0.043059140633486585,0.9856057056610459,water
441,441,441.0,0.7378600834439945,0.7378600834439945,0.7038687065726615,0.7038687065726615,0,0,1,1,0,0,0,0,0,1,near,0,0,0.04310107765014356,0.9855776536510046,water
441,441,441.0,0.7378600834439945,0.7378600834439945,0.7038687065726615,0.7038687065726615,0,0,1,1,0,0,0,0,0,1,near,0,0,0.04310878129353294,0.9855724976526734,water
441,441,441.0,0.7378600834439945,0.7378600834439945,0.7038687065726615,0.7038687065726615,0,0,1,1,0,0,0,0,0,1,near,0,0,0.04314063597913859,0.985551167736157,water
441,441,441.0,0.7378600834439945,0.7378600834439945,0.7038687065726615,0.7038687065726615,0,0,1,1,0,0,0,0,0,1,near,0,0,0.043164449915746195,0.9855352116179377,water
441,441,441.0,0.7378600834439945,0.7378600834439945,0.7038687065726615,0.7038687065726615,0,0,1,1,0,0,0,0,0,1,near,0,0,0.04319152951076927,0.9855170567019989,water
441,441,441.0,0.7378600834439945,0.7378600834439945,0.7038687065726615,0.7038687065726615,0,0,1,1,0,0,0,0,0,1,near,0,0,0.043196912942757966,0.9855134461422377,water
441,441,441.0,0.7378600834439945,0.7378600834439945,0.7038687065726615,0.7038687065726615,0,0,1,1,0,0,0,0,0,1,near,0,0,0.04323014319367082,0.9854911493183309,water
441,441,441.0,0.7378600834439945,0.7378600834439945,0.7038687065726615,0.7038687065726615,0,0,1,1,0,0,0,0,0,1,near,0,0,0.04323735214375738,0.9854863099958799,water
441,441,441.0,0.7378600834439945,0.7378600834439945,0.7038687065726615,0.7038687065726615,0,0,1,1,0,0,0,0,0,1,near,0,0,0.04324055824580151,0.9854841575006831,water
441,441,441.0,0.7378600834439945,0.7378600834439945,0.7038687065726615,0.7038687065726615,0,0,1,1,0,0,0,0,0,1,near,0,0,0.04326151410811186,0.9854700843378918,water
441,441,441.0,0.7378600834439945,0.7378600834439945,0.7038687065726615,0.7038687065726615,0,0,1,1,0,0,0,0,0,1,near,0,0,0.043291939451942305,0.985449639693587,water
441,441,441.0,0.7378600834439945,0.7378600834439945,0.7038687065726615,0.7038687065726615,0,0,1,1,0,0,0,0,0,1,near,0,0,0.04330183026896353,0.9854429903545564,water
441,441,441.0,0.7378600834439945,0.7378600834439945,0.7038687065726615,0.7038687065726615,0,0,1,1,0,0,0,0,0,1,near,0,0,0.043303842254034185,0.9854416375634003,water
441,441,441.0,0.7378600834439945,0.7378600834439945,0.7038687065726615,0.7038687065726615,0,0,1,1,0,0,0,0,0,1,near,0,0,0.043322525593144416,0.985429072512137,water
441,441,441.0,0.7378600834439945,0.7378600834439945,0.7038687065726615,0.7038687065726615,0,0,1,1,0,0,0,0,0,1,near,0,0,0.04335698816955578,0.9854058812774136,water
441,441,441.0,0.7378600834439945,0.7378600834439945,0.7038687065726615,0.7038687065726615,0,0,1,1,0,0,0,0,0,1,near,0,0,0.0433646520129104,0.9854007214667518,water
441,441,441.0,0.7378600834439945,0.7378600834439945,0.7038687065726615,0.7038687065726615,0,0,1,1,0,0,0,0,0,1,near,0,0,0.04338116926224074,0.9853895978517098,water
441,441,441.0,0.7378600834439945,0.7378600834439945,0.7038687065726615,0.7038687065726615,0,0,1,1,0,0,0,0,0,1,near,0,0,0.04338631461178139,0.9853861318278347,water
437,437,437.0,0.75681078909814,0.75681078909814,0.6007060337124852,0.6007060337124852,0,0,1,1,0,0,0,0,0,1,near,0,0,0.0433914418831142,0.9853826775729401,water
438,438,438.0,0.7569930610595514,0.7569930610595514,0.5882140178718941,0.5882140178718941,0,0,1,1,0,0,0,0,0,1,near,0,0,0.04340106622943384,0.9853761925257025,water
441,441,441.0,0.7378600834439945,0.7378600834439945,0.7038687065726615,0.7038687065726615,0,0,1,1,0,0,0,0,0,1,near,0,0,0.04342058731722056,0.9853630344697034,water
441,441,441.0,0.7378600834439945,0.7378600834439945,0.7038687065726615,0.7038687065726615,0,0,1,1,0,0,0,0,0,1,near,0,0,0.04342813558033013,0.9853579450281711,water
441,441,441.0,0.7378600834439945,0.7378600834439945,0.7038687065726615,0.7038687065726615,0,0,1,1,0,0,0,0,0,1,near,0,0,0.04344791375603597,0.9853446053314165,water
441,441,441.0,0.7378600834439945,0.7378600834439945,0.7038687065726615,0.7038687065726615,0,0,1,1,0,0,0,0,0,1,near,0,0,0.043451141249535065,0.9853424279220195,water
441,441,441.0,0.7378600834439945,0.7378600834439945,0.7038687065726615,0.7038687065726615,0,0,1,1,0,0,0,0,0,1,near,0,0,0.04345224034042906,0.9853416863899315,water
441,441,441.0,0.7378600834439945,0.7378600834439945,0.7038687065726615,0.7038687065726615,0,0,1,1,0,0,0,0,0,1,near,0,0,0.04345629930269192,0.9853389477361724,water
441,441,441.0,0.7378600834439945,0.7378600834439945,0.7038687065726615,0.7038687065726615,0,0,1,1,0,0,0,0,0,1,near,0,0,0.04345874169681054,0.9853372996863078,water
441,441,441.0,0.7378600834439945,0.7378600834439945,0.7038687065726615,0.7038687065726615,0,0,1,1,0,0,0,0,0,1,near,0,0,0.0434595025248526,0.9853367862848246,water
441,441,441.0,0.7378600834439945,0.7378600834439945,0.7038687065726615,0.7038687065726615,0,0,1,1,0,0,0,0,0,1,near,0,0,0.04346486817018196,0.9853331653293832,water
441,441,441.0,0.7378600834439945,0.7378600834439945,0.7038687065726615,0.7038687065726615,0,0,1,1,0,0,0,0,0,1,near,0,0,0.04348066674930117,0.9853225012105415,water
441,441,441.0,0.7378600834439945,0.7378600834439945,0.7038687065726615,0.7038687065726615,0,0,1,1,0,0,0,0,0,1,near,0,0,0.04348237592692106,0.9853213472749016,water
441,441,441.0,0.7378600834439945,0.7378600834439945,0.7038687065726615,0.7038687065726615,0,0,1,1,0,0,0,0,0,1,near,0,0,0.043482642393072514,0.9853211673686291,water
438,438,438.0,0.7569930610595514,0.7569930610595514,0.5882140178718941,0.5882140178718941,0,0,1,1,0,0,0,0,0,1,near,0,0,0.043489782328418054,0.985316346386516,water
441,441,441.0,0.7378600834439945,0.7378600834439945,0.7038687065726615,0.7038687065726615,0,0,1,1,0,0,0,0,0,1,near,0,0,0.04350024509140085,0.9853092803558494,water
441,441,441.0,0.7378600834439945,0.7378600834439945,0.7038687065726615,0.7038687065726615,0,0,1,1,0,0,0,0,0,1,near,0,0,0.043509170753842565,0.9853032510630594,water
441,441,441.0,0.7378600834439945,0.7378600834439945,0.7038687065726615,0.7038687065726615,0,0,1,1,0,0,0,0,0,1,near,0,0,0.0435103542107878,0.9853024515439766,water
441,441,441.0,0.7378600834439945,0.7378600834439945,0.7038687065726615,0.7038687065726615,0,0,1,1,0,0,0,0,0,1,near,0,0,0.043525222233093706,0.9852924051622208,water
441,441,441.0,0.7378600834439945,0.7378600834439945,0.7038687065726615,0.7038687065726615,0,0,1,1,0,0,0,0,0,1,near,0,0,0.04352688169757669,0.9852912836425464,water
441,441,441.0,0.7378600834439945,0.7378600834439945,0.7038687065726615,0.7038687065726615,0,0,1,1,0,0,0,0,0,1,near,0,0,0.04352730998676243,0.9852909941839452,water
441,441,441.0,0.7378600834439945,0.7378600834439945,0.7038687065726615,0.7038687065726615,0,0,1,1,0,0,0,0,0,1,near,0,0,0.043547999197632074,0.9852770080200132,water
441,441,441.0,0.7378600834439945,0.7378600834439945,0.7038687065726615,0.7038687065726615,0,0,1,1,0,0,0,0,0,1,near,0,0,0.043549174723461696,0.9852762131503854,water
441,441,441.0,0.7378600834439945,0.7378600834439945,0.7038687065726615,0.7038687065726615,0,0,1,1,0,0,0,0,0,1,near,0,0,0.04355855711907583,0.9852698681725433,water
437,437,437.0,0.75681078909814,0.75681078909814,0.6007060337124852,0.6007060337124852,0,0,1,1,0,0,0,0,0,1,near,0,0,0.04356634155498482,0.9852646028000976,water
441,441,441.0,0.7378600834439945,0.7378600834439945,0.7038687065726615,0.7038687065726615,0,0,1,1,0,0,0,0,0,1,near,0,0,0.04356791129531949,0.985263540917772,water
441,441,441.0,0.7378600834439945,0.7378600834439945,0.7038687065726615,0.7038687065726615,0,0,1,1,0,0,0,0,0,1,near,0,0,0.0435717868978137,0.9852609190249101,water
441,441,441.0,0.7378600834439945,0.7378600834439945,0.7038687065726615,0.7038687065726615,0,0,1,1,0,0,0,0,0,1,near,0,0,0.04357358724357448,0.9852597009894771,water
441,441,441.0,0.7378600834439945,0.7378600834439945,0.7038687065726615,0.7038687065726615,0,0,1,1,0,0,0,0,0,1,near,0,0,0.04358552383052025,0.9852516239422716,water
441,441,441.0,0.7378600834439945,0.7378600834439945,0.7038687065726615,0.7038687065726615,0,0,1,1,0,0,0,0,0,1,near,0,0,0.04358743311713737,0.9852503317933509,water
438,438,438.0,0.7556095852487379,0.7556095852487379,0.595162272141173,0.595162272141173,0,0,1,1,0,0,0,0,0,1,near,0,0,0.04358774641887437,0.9852501197545614,water
441,441,441.0,0.7378600834439945,0.7378600834439945,0.7038687065726615,0.7038687065726615,0,0,1,1,0,0,0,0,0,1,near,0,0,0.0435888136772473,0.9852493974356894,water
441,441,441.0,0.7378600834439945,0.7378600834439945,0.7038687065726615,0.7038687065726615,0,0,1,1,0,0,0,0,0,1,near,0,0,0.04360008365613042,0.9852417688513758,water
441,441,441.0,0.7378600834439945,0.7378600834439945,0.7038687065726615,0.7038687065726615,0,0,1,1,0,0,0,0,0,1,near,0,0,0.0436091810022614,0.9852356094712637,water
441,441,441.0,0.7378600834439945,0.7378600834439945,0.7038687065726615,0.7038687065726615,0,0,1,1,0,0,0,0,0,1,near,0,0,0.04361099187528313,0.9852343832619659,water
441,441,441.0,0.7378600834439945,0.7378600834439945,0.7038687065726615,0.7038687065726615,0,0,1,1,0,0,0,0,0,1,near,0,0,0.04361281001508877,0.985233152080835,water
441,441,441.0,0.7378600834439945,0.7378600834439945,0.7038687065726615,0.7038687065726615,0,0,1,1,0,0,0,0,0,1,near,0,0,0.04362026996531829,0.9852280999242833,water
441,441,441.0,0.7378600834439945,0.7378600834439945,0.7038687065726615,0.7038687065726615,0,0,1,1,0,0,0,0,0,1,near,0,0,0.04362439461158833,0.9852253061890196,water
441,441,441.0,0.7378600834439945,0.7378600834439945,0.7038687065726615,0.7038687065726615,0,0,1,1,0,0,0,0,0,1,near,0,0,0.04363655422565848,0.9852170686139523,water
441,441,441.0,0.7378600834439945,0.7378600834439945,0.7038687065726615,0.7038687065726615,0,0,1,1,0,0,0,0,0,1,near,0,0,0.04364321517527453,0.9852125551559906,water
441,441,441.0,0.7378600834439945,0.7378600834439945,0.7038687065726615,0.7038687065726615,0,0,1,1,0,0,0,0,0,1,near,0,0,0.04364614223899753,0.9852105715603887,water
441,441,441.0,0.7378600834439945,0.7378600834439945,0.7038687065726615,0.7038687065726615,0,0,1,1,0,0,0,0,0,1,near,0,0,0.043651791425648984,0.9852067428761418,water
441,441,441.0,0.7378600834439945,0.7378600834439945,0.7038687065726615,0.7038687065726615,0,0,1,1,0,0,0,0,0,1,near,0,0,0.04365267437242015,0.9852061444223197,water
438,438,438.0,0.7556095852487379,0.7556095852487379,0.595162272141173,0.595162272141173,0,0,1,1,0,0,0,0,0,1,near,0,0,0.04365425430804171,0.9852050735251652,water
437,437,437.0,0.75681078909814,0.75681078909814,0.6007060337124852,0.6007060337124852,0,0,1,1,0,0,0,0,0,1,near,0,0,0.0436582869111955,0.9852023400081791,water
441,441,441.0,0.7378600834439945,0.7378600834439945,0.7038687065726615,0.7038687065726615,0,0,1,1,0,0,0,0,0,1,near,0,0,0.04366190124845218,0.9851998897999148,water
441,441,441.0,0.7378600834439945,0.7378600834439945,0.7038687065726615,0.7038687065726615,0,0,1,1,0,0,0,0,0,1,near,0,0,0.043667535272615986,0.9851960700139707,water
441,441,441.0,0.7378600834439945,0.7378600834439945,0.7038687065726615,0.7038687065726615,0,0,1,1,0,0,0,0,0,1,near,0,0,0.043673186524787806,0.9851922380525625,water
441,441,441.0,0.7378600834439945,0.7378600834439945,0.7038687065726615,0.7038687065726615,0,0,1,1,0,0,0,0,0,1,near,0,0,0.043690737357920235,0.9851803341453796,water
441,441,441.0,0.7378600834439945,0.7378600834439945,0.7038687065726615,0.7038687065726615,0,0,1,1,0,0,0,0,0,1,near,0,0,0.04369108804141227,0.9851800962444723,water
441,441,441.0,0.7378600834439945,0.7378600834439945,0.7038687065726615,0.7038687065726615,0,0,1,1,0,0,0,0,0,1,near,0,0,0.04369796367978754,0.9851754314800444,water
441,441,441.0,0.7378600834439945,0.7378600834439945,0.7038687065726615,0.7038687065726615,0,0,1,1,0,0,0,0,0,1,near,0,0,0.04369876075144545,0.9851748906607394,water
441,441,441.0,0.7378600834439945,0.7378600834439945,0.7038687065726615,0.7038687065726615,0,0,1,1,0,0,0,0,0,1,near,0,0,0.043700536951184726,0.9851736854599489,water
441,441,441.0,0.7378600834439945,0.7378600834439945,0.7038687065726615,0.7038687065726615,0,0,1,1,0,0,0,0,0,1,near,0,0,0.04371210677864343,0.9851658338123219,water
441,441,441.0,0.7378600834439945,0.7378600834439945,0.7038687065726615,0.7038687065726615,0,0,1,1,0,0,0,0,0,1,near,0,0,0.043716622903424034,0.9851627684644744,water
441,441,441.0,0.7378600834439945,0.7378600834439945,0.7038687065726615,0.7038687065726615,0,0,1,1,0,0,0,0,0,1,near,0,0,0.043721110626668364,0.985159722080647,water
441,441,441.0,0.7378600834439945,0.7378600834439945,0.7038687065726615,0.7038687065726615,0,0,1,1,0,0,0,0,0,1,near,0,0,0.04372358351315327,0.9851580432870386,water
441,441,441.0,0.7378600834439945,0.7378600834439945,0.7038687065726615,0.7038687065726615,0,0,1,1,0,0,0,0,0,1,near,0,0,0.043723984320390284,0.9851577711780095,water
441,441,441.0,0.7378600834439945,0.7378600834439945,0.7038687065726615,0.7038687065726615,0,0,1,1,0,0,0,0,0,1,near,0,0,0.04372838541097643,0.9851547831026045,water
441,441,441.0,0.7378600834439945,0.7378600834439945,0.7038687065726615,0.7038687065726615,0,0,1,1,0,0,0,0,0,1,near,0,0,0.043731364146148546,0.9851527605501867,water
441,441,441.0,0.7378600834439945,0.7378600834439945,0.7038687065726615,0.7038687065726615,0,0,1,1,0,0,0,0,0,1,near,0,0,0.04373558754642611,0.9851498926376769,water
438,438,438.0,0.7556095852487379,0.7556095852487379,0.595162272141173,0.595162272141173,0,0,1,1,0,0,0,0,0,1,near,0,0,0.04374396653986283,0.9851442020374889,water
441,441,441.0,0.7378600834439945,0.7378600834439945,0.7038687065726615,0.7038687065726615,0,0,1,1,0,0,0,0,0,1,near,0,0,0.04375170099422136,0.9851389482089787,water
441,441,441.0,0.7378600834439945,0.7378600834439945,0.7038687065726615,0.7038687065726615,0,0,1,1,0,0,0,0,0,1,near,0,0,0.04375188132133324,0.9851388257060355,water
441,441,441.0,0.7378600834439945,0.7378600834439945,0.7038687065726615,0.7038687065726615,0,0,1,1,0,0,0,0,0,1,near,0,0,0.043752846810008704,0.9851381698049237,water
441,441,441.0,0.7378600834439945,0.7378600834439945,0.7038687065726615,0.7038687065726615,0,0,1,1,0,0,0,0,0,1,near,0,0,0.04375424726952517,0.9851372183822783,water
441,441,441.0,0.7378600834439945,0.7378600834439945,0.7038687065726615,0.7038687065726615,0,0,1,1,0,0,0,0,0,1,near,0,0,0.04375534553440369,0.9851364722386725,water
441,441,441.0,0.7378600834439945,0.7378600834439945,0.7038687065726615,0.7038687065726615,0,0,1,1,0,0,0,0,0,1,near,0,0,0.04376257404337383,0.9851315608379176,water
441,441,441.0,0.7378600834439945,0.7378600834439945,0.7038687065726615,0.7038687065726615,0,0,1,1,0,0,0,0,0,1,near,0,0,0.043764435759273315,0.9851302957661534,water
441,441,441.0,0.7378600834439945,0.7378600834439945,0.7038687065726615,0.7038687065726615,0,0,1,1,0,0,0,0,0,1,near,0,0,0.043764754338198375,0.9851300792802534,water
441,441,441.0,0.7378600834439945,0.7378600834439945,0.7038687065726615,0.7038687065726615,0,0,1,1,0,0,0,0,0,1,near,0,0,0.04376574942400607,0.9851294030733141,water
441,441,441.0,0.7378600834439945,0.7378600834439945,0.7038687065726615,0.7038687065726615,0,0,1,1,0,0,0,0,0,1,near,0,0,0.04376621486283435,0.9851290867807747,water
441,441,441.0,0.7378600834439945,0.7378600834439945,0.7038687065726615,0.7038687065726615,0,0,1,1,0,0,0,0,0,1,near,0,0,0.043766474642291636,0.9851289102441817,water
437,437,437.0,0.75681078909814,0.75681078909814,0.6007060337124852,0.6007060337124852,0,0,1,1,0,0,0,0,0,1,near,0,0,0.04376675077550026,0.9851287225930301,water
441,441,441.0,0.7378600834439945,0.7378600834439945,0.7038687065726615,0.7038687065726615,0,0,1,1,0,0,0,0,0,1,near,0,0,0.04376830049432553,0.9851276694325297,water
138,138,138.0,1.0,1.0,1.0,1.0,0,0,1,1,0,0,0,1,0,0,sub,0,0,0.04056867267836455,0.9872226361943653,water
138,138,138.0,1.0,1.0,1.0,1.0,0,0,1,1,0,0,0,1,0,0,sub,0,0,0.04071912747265004,0.98712768704794,water
138,138,138.0,1.0,1.0,1.0,1.0,0,0,1,1,0,0,0,1,0,0,sub,0,0,0.041390958496086094,0.9866994184571345,water
138,138,138.0,1.0,1.0,1.0,1.0,0,0,1,1,0,0,0,1,0,0,sub,0,0,0.041481783027727315,0.9866409832569651,water
138,138,138.0,1.0,1.0,1.0,1.0,0,0,1,1,0,0,0,1,0,0,sub,0,0,0.04159891054260568,0.9865654359991145,water
138,138,138.0,1.0,1.0,1.0,1.0,0,0,1,1,0,0,0,1,0,0,sub,0,0,0.0416806343493051,0.9865125979719171,water
138,138,138.0,1.0,1.0,1.0,1.0,0,0,1,1,0,0,0,1,0,0,sub,0,0,0.04192232057601118,0.9863557303935684,water
92,92,92.0,1.0,1.0,1.0,1.0,0,0,1,1,0,0,0,1,0,0,sub,0,0,0.04195052260784766,0.9863373666412386,water
138,138,138.0,1.0,1.0,1.0,1.0,0,0,1,1,0,0,0,1,0,0,sub,0,0,0.04196123830475326,0.9863303858778321,water
138,138,138.0,1.0,1.0,1.0,1.0,0,0,1,1,0,0,0,1,0,0,sub,0,0,0.04227741137631509,0.9861236118736305,water
138,138,138.0,1.0,1.0,1.0,1.0,0,0,1,1,0,0,0,1,0,0,sub,0,0,0.04228061581140699,0.986121508259962,water
138,138,138.0,1.0,1.0,1.0,1.0,0,0,1,1,0,0,0,1,0,0,sub,0,0,0.04239190194462101,0.9860483533989781,water
138,138,138.0,1.0,1.0,1.0,1.0,0,0,1,1,0,0,0,1,0,0,sub,0,0,0.04241880105868761,0.9860306421861131,water
138,138,138.0,1.0,1.0,1.0,1.0,0,0,1,1,0,0,0,1,0,0,sub,0,0,0.04252046027054496,0.985963605138187,water
138,138,138.0,1.0,1.0,1.0,1.0,0,0,1,1,0,0,0,1,0,0,sub,0,0,0.042524404940258456,0.9859610006739049,water
138,138,138.0,1.0,1.0,1.0,1.0,0,0,1,1,0,0,0,1,0,0,sub,0,0,0.042536704270014956,0.9859528785025019,water
138,138,138.0,1.0,1.0,1.0,1.0,0,0,1,1,0,0,0,1,0,0,sub,0,0,0.042547671387037536,0.9859456341102575,water
138,138,138.0,1.0,1.0,1.0,1.0,0,0,1,1,0,0,0,1,0,0,sub,0,0,0.04255282862747618,0.9859422268198216,water
392,392,392.0,0.6467264885852073,0.6467264885852073,0.7126968558571378,0.7126968558571378,0,0,1,1,0,0,0,0,0,1,near,0,0,0.04261749786012669,0.9858994660334968,water
138,138,138.0,1.0,1.0,1.0,1.0,0,0,1,1,0,0,0,1,0,0,sub,0,0,0.042622965941367656,0.9858958474347745,water
138,138,138.0,1.0,1.0,1.0,1.0,0,0,1,1,0,0,0,1,0,0,sub,0,0,0.042740423693969944,0.9858180056111345,water
138,138,138.0,1.0,1.0,1.0,1.0,0,0,1,1,0,0,0,1,0,0,sub,0,0,0.042774679226976434,0.9857952633723478,water
138,138,138.0,1.0,1.0,1.0,1.0,0,0,1,1,0,0,0,1,0,0,sub,0,0,0.042787202076493974,0.9857869449081841,water
138,138,138.0,1.0,1.0,1.0,1.0,0,0,1,1,0,0,0,1,0,0,sub,0,0,0.04282417562344735,0.9857623705454536,water
138,138,138.0,1.0,1.0,1.0,1.0,0,0,1,1,0,0,0,1,0,0,sub,0,0,0.042830708805054574,0.9857580260782088,water
138,138,138.0,1.0,1.0,1.0,1.0,0,0,1,1,0,0,0,1,0,0,sub,0,0,0.04283894547967334,0.9857525478693318,water
138,138,138.0,1.0,1.0,1.0,1.0,0,0,1,1,0,0,0,1,0,0,sub,0,0,0.04283971419159995,0.9857520365456043,water
138,138,138.0,1.0,1.0,1.0,1.0,0,0,1,1,0,0,0,1,0,0,sub,0,0,0.042877149227265314,0.985727124798579,water
138,138,138.0,1.0,1.0,1.0,1.0,0,0,1,1,0,0,0,1,0,0,sub,0,0,0.043015535504896514,0.9856348445260801,water
138,138,138.0,1.0,1.0,1.0,1.0,0,0,1,1,0,0,0,1,0,0,sub,0,0,0.04304327007844994,0.9856163144812609,water
138,138,138.0,1.0,1.0,1.0,1.0,0,0,1,1,0,0,0,1,0,0,sub,0,0,0.043058959645330915,0.9856058266663085,water
138,138,138.0,1.0,1.0,1.0,1.0,0,0,1,1,0,0,0,1,0,0,sub,0,0,0.04306381446489105,0.9856025806494836,water
138,138,138.0,1.0,1.0,1.0,1.0,0,0,1,1,0,0,0,1,0,0,sub,0,0,0.043089621306149094,0.9855853196032788,water
138,138,138.0,1.0,1.0,1.0,1.0,0,0,1,1,0,0,0,1,0,0,sub,0,0,0.0431496908431719,0.9855451017179391,water
138,138,138.0,1.0,1.0,1.0,1.0,0,0,1,1,0,0,0,1,0,0,sub,0,0,0.043255975797602216,0.9854738043202059,water
138,138,138.0,1.0,1.0,1.0,1.0,0,0,1,1,0,0,0,1,0,0,sub,0,0,0.043256585128126475,0.9854733950673058,water
138,138,138.0,1.0,1.0,1.0,1.0,0,0,1,1,0,0,0,1,0,0,sub,0,0,0.04325916823275653,0.9854716600777901,water
138,138,138.0,1.0,1.0,1.0,1.0,0,0,1,1,0,0,0,1,0,0,sub,0,0,0.043317547317965714,0.9854324210666315,water
138,138,138.0,1.0,1.0,1.0,1.0,0,0,1,1,0,0,0,1,0,0,sub,0,0,0.04333668574474833,0.9854195458163237,water
392,392,392.0,0.6467264885852073,0.6467264885852073,0.7126968558571378,0.7126968558571378,0,0,1,1,0,0,0,0,0,1,near,0,0,0.043541832854642776,0.9852811772398343,water
138,138,138.0,1.0,1.0,1.0,1.0,0,0,1,1,0,0,0,1,0,0,sub,0,0,0.04358452604064074,0.9852522991945405,water
392,392,392.0,0.6467264885852073,0.6467264885852073,0.7126968558571378,0.7126968558571378,0,0,1,1,0,0,0,0,0,1,near,0,0,0.043632716857766894,0.9852196685008114,water
138,138,138.0,1.0,1.0,1.0,1.0,0,0,1,1,0,0,0,1,0,0,sub,0,0,0.04367172590993657,0.9851932285035491,water
138,138,138.0,1.0,1.0,1.0,1.0,0,0,1,1,0,0,0,1,0,0,sub,0,0,0.04369106469306909,0.985180112083863,water
138,138,138.0,1.0,1.0,1.0,1.0,0,0,1,1,0,0,0,1,0,0,sub,0,0,0.043708911130958684,0.9851680026867836,water
138,138,138.0,1.0,1.0,1.0,1.0,0,0,1,1,0,0,0,1,0,0,sub,0,0,0.04371901485581942,0.9851611447835918,water
138,138,138.0,1.0,1.0,1.0,1.0,0,0,1,1,0,0,0,1,0,0,sub,0,0,0.04373044163189477,0.9851533869493774,water
138,138,138.0,1.0,1.0,1.0,1.0,0,0,1,1,0,0,0,1,0,0,sub,0,0,0.043752891841468126,0.9851381392126174,water
392,392,392.0,0.6467264885852073,0.6467264885852073,0.7126968558571378,0.7126968558571378,0,0,1,1,0,0,0,0,0,1,near,0,0,0.043758219492484984,0.9851345196288559,water
138,138,138.0,1.0,1.0,1.0,1.0,0,0,1,1,0,0,0,1,0,0,sub,0,0,0.043767517670452415,0.9851282014299421,water
138,138,138.0,1.0,1.0,1.0,1.0,0,0,1,1,0,0,0,1,0,0,sub,0,0,0.043794806638463454,0.9851096505695748,water
138,138,138.0,1.0,1.0,1.0,1.0,0,0,1,1,0,0,0,1,0,0,sub,0,0,0.04382151962950596,0.9850914800552287,water
138,138,138.0,1.0,1.0,1.0,1.0,0,0,1,1,0,0,0,1,0,0,sub,0,0,0.04382703289083992,0.9850877284857819,water
138,138,138.0,1.0,1.0,1.0,1.0,0,0,1,1,0,0,0,1,0,0,sub,0,0,0.04388139334477004,0.9850507129486255,water
138,138,138.0,1.0,1.0,1.0,1.0,0,0,1,1,0,0,0,1,0,0,sub,0,0,0.04389329070319361,0.9850426055881503,water
138,138,138.0,1.0,1.0,1.0,1.0,0,0,1,1,0,0,0,1,0,0,sub,0,0,0.043902013900135074,0.9850366598383423,water
138,138,138.0,1.0,1.0,1.0,1.0,0,0,1,1,0,0,0,1,0,0,sub,0,0,0.04390427364914753,0.9850351193958714,water
138,138,138.0,1.0,1.0,1.0,1.0,0,0,1,1,0,0,0,1,0,0,sub,0,0,0.04395987928387593,0.9849971887539966,water
138,138,138.0,1.0,1.0,1.0,1.0,0,0,1,1,0,0,0,1,0,0,sub,0,0,0.04397812199395725,0.9849847342737063,water
138,138,138.0,1.0,1.0,1.0,1.0,0,0,1,1,0,0,0,1,0,0,sub,0,0,0.043980333862818105,0.9849832238575092,water
392,392,392.0,0.6467264885852073,0.6467264885852073,0.7126968558571378,0.7126968558571378,0,0,1,1,0,0,0,0,0,1,near,0,0,0.04398328103864287,0.9849812112050992,water
138,138,138.0,1.0,1.0,1.0,1.0,0,0,1,1,0,0,0,1,0,0,sub,0,0,0.04399133910252469,0.9849757075936006,water
138,138,138.0,1.0,1.0,1.0,1.0,0,0,1,1,0,0,0,1,0,0,sub,0,0,0.04401262876099682,0.9849611620280667,water
392,392,392.0,0.6467264885852073,0.6467264885852073,0.7126968558571378,0.7126968558571378,0,0,1,1,0,0,0,0,0,1,near,0,0,0.0440297955731854,0.9849494281570057,water
92,92,92.0,1.0,1.0,1.0,1.0,0,0,1,1,0,0,0,1,0,0,sub,0,0,0.04404114036384486,0.9849416712468525,water
392,392,392.0,0.6467264885852073,0.6467264885852073,0.7126968558571378,0.7126968558571378,0,0,1,1,0,0,0,0,0,1,near,0,0,0.04405039483151141,0.9849353420983749,water
392,392,392.0,0.6467264885852073,0.6467264885852073,0.7126968558571378,0.7126968558571378,0,0,1,1,0,0,0,0,0,1,near,0,0,0.04405523921777683,0.9849320284829124,water
392,392,392.0,0.6467264885852073,0.6467264885852073,0.7126968558571378,0.7126968558571378,0,0,1,1,0,0,0,0,0,1,near,0,0,0.04406154448527132,0.9849277150622373,water
392,392,392.0,0.6467264885852073,0.6467264885852073,0.7126968558571378,0.7126968558571378,0,0,1,1,0,0,0,0,0,1,near,0,0,0.04407079010199725,0.9849213890384081,water
138,138,138.0,1.0,1.0,1.0,1.0,0,0,1,1,0,0,0,1,0,0,sub,0,0,0.04407798060062418,0.9849164682472819,water
392,392,392.0,0.6467264885852073,0.6467264885852073,0.7126968558571378,0.7126968558571378,0,0,1,1,0,0,0,0,0,1,near,0,0,0.044082703234865114,0.9849132358932284,water
138,138,138.0,1.0,1.0,1.0,1.0,0,0,1,1,0,0,0,1,0,0,sub,0,0,0.04408864146033623,0.9849091710499042,water
392,392,392.0,0.6467264885852073,0.6467264885852073,0.7126968558571378,0.7126968558571378,0,0,1,1,0,0,0,0,0,1,near,0,0,0.04409784427924641,0.9849028704402342,water
392,392,392.0,0.6467264885852073,0.6467264885852073,0.7126968558571378,0.7126968558571378,0,0,1,1,0,0,0,0,0,1,near,0,0,0.044102176678727,0.9848999038548928,water
138,138,138.0,1.0,1.0,1.0,1.0,0,0,1,1,0,0,0,1,0,0,sub,0,0,0.04411635748319831,0.9848901915933471,water
138,138,138.0,1.0,1.0,1.0,1.0,0,0,1,1,0,0,0,1,0,0,sub,0,0,0.04414296238035188,0.9848719617967127,water
392,392,392.0,0.6467264885852073,0.6467264885852073,0.7126968558571378,0.7126968558571378,0,0,1,1,0,0,0,0,0,1,near,0,0,0.04417196671053069,0.9848520753757721,water
138,138,138.0,1.0,1.0,1.0,1.0,0,0,1,1,0,0,0,1,0,0,sub,0,0,0.04418808744513511,0.9848410167677475,water
392,392,392.0,0.6467264885852073,0.6467264885852073,0.7126968558571378,0.7126968558571378,0,0,1,1,0,0,0,0,0,1,near,0,0,0.044190318544255515,0.9848394859457571,water
392,392,392.0,0.6467264885852073,0.6467264885852073,0.7126968558571378,0.7126968558571378,0,0,1,1,0,0,0,0,0,1,near,0,0,0.0442084023406867,0.9848270752750258,water
392,392,392.0,0.6467264885852073,0.6467264885852073,0.7126968558571378,0.7126968558571378,0,0,1,1,0,0,0,0,0,1,near,0,0,0.04422204941769918,0.9848177061043806,water
138,138,138.0,1.0,1.0,1.0,1.0,0,0,1,1,0,0,0,1,0,0,sub,0,0,0.04422792635667384,0.984813670500208,water
392,392,392.0,0.6467264885852073,0.6467264885852073,0.7126968558571378,0.7126968558571378,0,0,1,1,0,0,0,0,0,1,near,0,0,0.04423528520017735,0.9848086165386754,water
138,138,138.0,1.0,1.0,1.0,1.0,0,0,1,1,0,0,0,1,0,0,sub,0,0,0.04423696454015398,0.9848074630711804,water
392,392,392.0,0.6467264885852073,0.6467264885852073,0.7126968558571378,0.7126968558571378,0,0,1,1,0,0,0,0,0,1,near,0,0,0.04424473617787591,0.9848021244921988,water
392,392,392.0,0.6467264885852073,0.6467264885852073,0.7126968558571378,0.7126968558571378,0,0,1,1,0,0,0,0,0,1,near,0,0,0.04424852680914115,0.984799520249757,water
392,392,392.0,0.6467264885852073,0.6467264885852073,0.7126968558571378,0.7126968558571378,0,0,1,1,0,0,0,0,0,1,near,0,0,0.04425380908035016,0.9847958908476085,water
392,392,392.0,0.6467264885852073,0.6467264885852073,0.7126968558571378,0.7126968558571378,0,0,1,1,0,0,0,0,0,1,near,0,0,0.044266313157837044,0.9847872976791773,water
392,392,392.0,0.6467264885852073,0.6467264885852073,0.7126968558571378,0.7126968558571378,0,0,1,1,0,0,0,0,0,1,near,0,0,0.044272121312792574,0.9847833053191749,water
392,392,392.0,0.6467264885852073,0.6467264885852073,0.7126968558571378,0.7126968558571378,0,0,1,1,0,0,0,0,0,1,near,0,0,0.04428186504307637,0.9847766065805437,water
138,138,138.0,1.0,1.0,1.0,1.0,0,0,1,1,0,0,0,1,0,0,sub,0,0,0.04428838738794149,0.984772121695625,water
392,392,392.0,0.6467264885852073,0.6467264885852073,0.7126968558571378,0.7126968558571378,0,0,1,1,0,0,0,0,0,1,near,0,0,0.044290871741158935,0.9847704132347048,water
92,92,92.0,1.0,1.0,1.0,1.0,0,0,1,1,0,0,0,1,0,0,sub,0,0,0.04429442755101973,0.9847679677787238,water
401,401,401.0,0.5685796895408874,0.5685796895408874,0.5729822915282594,0.5729822915282594,0,0,1,1,0,0,0,0,0,1,near,0,0,0.044304411754103906,0.9847611002402417,water
138,138,138.0,1.0,1.0,1.0,1.0,0,0,1,1,0,0,0,1,0,0,sub,0,0,0.04431318622805209,0.9847550635245021,water
392,392,392.0,0.6467264885852073,0.6467264885852073,0.7126968558571378,0.7126968558571378,0,0,1,1,0,0,0,0,0,1,near,0,0,0.04431747568773433,0.984752112000999,water
392,392,392.0,0.6467264885852073,0.6467264885852073,0.7126968558571378,0.7126968558571378,0,0,1,1,0,0,0,0,0,1,near,0,0,0.044332119867301234,0.9847420333718069,water
138,138,138.0,1.0,1.0,1.0,1.0,0,0,1,1,0,0,0,1,0,0,sub,0,0,0.04433227232030075,0.9847419284308844,water
138,138,138.0,1.0,1.0,1.0,1.0,0,0,1,1,0,0,0,1,0,0,sub,0,0,0.04434261710612125,0.9847348067612726,water
392,392,392.0,0.6467264885852073,0.6467264885852073,0.6012814057819643,0.6012814057819643,0,0,1,1,0,0,0,0,0,1,near,0,0,0.04435119772823462,0.9847288983356322,water
193,192,192.0,1.0,1.0,1.0,1.0,0,0,1,1,0,0,0,1,1,0,sub,0,0,0.041078217788307954,0.986899651494138,water
102,101,101.0,1.258254776210455,1.258254776210455,0.8919433570372421,0.8919433570372421,0,0,1,1,0,1,0,0,1,0,super,1,0,0.041299698276470224,0.986758004965256,water
102,101,101.0,1.258254776210455,1.258254776210455,0.8919433570372421,0.8919433570372421,0,0,1,1,0,1,0,0,1,0,super,1,0,0.04147515438723584,0.9866452523619886,water
193,192,192.0,1.0,1.0,1.0,1.0,0,0,1,1,0,0,0,1,1,0,sub,0,0,0.04147839685257622,0.9866431641721005,water
102,101,101.0,1.258254776210455,1.258254776210455,0.8919433570372421,0.8919433570372421,0,0,1,1,0,1,0,0,1,0,super,1,0,0.04155581104681124,0.9865932599479716,water
102,101,101.0,1.258254776210455,1.258254776210455,0.8919433570372421,0.8919433570372421,0,0,1,1,0,1,0,0,1,0,super,1,0,0.04159544445799789,0.986567674682529,water
102,101,101.0,1.258254776210455,1.258254776210455,0.8919433570372421,0.8919433570372421,0,0,1,1,0,1,0,0,1,0,super,1,0,0.041702218780401944,0.9864986253785342,water
102,101,101.0,1.258254776210455,1.258254776210455,0.8919433570372421,0.8919433570372421,0,0,1,1,0,1,0,0,1,0,super,1,0,0.04175124262014351,0.9864668631225506,water
102,101,101.0,1.258254776210455,1.258254776210455,0.8919433570372421,0.8919433570372421,0,0,1,1,0,1,0,0,1,0,super,1,0,0.0418553672730349,0.9863992775739197,water
102,101,101.0,1.258254776210455,1.258254776210455,0.8919433570372421,0.8919433570372421,0,0,1,1,0,1,0,0,1,0,super,1,0,0.04187142717571799,0.9863888383782851,water
102,101,101.0,1.258254776210455,1.258254776210455,0.8919433570372421,0.8919433570372421,0,0,1,1,0,1,0,0,1,0,super,1,0,0.041878343494851915,0.9863843414256442,water
102,101,101.0,1.258254776210455,1.258254776210455,0.8919433570372421,0.8919433570372421,0,0,1,1,0,1,0,0,1,0,super,1,0,0.0419045465164285,0.9863672976278025,water
193,192,192.0,1.0,1.0,1.0,1.0,0,0,1,1,0,0,0,1,1,0,sub,0,0,0.04196072343236312,0.9863307213333143,water
193,192,192.0,1.0,1.0,1.0,1.0,0,0,1,1,0,0,0,1,1,0,sub,0,0,0.04200656725619555,0.9863008365137295,water
102,101,101.0,1.258254776210455,1.258254776210455,0.8919433570372421,0.8919433570372421,0,0,1,1,0,1,0,0,1,0,super,1,0,0.04201042102190317,0.9862983228216285,water
102,101,101.0,1.258254776210455,1.258254776210455,0.8919433570372421,0.8919433570372421,0,0,1,1,0,1,0,0,1,0,super,1,0,0.04202005272308642,0.9862920393526478,water
102,101,101.0,1.258254776210455,1.258254776210455,0.8919433570372421,0.8919433570372421,0,0,1,1,0,1,0,0,1,0,super,1,0,0.0420603501268454,0.9862657347640643,water
102,101,101.0,1.258254776210455,1.258254776210455,0.8919433570372421,0.8919433570372421,0,0,1,1,0,1,0,0,1,0,super,1,0,0.04209413067974705,0.9862436646965579,water
102,101,101.0,1.258254776210455,1.258254776210455,0.8919433570372421,0.8919433570372421,0,0,1,1,0,1,0,0,1,0,super,1,0,0.04210086635033747,0.9862392619185477,water
102,101,101.0,1.258254776210455,1.258254776210455,0.8919433570372421,0.8919433570372421,0,0,1,1,0,1,0,0,1,0,super,1,0,0.04212982900603032,0.9862203224219971,water
102,101,101.0,1.258254776210455,1.258254776210455,0.8919433570372421,0.8919433570372421,0,0,1,1,0,1,0,0,1,0,super,1,0,0.04217086725785609,0.9861934640504878,water
102,101,101.0,1.258254776210455,1.258254776210455,0.8919433570372421,0.8919433570372421,0,0,1,1,0,1,0,0,1,0,super,1,0,0.042188229065704276,0.9861820933681406,water
102,101,101.0,1.258254776210455,1.258254776210455,0.8919433570372421,0.8919433570372421,0,0,1,1,0,1,0,0,1,0,super,1,0,0.04219799507245418,0.9861756953091801,water
102,101,101.0,1.258254776210455,1.258254776210455,0.8919433570372421,0.8919433570372421,0,0,1,1,0,1,0,0,1,0,super,1,0,0.04226484784696444,0.9861318579085773,water
283,282,282.0,1.258254776210455,1.258254776210455,0.8919433570372421,0.8919433570372421,0,0,1,1,0,1,0,0,1,0,super,1,0,0.04228322991235586,0.9861197920645248,water
102,101,101.0,1.258254776210455,1.258254776210455,0.8919433570372421,0.8919433570372421,0,0,1,1,0,1,0,0,1,0,super,1,0,0.04228741553966156,0.986117043918132,water
102,101,101.0,1.258254776210455,1.258254776210455,0.8919433570372421,0.8919433570372421,0,0,1,1,0,1,0,0,1,0,super,1,0,0.04234082867522245,0.9860819507104001,water
102,101,101.0,1.258254776210455,1.258254776210455,0.8919433570372421,0.8919433570372421,0,0,1,1,0,1,0,0,1,0,super,1,0,0.042350624001036674,0.9860755102319504,water
102,101,101.0,1.258254776210455,1.258254776210455,0.8919433570372421,0.8919433570372421,0,0,1,1,0,1,0,0,1,0,super,1,0,0.042398835793405865,0.9860437890121524,water
102,101,101.0,1.258254776210455,1.258254776210455,0.8919433570372421,0.8919433570372421,0,0,1,1,0,1,0,0,1,0,super,1,0,0.042408961657138956,0.9860371220571192,water
102,101,101.0,1.258254776210455,1.258254776210455,0.8919433570372421,0.8919433570372421,0,0,1,1,0,1,0,0,1,0,super,1,0,0.04240992110361048,0.9860364902668093,water
102,101,101.0,1.258254776210455,1.258254776210455,0.8919433570372421,0.8919433570372421,0,0,1,1,0,1,0,0,1,0,super,1,0,0.04241628408342516,0.986032299917309,water
193,192,192.0,1.0,1.0,1.0,1.0,0,0,1,1,0,0,0,1,1,0,sub,0,0,0.04241703755157727,0.9860318036781465,water
102,101,101.0,1.258254776210455,1.258254776210455,0.8919433570372421,0.8919433570372421,0,0,1,1,0,1,0,0,1,0,super,1,0,0.04244482435940615,0.9860134969439138,water
102,101,101.0,1.258254776210455,1.258254776210455,0.8919433570372421,0.8919433570372421,0,0,1,1,0,1,0,0,1,0,super,1,0,0.04244902126006704,0.9860107308650383,water
102,101,101.0,1.258254776210455,1.258254776210455,0.8919433570372421,0.8919433570372421,0,0,1,1,0,1,0,0,1,0,super,1,0,0.04245820469136551,0.986004677326711,water
193,192,192.0,1.0,1.0,1.0,1.0,0,0,1,1,0,0,0,1,1,0,sub,0,0,0.04251251591086076,0.9859688496605499,water
102,101,101.0,1.258254776210455,1.258254776210455,0.8919433570372421,0.8919433570372421,0,0,1,1,0,1,0,0,1,0,super,1,0,0.04254923286986685,0.9859446025119116,water
102,101,101.0,1.258254776210455,1.258254776210455,0.8919433570372421,0.8919433570372421,0,0,1,1,0,1,0,0,1,0,super,1,0,0.042564092235209794,0.9859347837330024,water
102,101,101.0,1.258254776210455,1.258254776210455,0.8919433570372421,0.8919433570372421,0,0,1,1,0,1,0,0,1,0,super,1,0,0.042577586566643906,0.9859258639714468,water
102,101,101.0,1.258254776210455,1.258254776210455,0.8919433570372421,0.8919433570372421,0,0,1,1,0,1,0,0,1,0,super,1,0,0.042625204753204124,0.9858943657277979,water
193,192,192.0,1.0,1.0,1.0,1.0,0,0,1,1,0,0,0,1,1,0,sub,0,0,0.042658140333820274,0.9858725590647289,water
102,101,101.0,1.258254776210455,1.258254776210455,0.8919433570372421,0.8919433570372421,0,0,1,1,0,1,0,0,1,0,super,1,0,0.042661100256132116,0.9858705984739458,water
102,101,101.0,1.258254776210455,1.258254776210455,0.8919433570372421,0.8919433570372421,0,0,1,1,0,1,0,0,1,0,super,1,0,0.04272309780869191,0.985829501323302,water
102,101,101.0,1.258254776210455,1.258254776210455,0.8919433570372421,0.8919433570372421,0,0,1,1,0,1,0,0,1,0,super,1,0,0.04273243060307327,0.9858233096002222,water
102,101,101.0,1.258254776210455,1.258254776210455,0.8919433570372421,0.8919433570372421,0,0,1,1,0,1,0,0,1,0,super,1,0,0.04274011012054013,0.9858182137082905,water
193,192,192.0,1.0,1.0,1.0,1.0,0,0,1,1,0,0,0,1,1,0,sub,0,0,0.04276143112847711,0.9858040609418969,water
102,101,101.0,1.258254776210455,1.258254776210455,0.8919433570372421,0.8919433570372421,0,0,1,1,0,1,0,0,1,0,super,1,0,0.04279237031494585,0.9857835111293597,water
102,101,101.0,1.258254776210455,1.258254776210455,0.8919433570372421,0.8919433570372421,0,0,1,1,0,1,0,0,1,0,super,1,0,0.04279866622479977,0.9857793275650438,water
102,101,101.0,1.258254776210455,1.258254776210455,0.8919433570372421,0.8919433570372421,0,0,1,1,0,1,0,0,1,0,super,1,0,0.04280666415251686,0.9857740121406459,water
193,192,192.0,1.0,1.0,1.0,1.0,0,0,1,1,0,0,0,1,1,0,sub,0,0,0.04282382485433588,0.9857626037828765,water
102,101,101.0,1.258254776210455,1.258254776210455,0.8919433570372421,0.8919433570372421,0,0,1,1,0,1,0,0,1,0,super,1,0,0.04282405887360583,0.9857624481763101,water
193,192,192.0,1.0,1.0,1.0,1.0,0,0,1,1,0,0,0,1,1,0,sub,0,0,0.04282868482731699,0.9857593720637358,water
103,101,101.0,1.258254776210455,1.258254776210455,0.8919433570372421,0.8919433570372421,5,0,2,1,1,1,0,0,0,0,super,1,1,0.04283017850845701,0.9857583787421628,water
102,101,101.0,1.258254776210455,1.258254776210455,0.8919433570372421,0.8919433570372421,0,0,1,1,0,1,0,0,1,0,super,1,0,0.042839582791944775,0.9857521239492973,water
102,101,101.0,1.258254776210455,1.258254776210455,0.8919433570372421,0.8919433570372421,0,0,1,1,0,1,0,0,1,0,super,1,0,0.04285169634392753,0.9857440651972035,water
102,101,101.0,1.258254776210455,1.258254776210455,0.8919433570372421,0.8919433570372421,0,0,1,1,0,1,0,0,1,0,super,1,0,0.04286154987505002,0.9857375082830283,water
102,101,101.0,1.258254776210455,1.258254776210455,0.8919433570372421,0.8919433570372421,0,0,1,1,0,1,0,0,1,0,super,1,0,0.04287112834419012,0.9857311329605343,water
193,192,192.0,1.0,1.0,1.0,1.0,0,0,1,1,0,0,0,1,1,0,sub,0,0,0.04287248120168629,0.9857302323988248,water
102,101,101.0,1.258254776210455,1.258254776210455,0.8919433570372421,0.8919433570372421,0,0,1,1,0,1,0,0,1,0,super,1,0,0.04290692344962498,0.9857072955274324,water
193,192,192.0,1.0,1.0,1.0,1.0,0,0,1,1,0,0,0,1,1,0,sub,0,0,0.04294439287428076,0.9856823217839833,water
102,101,101.0,1.258254776210455,1.258254776210455,0.8919433570372421,0.8919433570372421,0,0,1,1,0,1,0,0,1,0,super,1,0,0.04296699028608906,0.9856672498468375,water
193,192,192.0,1.0,1.0,1.0,1.0,0,0,1,1,0,0,0,1,1,0,sub,0,0,0.042973140829589265,0.9856631462076411,water
102,101,101.0,1.258254776210455,1.258254776210455,0.8919433570372421,0.8919433570372421,0,0,1,1,0,1,0,0,1,0,super,1,0,0.04300024285784641,0.9856450567528938,water
102,101,101.0,1.258254776210455,1.258254776210455,0.8919433570372421,0.8919433570372421,0,0,1,1,0,1,0,0,1,0,super,1,0,0.043004178692197914,0.9856424288019491,water
102,101,101.0,1.258254776210455,1.258254776210455,0.8919433570372421,0.8919433570372421,0,0,1,1,0,1,0,0,1,0,super,1,0,0.04300625723979561,0.9856410408616494,water
102,101,101.0,1.258254776210455,1.258254776210455,0.8919433570372421,0.8919433570372421,0,0,1,1,0,1,0,0,1,0,super,1,0,0.04302904607130173,0.9856258193279152,water
102,101,101.0,1.258254776210455,1.258254776210455,0.8919433570372421,0.8919433570372421,0,0,1,1,0,1,0,0,1,0,super,1,0,0.04303036460654905,0.9856249383809278,water
102,101,101.0,1.258254776210455,1.258254776210455,0.8919433570372421,0.8919433570372421,0,0,1,1,0,1,0,0,1,0,super,1,0,0.04304094999435167,0.9856178650354175,water
102,101,101.0,1.258254776210455,1.258254776210455,0.8919433570372421,0.8919433570372421,0,0,1,1,0,1,0,0,1,0,super,1,0,0.04305939118439561,0.9856055381466008,water
193,192,192.0,1.0,1.0,1.0,1.0,0,0,1,1,0,0,0,1,1,0,sub,0,0,0.04305941037575502,0.9856055253155159,water
102,101,101.0,1.258254776210455,1.258254776210455,0.8919433570372421,0.8919433570372421,0,0,1,1,0,1,0,0,1,0,super,1,0,0.043075705913363106,0.98559462827413,water
102,101,101.0,1.258254776210455,1.258254776210455,0.8919433570372421,0.8919433570372421,0,0,1,1,0,1,0,0,1,0,super,1,0,0.04308673874670011,0.985587248131871,water
102,101,101.0,1.258254776210455,1.258254776210455,0.8919433570372421,0.8919433570372421,0,0,1,1,0,1,0,0,1,0,super,1,0,0.04310363650526068,0.9855759411281508,water
103,101,101.0,1.258254776210455,1.258254776210455,0.8919433570372421,0.8919433570372421,5,0,2,1,1,1,0,0,0,0,super,1,1,0.04311042443017863,0.9855713977927889,water
102,101,101.0,1.258254776210455,1.258254776210455,0.8919433570372421,0.8919433570372421,0,0,1,1,0,1,0,0,1,0,super,1,0,0.0431210748409556,0.985564267752916,water
102,101,101.0,1.258254776210455,1.258254776210455,0.8919433570372421,0.8919433570372421,0,0,1,1,0,1,0,0,1,0,super,1,0,0.043139846170209155,0.985551696783169,water
113,100,100.0,1.685939372986478,1.685939372986478,0.6771678012829032,0.6771678012829032,3,0,2,1,1,1,0,0,0,0,super,1,0,0.04314061752563458,0.9855511800971953,water
193,192,192.0,1.0,1.0,1.0,1.0,0,0,1,1,0,0,0,1,1,0,sub,0,0,0.04315953017743409,0.9855385087255464,water
102,101,101.0,1.258254776210455,1.258254776210455,0.8919433570372421,0.8919433570372421,0,0,1,1,0,1,0,0,1,0,super,1,0,0.04316153452482261,0.9855371654984442,water
193,192,192.0,1.0,1.0,1.0,1.0,0,0,1,1,0,0,0,1,1,0,sub,0,0,0.04317315547516952,0.985529376409869,water
102,101,101.0,1.258254776210455,1.258254776210455,0.8919433570372421,0.8919433570372421,0,0,1,1,0,1,0,0,1,0,super,1,0,0.04317524303977378,0.9855279769711849,water
102,101,101.0,1.258254776210455,1.258254776210455,0.8919433570372421,0.8919433570372421,0,0,1,1,0,1,0,0,1,0,super,1,0,0.0432093637018286,0.9855050939441933,water
103,101,101.0,1.258254776210455,1.258254776210455,0.8919433570372421,0.8919433570372421,5,0,2,1,1,1,0,0,0,0,super,1,1,0.043212501135894914,0.985502988916061,water
102,101,101.0,1.258254776210455,1.258254776210455,0.8919433570372421,0.8919433570372421,0,0,1,1,0,1,0,0,1,0,super,1,0,0.04322189489749561,0.9854966853573969,water
102,101,101.0,1.258254776210455,1.258254776210455,0.8919433570372421,0.8919433570372421,0,0,1,1,0,1,0,0,1,0,super,1,0,0.043231053936390644,0.9854905379870539,water
102,101,101.0,1.258254776210455,1.258254776210455,0.8919433570372421,0.8919433570372421,0,0,1,1,0,1,0,0,1,0,super,1,0,0.043238890223601945,0.9854852773881919,water
102,101,101.0,1.258254776210455,1.258254776210455,0.8919433570372421,0.8919433570372421,0,0,1,1,0,1,0,0,1,0,super,1,0,0.04324562019754402,0.9854807587103764,water
102,101,101.0,1.258254776210455,1.258254776210455,0.8919433570372421,0.8919433570372421,0,0,1,1,0,1,0,0,1,0,super,1,0,0.04327041411657257,0.9854641053666585,water
102,101,101.0,1.258254776210455,1.258254776210455,0.8919433570372421,0.8919433570372421,0,0,1,1,0,1,0,0,1,0,super,1,0,0.04327923553321854,0.9854581779792666,water
102,101,101.0,1.258254776210455,1.258254776210455,0.8919433570372421,0.8919433570372421,0,0,1,1,0,1,0,0,1,0,super,1,0,0.04329283632252378,0.9854490368134459,water
193,192,192.0,1.0,1.0,1.0,1.0,0,0,1,1,0,0,0,1,1,0,sub,0,0,0.0432986712564727,0.9854451142415886,water
102,101,101.0,1.258254776210455,1.258254776210455,0.8919433570372421,0.8919433570372421,0,0,1,1,0,1,0,0,1,0,super,1,0,0.04330469562997558,0.9854410637631084,water
102,101,101.0,1.258254776210455,1.258254776210455,0.8919433570372421,0.8919433570372421,0,0,1,1,0,1,0,0,1,0,super,1,0,0.0433069123916754,0.9854395731848783,water
102,101,101.0,1.258254776210455,1.258254776210455,0.8919433570372421,0.8919433570372421,0,0,1,1,0,1,0,0,1,0,super,1,0,0.04330902013925374,0.9854381558383394,water
102,101,101.0,1.258254776210455,1.258254776210455,0.8919433570372421,0.8919433570372421,0,0,1,1,0,1,0,0,1,0,super,1,0,0.04331631104408178,0.9854332525661743,water
102,101,101.0,1.258254776210455,1.258254776210455,0.8919433570372421,0.8919433570372421,0,0,1,1,0,1,0,0,1,0,super,1,0,0.04333197708749497,0.985422714061907,water
193,192,192.0,1.0,1.0,1.0,1.0,0,0,1,1,0,0,0,1,1,0,sub,0,0,0.04335341168972477,0.9854082888901506,water
102,101,101.0,1.258254776210455,1.258254776210455,0.8919433570372421,0.8919433570372421,0,0,1,1,0,1,0,0,1,0,super,1,0,0.04336186811307204,0.9854025958793287,water
102,101,101.0,1.258254776210455,1.258254776210455,0.8919433570372421,0.8919433570372421,0,0,1,1,0,1,0,0,1,0,super,1,0,0.04338230574206987,0.9853888323285522,water
